name,model,logl,k,AIC,AICc,BIC
PF01676,m1,-5764.1027,55,11638.2055,11721.4487,11795.9199
PF01676,m2,-5897.0184,54,11902.0367,11981.2367,12056.8836
PF01676,m3,-5961.4571,72,12066.9142,12251.3352,12273.3767
PF01676,m4,-6126.4748,72,12396.9496,12581.3707,12603.4121
PF01676,m5,-6615.1360,53,13336.2720,13411.5878,13488.2513
PF01676,poisson,-6339.0982,53,12784.1964,12859.5122,12936.1757
PF01676,GTR20,-5705.6701,261,11933.3402,148697.3402,12681.7667
PF00756,m1,-11272.1436,41,22626.2872,22637.9618,22782.9106
PF00756,m2,-11393.8046,40,22867.6092,22878.6903,23020.4126
PF00756,m3,-11454.8910,59,23027.7820,23053.3416,23253.1669
PF00756,m4,-11812.6868,39,23703.3735,23713.8786,23852.3567
PF00756,m5,-12557.9572,39,25193.9144,25204.4194,25342.8976
PF00756,poisson,-12090.6050,39,24259.2100,24269.7150,24408.1932
PF00756,GTR20,-11166.6414,247,22827.2828,24203.8221,23770.8432
PF05188,m1,-12575.4609,84,25318.9218,25429.6194,25601.6638
PF05188,m2,-12685.7045,103,25577.4091,25772.1727,25924.1046
PF05188,m3,-12783.1881,103,25772.3763,25967.1399,26119.0718
PF05188,m4,-13095.9719,84,26359.9439,26470.6415,26642.6859
PF05188,m5,-13799.2601,84,27766.5203,27877.2179,28049.2622
PF05188,poisson,-13719.3006,83,27604.6012,27711.8628,27883.9772
PF05188,GTR20,-12507.8320,291,25597.6640,195541.6640,26577.1630
PF07732,m1,-21074.2311,259,42666.4622,177346.4622,43411.1383
PF07732,m2,-21525.9853,277,43605.9707,197617.9707,44402.4004
PF07732,m3,-21975.7480,276,44503.4960,197407.4960,45297.0504
PF07732,m4,-22582.2647,258,45680.5295,179324.5295,46422.3304
PF07732,m5,-24491.5740,257,49497.1479,182109.1479,50236.0736
PF07732,poisson,-23853.2826,257,48220.5651,180832.5651,48959.4909
PF07732,GTR20,-21280.6894,465,43491.3788,476871.3788,44828.3455
PF02210,m1,-60758.1946,487,122490.3892,597802.3892,124248.2020
PF02210,m2,-61411.2288,468,123758.4576,562742.4576,125447.6904
PF02210,m3,-62361.5593,487,125697.1185,601009.1185,127454.9313
PF02210,m4,-63507.4449,487,127988.8899,603300.8899,129746.7026
PF02210,m5,-67285.0400,468,135506.0800,574490.0800,137195.3128
PF02210,poisson,-67515.0333,467,135964.0665,573076.0665,137649.6898
PF02210,GTR20,-61251.8708,675,123853.7416,1036453.7416,126290.1351
PF02441,m1,-9762.6657,80,19685.3314,19776.5990,19957.9052
PF02441,m2,-9958.8009,81,20079.6018,20173.8146,20355.5828
PF02441,m3,-10052.1054,98,20300.2107,20456.6946,20634.1136
PF02441,m4,-10302.0760,98,20800.1520,20956.6359,21134.0548
PF02441,m5,-11116.7223,79,22391.4445,22479.8361,22660.6111
PF02441,poisson,-10752.3668,79,21662.7336,21751.1252,21931.9001
PF02441,GTR20,-9714.9967,287,20003.9934,185315.9934,20981.8517
PF04151,m1,-25224.9155,321,51091.8310,257815.8310,52137.4870
PF04151,m2,-25577.1695,302,51758.3390,234770.3390,52742.1026
PF04151,m3,-25750.0204,321,52142.0408,258866.0408,53187.6968
PF04151,m4,-26449.7628,322,53543.5256,261555.5256,54592.4391
PF04151,m5,-28206.0766,302,57016.1531,240028.1531,57999.9167
PF04151,poisson,-27827.9750,301,56257.9499,238061.9499,57238.4560
PF04151,GTR20,-25027.6998,509,51073.3996,570253.3996,52731.4648
PF07452,m1,-6373.6813,52,12851.3625,12908.1873,13007.9156
PF07452,m2,-6384.3073,71,12910.6145,13041.6915,13124.3696
PF07452,m3,-6485.6787,51,13073.3574,13127.4799,13226.8998
PF07452,m4,-6597.3355,70,13334.6710,13460.4938,13545.4154
PF07452,m5,-7044.2369,51,14190.4737,14244.5962,14344.0161
PF07452,poisson,-6940.3407,51,13982.6815,14036.8039,14136.2239
PF07452,GTR20,-6268.4830,259,13054.9660,147734.9660,13834.7205
PF00107,m1,-33291.9368,212,67007.8736,97111.8736,67723.4327
PF00107,m2,-33836.3131,231,68134.6263,175318.6263,68914.3156
PF00107,m3,-34311.6927,232,69087.3854,177199.3854,69870.4500
PF00107,m4,-35234.8228,232,70933.6456,179045.6456,71716.7102
PF00107,m5,-37357.6976,212,75139.3951,105243.3951,75854.9542
PF00107,poisson,-36362.3894,211,73146.7788,95512.7788,73858.9626
PF00107,GTR20,-33275.7289,419,67389.4578,419349.4578,68803.6995
PF01243,m1,-24571.3970,290,49722.7941,218502.7941,50616.4013
PF01243,m2,-24958.2812,289,50494.5623,218114.5623,51385.0882
PF01243,m3,-25268.2231,289,51114.4463,218734.4463,52004.9722
PF01243,m4,-25901.9418,309,52421.8836,244001.8836,53374.0375
PF01243,m5,-27839.4637,290,56258.9274,225038.9274,57152.5347
PF01243,poisson,-26968.0411,289,54514.0822,222134.0822,55404.6081
PF01243,GTR20,-24571.9770,497,50137.9540,545149.9540,51669.4120
PF00516,m1,-12324.2317,42,24732.4634,24738.8791,24917.5524
PF00516,m2,-12503.5159,42,25091.0317,25097.4474,25276.1207
PF00516,m3,-12734.7320,61,25591.4640,25605.3685,25860.2837
PF00516,m4,-13087.6065,41,26257.2130,26263.3193,26437.8950
PF00516,m5,-14520.3456,41,29122.6912,29128.7976,29303.3733
PF00516,poisson,-13832.1929,41,27746.3858,27752.4922,27927.0679
PF00516,GTR20,-12434.3333,249,25366.6667,25716.3858,26463.9798
PF04290,m1,-8065.7906,72,16275.5811,16365.4273,16509.3668
PF04290,m2,-8221.6653,52,16547.3306,16587.5641,16716.1758
PF04290,m3,-8231.5246,71,16605.0491,16691.6932,16835.5878
PF04290,m4,-8407.2443,52,16918.4887,16958.7222,17087.3339
PF04290,m5,-8938.6944,51,17979.3888,18017.8235,18144.9870
PF04290,poisson,-8946.3194,51,17994.6388,18033.0735,18160.2370
PF04290,GTR20,-7975.1956,259,16468.3912,151148.3912,17309.3705
PF07729,m1,-27218.6744,229,54895.3488,160235.3488,55575.4360
PF07729,m2,-27729.6873,230,55919.3746,162179.3746,56602.4317
PF07729,m3,-28486.1016,209,57390.2032,145170.2032,58010.8941
PF07729,m4,-29272.8765,209,58963.7529,146743.7529,59584.4439
PF07729,m5,-32239.2954,210,64898.5907,153518.5907,65522.2515
PF07729,poisson,-30202.7509,209,60823.5018,148603.5018,61444.1928
PF07729,GTR20,-27370.1478,417,55574.2957,404186.2957,56812.7078
PF01551,m1,-44419.3176,558,89954.6352,713798.6352,91691.1244
PF01551,m2,-45520.4494,577,92194.8987,759206.8987,93990.5157
PF01551,m3,-46445.6803,578,94047.3607,763371.3607,95846.0896
PF01551,m4,-47885.9598,578,96927.9195,766251.9195,98726.6485
PF01551,m5,-52159.5663,558,105435.1326,729279.1326,107171.6218
PF01551,poisson,-50084.3620,557,101282.7240,722894.7240,103016.1012
PF01551,GTR20,-44733.0460,765,90996.0920,1262976.0920,93376.7626
PF02627,m1,-32014.0226,455,64938.0452,479898.0452,66141.2430
PF02627,m2,-32522.2114,455,65954.4228,480914.4228,67157.6207
PF02627,m3,-33016.6335,436,66905.2669,447969.2669,68058.2213
PF02627,m4,-33983.6903,437,68841.3805,451653.3805,69996.9794
PF02627,m5,-36616.1930,436,74104.3860,455168.3860,75257.3404
PF02627,poisson,-35628.6470,435,72127.2940,451447.2940,73277.6040
PF02627,GTR20,-32030.3108,643,65346.6216,893530.6216,67046.9649
PF04542,m1,-30793.4939,537,62660.9878,640472.9878,64065.3075
PF04542,m2,-31485.5711,536,64043.1421,639707.1421,65444.8467
PF04542,m3,-31782.9937,537,64639.9874,642451.9874,66044.3071
PF04542,m4,-32640.2000,518,66316.4000,604000.4000,67671.0325
PF04542,m5,-35261.9153,518,71559.8306,609243.8306,72914.4630
PF04542,poisson,-34521.9766,517,70077.9532,605689.9532,71429.9705
PF04542,GTR20,-31010.2619,725,63470.5239,1116170.5239,65366.4863
PF05193,m1,-71019.4600,360,142758.9201,148173.9201,144203.8575
PF05193,m2,-71821.9702,380,144403.9404,154745.3689,145929.1521
PF05193,m3,-72536.5075,359,145791.0150,151066.1170,147231.9387
PF05193,m4,-73993.9133,360,148707.8267,154122.8267,150152.7641
PF05193,m5,-78441.3080,360,157602.6159,163017.6159,159047.5534
PF05193,poisson,-77003.0379,359,154724.0757,159999.1778,156164.9995
PF05193,GTR20,-71341.3944,567,143816.7889,787928.7889,146092.5654
PF00690,m1,-20193.4574,302,40990.9148,224002.9148,41798.1091
PF00690,m2,-20580.6079,302,41765.2159,224777.2159,42572.4102
PF00690,m3,-20941.8328,320,42523.6657,247963.6657,43378.9709
PF00690,m4,-21439.4465,303,43484.8929,227708.8929,44294.7600
PF00690,m5,-23264.7897,302,47133.5793,230145.5793,47940.7736
PF00690,poisson,-22728.9894,301,46059.9789,227863.9789,46864.5004
PF00690,GTR20,-20551.0072,509,42120.0145,561300.0145,43480.4844
PF07714,m1,-58635.9826,293,117857.9651,118575.8151,119112.1211
PF07714,m2,-59661.8972,312,119947.7945,120831.5592,121283.2780
PF07714,m3,-62144.1417,291,124870.2835,125572.5314,126115.8787
PF07714,m4,-63192.0746,292,126968.1491,127678.1574,128218.0247
PF07714,m5,-70162.9251,291,140907.8501,141610.0981,142153.4453
PF07714,poisson,-67888.6042,291,136359.2085,137061.4564,137604.8036
PF07714,GTR20,-61150.4338,499,123298.8676,137975.3382,125434.7851
PF02931,m1,-38164.7675,236,76801.5350,78149.2941,77690.8588
PF02931,m2,-38681.9321,236,77835.8643,79183.6233,78725.1880
PF02931,m3,-39580.3720,215,79590.7440,80483.8209,80400.9330
PF02931,m4,-40229.5706,216,80891.1412,81801.2772,81705.0986
PF02931,m5,-43568.0150,215,87566.0301,88459.1070,88376.2191
PF02931,poisson,-43079.5052,215,86589.0104,87482.0873,87399.1994
PF02931,GTR20,-38777.8073,423,78401.6145,437105.6145,79995.6143
PF00754,m1,-47319.7638,370,95379.5277,369919.5277,96635.1699
PF00754,m2,-47886.7389,370,96513.4778,371053.4778,97769.1200
PF00754,m3,-48541.9846,388,97859.9692,399723.9692,99176.6967
PF00754,m4,-49487.0014,389,99752.0029,403172.0029,101072.1240
PF00754,m5,-52596.1200,370,105932.2399,380472.2399,107187.8821
PF00754,poisson,-51623.9833,369,103985.9667,377045.9667,105238.2152
PF00754,GTR20,-47620.1891,577,96394.3781,763406.3781,98352.5012
PF02950,m1,-12007.2921,241,24496.5841,141140.5841,25162.2681
PF02950,m2,-12257.6464,259,25033.2927,159713.2927,25748.6958
PF02950,m3,-12805.2655,259,26128.5309,160808.5309,26843.9340
PF02950,m4,-13153.4377,259,26824.8754,161504.8754,27540.2784
PF02950,m5,-15095.7707,239,30669.5413,145389.5413,31329.7009
PF02950,poisson,-13289.5232,239,27057.0465,141777.0465,27717.2060
PF02950,GTR20,-12183.4186,447,25260.8371,425772.8371,26495.5289
PF06863,m1,-8302.7617,70,16745.5234,16883.5790,16952.9226
PF06863,m2,-8381.5920,89,16941.1839,17243.4481,17204.8771
PF06863,m3,-8533.7662,69,17205.5325,17337.8613,17409.9688
PF06863,m4,-8664.0509,88,17504.1018,17794.1759,17764.8321
PF06863,m5,-9238.0952,69,18614.1904,18746.5191,18818.6267
PF06863,poisson,-9083.5129,69,18305.0258,18437.3545,18509.4621
PF06863,GTR20,-8206.4150,277,16966.8301,170978.8301,17787.5380
PF00588,m1,-39435.9441,285,79441.8882,242461.8882,80401.1914
PF00588,m2,-40293.8563,304,81195.7127,266635.7127,82218.9694
PF00588,m3,-40982.7218,302,82569.4435,265581.4435,83585.9683
PF00588,m4,-42119.6368,304,84847.2735,270287.2735,85870.5302
PF00588,m5,-45425.2732,283,91416.5464,252160.5464,92369.1176
PF00588,poisson,-44461.4670,283,89488.9340,250232.9340,90441.5052
PF00588,GTR20,-40111.7774,491,81205.5549,564349.5549,82858.2491
PF04909,m1,-85034.5471,297,170663.0942,171072.8442,172027.2284
PF04909,m2,-86471.5034,277,173497.0069,173837.7414,174769.2802
PF04909,m3,-87695.4907,277,175944.9813,176285.7158,177217.2546
PF04909,m4,-89817.7420,278,180191.4840,180535.4396,181468.3503
PF04909,m5,-95811.6049,278,192179.2097,192523.1654,193456.0761
PF04909,poisson,-91003.1702,277,182560.3403,182901.0748,183832.6137
PF04909,GTR20,-85472.4229,485,171914.8459,173846.8950,174142.4725
PF07983,m1,-12350.0513,203,25106.1026,107930.1026,25689.7677
PF07983,m2,-12601.4449,221,25644.8898,123768.8898,26280.3084
PF07983,m3,-12886.2632,220,26212.5264,123452.5264,26845.0698
PF07983,m4,-13247.5306,202,26899.0613,108911.0613,27479.8511
PF07983,m5,-14439.7219,201,29281.4439,110485.4439,29859.3585
PF07983,poisson,-14226.8374,201,28855.6747,110059.6747,29433.5894
PF07983,GTR20,-12336.7425,409,25491.4850,360871.4850,26667.4407
PF01966,m1,-38245.8565,319,77129.7130,281289.7130,78207.9003
PF01966,m2,-38899.4108,337,78472.8215,306284.8215,79611.8469
PF01966,m3,-39575.2156,337,79824.4311,307636.4311,80963.4566
PF01966,m4,-40603.6135,318,81843.2270,284727.2270,82918.0344
PF01966,m5,-43501.4982,317,87636.9964,289248.9964,88708.4239
PF01966,poisson,-41077.5910,317,82789.1821,284401.1821,83860.6095
PF01966,GTR20,-38269.2762,525,77588.5523,629888.5523,79362.9984
PF01750,m1,-6856.8855,53,13819.7709,13882.6720,13977.5378
PF01750,m2,-6939.9781,71,14021.9562,14162.0110,14233.3043
PF01750,m3,-7090.8879,52,14285.7758,14345.6888,14440.5659
PF01750,m4,-7224.8657,70,14589.7313,14724.0556,14798.1027
PF01750,m5,-7842.0710,51,15786.1420,15843.1743,15937.9554
PF01750,poisson,-7646.3376,51,15394.6752,15451.7074,15546.4886
PF01750,GTR20,-6770.0825,259,14058.1650,148738.1650,14829.1391
PF05016,m1,-27153.2555,345,54996.5109,293736.5109,55998.8307
PF05016,m2,-27555.3086,344,55798.6171,293158.6171,56798.0316
PF05016,m3,-27890.1617,344,56468.3235,293828.3235,57467.7380
PF05016,m4,-28684.9032,326,58021.8063,271225.8063,58968.9259
PF05016,m5,-31244.1730,326,63140.3461,276344.3461,64087.4657
PF05016,poisson,-29968.7395,325,60587.4790,272487.4790,61531.6933
PF05016,GTR20,-27129.0325,533,55324.0650,624568.0650,56872.5765
PF01118,m1,-36150.5205,369,73039.0411,346099.0411,74229.3416
PF01118,m2,-36917.6153,387,74609.2306,374921.2306,75857.5945
PF01118,m3,-37719.9167,369,76177.8333,349237.8333,77368.1339
PF01118,m4,-39021.3187,368,78778.6374,350362.6374,79965.7122
PF01118,m5,-43370.1860,367,87474.3721,357586.3721,88658.2211
PF01118,poisson,-41009.3266,367,82752.6533,352864.6533,83936.5023
PF01118,GTR20,-36782.9927,575,74715.9854,737115.9854,76570.7897
PF00571,m1,-106170.6995,872,214085.3990,1736597.3990,217264.2287
PF00571,m2,-108383.2854,871,218508.5708,1737532.5708,221683.7551
PF00571,m3,-109284.2062,891,220350.4123,1809894.4123,223598.5055
PF00571,m4,-111709.4246,873,225164.8492,1751168.8492,228347.3244
PF00571,m5,-120197.8572,872,242139.7145,1764651.7145,245318.5442
PF00571,poisson,-118628.4535,871,238998.9071,1758022.9071,242174.0913
PF00571,GTR20,-105980.0398,1079,214118.0796,2544758.0796,218051.5168
PF00534,m1,-30388.2899,154,61084.5798,61673.9625,61618.0099
PF00534,m2,-30796.5466,173,61939.0932,62910.1254,62538.3361
PF00534,m3,-31064.9089,173,62475.8179,63446.8501,63075.0608
PF00534,m4,-31757.5582,172,63859.1164,64803.7513,64454.8954
PF00534,m5,-33317.2734,154,66942.5468,67531.9295,67475.9769
PF00534,poisson,-33033.0756,153,66372.1513,66946.8342,66902.1175
PF00534,GTR20,-30498.8981,361,61719.7961,323083.7961,62970.2394
PF01827,m1,-33702.4732,243,67890.9465,186474.9465,68711.1391
PF01827,m2,-34201.2987,224,68850.5974,169650.5974,69606.6597
PF01827,m3,-34952.4322,224,70352.8645,171152.8645,71108.9269
PF01827,m4,-35147.2333,243,70780.4665,189364.4665,71600.6592
PF01827,m5,-37426.4436,224,75300.8872,176100.8872,76056.9495
PF01827,poisson,-37224.2325,223,74894.4650,174798.4650,75647.1521
PF01827,GTR20,-33831.8545,431,68525.7091,440909.7091,69980.4541
PF00555,m1,-15355.9320,93,30897.8639,31001.3195,31230.0742
PF00555,m2,-15673.5496,74,31495.0991,31554.1417,31759.4385
PF00555,m3,-15935.1574,73,32016.3148,32073.4788,32277.0820
PF00555,m4,-16152.1133,93,32490.2266,32593.6823,32822.4370
PF00555,m5,-17110.4461,74,34368.8923,34427.9348,34633.2317
PF00555,poisson,-16641.7897,73,33429.5793,33486.7433,33690.3466
PF00555,GTR20,-15491.7874,281,31545.5748,190029.5748,32549.3500
PF00611,m1,-6395.1200,58,12906.2401,13026.3102,13065.9483
PF00611,m2,-6452.6609,58,13021.3218,13141.3920,13181.0300
PF00611,m3,-6506.8834,58,13129.7669,13249.8370,13289.4751
PF00611,m4,-6600.0603,59,13318.1206,13444.5492,13480.5825
PF00611,m5,-6942.9277,58,14001.8554,14121.9256,14161.5637
PF00611,poisson,-6991.5685,57,14097.1371,14211.1371,14254.0917
PF00611,GTR20,-6257.0152,265,13044.0305,154024.0305,13773.7319
PF01595,m1,-35776.2729,235,72022.5458,182942.5458,72834.5462
PF01595,m2,-36411.6040,236,73295.2080,185159.2080,74110.6638
PF01595,m3,-37151.4653,215,74732.9307,79892.9307,75475.8247
PF01595,m4,-37888.3517,235,76246.7033,187166.7033,77058.7038
PF01595,m5,-40707.3231,216,81846.6461,87360.9991,82592.9955
PF01595,poisson,-41152.2926,215,82734.5853,87894.5853,83477.4793
PF01595,GTR20,-36262.5372,423,73371.0745,432075.0745,74832.6753
PF05157,m1,-6333.3467,50,12766.6933,12813.0570,12920.7636
PF05157,m2,-6398.2856,50,12896.5712,12942.9349,13050.6415
PF05157,m3,-6411.5034,70,12963.0069,13073.4513,13178.7052
PF05157,m4,-6576.2948,50,13252.5896,13298.9532,13406.6598
PF05157,m5,-6964.0532,50,14028.1064,14074.4700,14182.1766
PF05157,poisson,-6944.4542,49,13986.9083,14031.0524,14137.8971
PF05157,GTR20,-6219.5438,257,12953.0877,145565.0877,13745.0086
PF00733,m1,-54061.2021,224,108570.4042,108950.7815,109509.9510
PF00733,m2,-55014.7843,223,110475.5685,110851.1475,111410.9209
PF00733,m3,-56241.2888,223,112928.5776,113304.1566,113863.9300
PF00733,m4,-57887.2996,222,116218.5991,116589.4306,117149.7571
PF00733,m5,-62452.7007,203,125311.4013,125600.9957,126162.8656
PF00733,poisson,-59743.6438,203,119893.2875,120182.8819,120744.7518
PF00733,GTR20,-55376.5577,411,111575.1154,115916.9615,113299.0160
PF05685,m1,-33115.9525,379,66989.9050,355029.9050,68206.3003
PF05685,m2,-33704.2930,379,68166.5861,356206.5861,69382.9813
PF05685,m3,-34356.6192,359,69431.2383,327911.2383,70583.4438
PF05685,m4,-35251.0896,361,71224.1793,332588.1793,72382.8038
PF05685,m5,-39103.8846,360,78927.7692,338847.7692,80083.1842
PF05685,poisson,-36925.8841,359,74569.7681,333049.7681,75721.9737
PF05685,GTR20,-33464.4279,567,68062.8558,712174.8558,69882.6344
PF01432,m1,-25518.8817,59,51155.7634,51168.7781,51415.5743
PF01432,m2,-25852.4381,77,51858.8763,51881.7128,52197.9515
PF01432,m3,-26165.6380,77,52485.2761,52508.1126,52824.3513
PF01432,m4,-26838.7279,78,53833.4557,53856.9300,54176.9345
PF01432,m5,-28820.0591,57,57754.1183,57766.2282,58005.1220
PF01432,poisson,-27896.0073,57,55906.0145,55918.1244,56157.0183
PF01432,GTR20,-25644.2716,265,51818.5431,52235.6437,52985.4903
PF02779,m1,-29337.0428,247,59168.0857,181680.0857,60034.9046
PF02779,m2,-30148.2141,228,60752.4283,66553.7616,61552.5688
PF02779,m3,-30605.2470,228,61666.4940,67467.8273,62466.6345
PF02779,m4,-31200.7003,248,62897.4007,186401.4007,63767.7290
PF02779,m5,-34009.3445,228,68474.6890,74276.0223,69274.8295
PF02779,poisson,-32886.0886,227,66226.1771,71674.1771,67022.8083
PF02779,GTR20,-29588.4458,435,60046.8917,439366.8917,61573.4756
PF02852,m1,-18223.5576,200,36847.1153,117247.1153,37436.8673
PF02852,m2,-18593.7850,219,37625.5699,133985.5699,38271.3484
PF02852,m3,-18939.0520,220,38318.1040,135558.1040,38966.8312
PF02852,m4,-19384.9576,219,39207.9152,135567.9152,39853.6937
PF02852,m5,-20860.8846,200,42121.7691,122521.7691,42711.5211
PF02852,poisson,-20479.4864,199,41356.9727,120956.9727,41943.7760
PF02852,GTR20,-18243.5133,407,37301.0265,369413.0265,38501.1718
PF03478,m1,-9697.7518,225,19845.5036,121545.5036,20455.1479
PF03478,m2,-9858.6656,226,20169.3312,122773.3312,20781.6850
PF03478,m3,-10034.8568,205,20479.7136,104939.7136,21035.1672
PF03478,m4,-10253.9262,207,20921.8525,107033.8525,21482.7252
PF03478,m5,-11115.0374,206,22642.0747,107926.0747,23200.2379
PF03478,poisson,-10609.2194,205,21628.4387,106088.4387,22183.8924
PF03478,GTR20,-9678.6070,413,20183.2141,362147.2141,21302.2501
PF00656,m1,-54910.0706,238,110296.1412,110559.4838,111369.2282
PF00656,m2,-55758.2455,238,111992.4909,112255.8335,113065.5780
PF00656,m3,-56937.9439,238,114351.8878,114615.2304,115424.9749
PF00656,m4,-58331.1120,238,117138.2240,117401.5666,118211.3110
PF00656,m5,-63126.4454,238,126728.8908,126992.2334,127801.9779
PF00656,poisson,-60622.2919,237,121718.5838,121979.1196,122787.1621
PF00656,GTR20,-56068.7814,445,113027.5628,114791.7406,115033.9651
PF04560,m1,-7986.6575,259,16491.3149,151171.3149,17166.0540
PF04560,m2,-8173.6117,258,16863.2234,150507.2234,17535.3573
PF04560,m3,-8422.0725,258,17360.1450,151004.1450,18032.2789
PF04560,m4,-8626.2203,257,17766.4407,150378.4407,18435.9694
PF04560,m5,-9223.2024,257,18960.4048,151572.4048,19629.9336
PF04560,poisson,-9466.9629,257,19447.9258,152059.9258,20117.4545
PF04560,GTR20,-8239.2951,465,17408.5902,450788.5902,18619.9943
PF00306,m1,-24958.0701,297,50510.1403,227522.1403,51505.6421
PF00306,m2,-25359.5120,296,51311.0240,227135.0240,52303.1740
PF00306,m3,-25988.4081,315,52606.8162,251686.8162,53662.6515
PF00306,m4,-26683.8160,314,53995.6320,251815.6320,55048.1154
PF00306,m5,-29265.9963,295,59121.9925,233761.9925,60110.7907
PF00306,poisson,-28117.2274,295,56824.4549,231464.4549,57813.2530
PF00306,GTR20,-25338.8152,503,51683.6303,558707.6303,53369.6150
PF07978,m1,-5131.5445,56,10375.0890,10502.7690,10524.7674
PF07978,m2,-5205.3535,57,10524.7070,10659.6458,10677.0583
PF07978,m3,-5226.8458,74,10601.6916,10948.5666,10799.4810
PF07978,m4,-5380.8809,75,10911.7617,11279.5037,11112.2239
PF07978,m5,-5788.5439,56,11689.0878,11816.7678,11838.7662
PF07978,poisson,-5631.9026,55,11373.8051,11494.5894,11520.8107
PF07978,GTR20,-4985.7896,263,10497.5792,149361.5792,11200.5331
PF06026,m1,-14924.7573,113,30075.5145,30361.7812,30450.4621
PF06026,m2,-15347.9107,132,30959.8213,31454.3566,31397.8132
PF06026,m3,-15769.0593,131,31800.1186,32280.4519,32234.7923
PF06026,m4,-16318.2221,112,32860.4442,33138.5981,33232.0736
PF06026,m5,-18101.6930,111,36425.3861,36695.6470,36793.6974
PF06026,poisson,-17198.3534,111,34618.7068,34888.9677,34987.0181
PF06026,GTR20,-15319.0276,319,31276.0552,235436.0552,32334.5355
PF00226,m1,-26187.6010,526,53427.2020,607831.2020,54813.0694
PF00226,m2,-27027.4787,545,55144.9574,650284.9574,56580.8847
PF00226,m3,-27595.2720,545,56280.5440,651420.5440,57716.4713
PF00226,m4,-28333.3195,527,57720.6390,614232.6390,59109.1412
PF00226,m5,-31368.9316,526,63789.8632,618193.8632,65175.7307
PF00226,poisson,-30065.6968,525,61181.3937,613481.3937,62564.6264
PF00226,GTR20,-26699.9770,733,54865.9539,1130909.9539,56797.2103
PF01263,m1,-44286.8732,145,88863.7464,89014.9607,89451.6401
PF01263,m2,-45010.3378,143,90306.6756,90452.7181,90886.4604
PF01263,m3,-45609.1826,145,91508.3652,91659.5794,92096.2589
PF01263,m4,-46709.9792,143,93705.9585,93852.0010,94285.7433
PF01263,m5,-49970.1621,143,100226.3242,100372.3668,100806.1090
PF01263,poisson,-48493.3420,143,97272.6841,97418.7266,97852.4689
PF01263,GTR20,-44525.8323,351,89753.6646,93092.9079,91176.7729
PF00717,m1,-27558.9805,464,56045.9609,487565.9609,57387.0829
PF00717,m2,-28102.2674,465,57134.5348,490514.5348,58478.5472
PF00717,m3,-28582.8806,463,58091.7612,487755.7612,59429.9928
PF00717,m4,-29334.6288,465,59599.2576,492979.2576,60943.2700
PF00717,m5,-32084.7486,464,65097.4973,496617.4973,66438.6192
PF00717,poisson,-30804.7027,463,62535.4054,492199.4054,63873.6370
PF00717,GTR20,-27667.8316,671,56677.6632,958501.6632,58617.0875
PF00104,m1,-60912.6386,367,122559.2772,392671.2772,123960.1570
PF00104,m2,-61630.3838,368,123996.7676,395580.7676,125401.4645
PF00104,m3,-62288.7414,367,125311.4828,395423.4828,126712.3626
PF00104,m4,-63464.4416,367,127662.8831,397774.8831,129063.7629
PF00104,m5,-66744.6219,348,134185.2438,377089.2438,135513.5984
PF00104,poisson,-67126.9522,347,134947.9044,376459.9044,136272.4420
PF00104,GTR20,-61286.5283,555,123683.0566,740843.0566,125801.5533
PF00141,m1,-96050.8993,603,193307.7986,921731.7986,195958.1414
PF00141,m2,-97486.0072,584,196140.0145,244945.7288,198706.8473
PF00141,m3,-100699.2217,584,202566.4434,251372.1577,205133.2762
PF00141,m4,-103308.1616,585,207786.3232,260526.3232,210357.5512
PF00141,m5,-113908.1425,583,228982.2850,274378.5517,231544.7225
PF00141,poisson,-109602.6683,583,220371.3366,265767.6033,222933.7741
PF00141,GTR20,-98314.0832,791,198210.1664,1451154.1664,201686.8183
PF01590,m1,-129690.1971,919,261218.3941,1952178.3941,264814.9034
PF01590,m2,-131523.5424,918,264883.0847,1952167.0847,268475.6805
PF01590,m3,-132656.6198,900,267113.2396,1888913.2396,270635.3923
PF01590,m4,-136012.7687,919,273863.5373,1964823.5373,277460.0466
PF01590,m5,-145159.2025,900,292118.4050,1913918.4050,295640.5577
PF01590,poisson,-140729.3989,899,283256.7978,1901456.7978,286775.0370
PF01590,GTR20,-130649.6673,1107,263513.3346,2716625.3346,267845.5824
PF03237,m1,-21546.6993,54,43201.3986,43213.9834,43431.8275
PF03237,m2,-21733.4173,53,43572.8345,43584.9360,43798.9961
PF03237,m3,-21962.6797,73,44071.3594,44095.2093,44382.8651
PF03237,m4,-22294.1748,73,44734.3496,44758.1995,45045.8552
PF03237,m5,-23462.3370,54,47032.6741,47045.2588,47263.1029
PF03237,poisson,-22492.5120,53,45091.0239,45103.1254,45317.1856
PF03237,GTR20,-21342.3099,261,43206.6199,43722.7104,44320.3592
PF01734,m1,-19779.9330,105,39769.8661,39859.2637,40176.4385
PF01734,m2,-20052.4925,124,40352.9850,40487.7676,40833.1276
PF01734,m3,-20276.5131,122,40797.0262,40926.3883,41269.4246
PF01734,m4,-20850.4489,104,41908.8979,41996.2579,42311.5981
PF01734,m5,-22023.8609,103,44253.7218,44339.0763,44652.5499
PF01734,poisson,-21711.0496,103,43628.0992,43713.4538,44026.9274
PF01734,GTR20,-19856.2141,311,40334.4282,44847.5445,41538.6568
PF04607,m1,-17127.8274,217,34689.6547,129301.6547,35390.8053
PF04607,m2,-17352.1005,236,35176.2010,147040.2010,35938.7426
PF04607,m3,-18200.1189,216,36832.2378,130576.2378,37530.1573
PF04607,m4,-18388.1559,234,37244.3119,147224.3119,38000.3913
PF04607,m5,-20334.1683,215,41098.3366,133978.3366,41793.0250
PF04607,poisson,-20041.8318,215,40513.6636,133393.6636,41208.3520
PF04607,GTR20,-17822.5671,423,36491.1341,395195.1341,37857.8930
PF07654,m1,-12141.3141,203,24688.6282,107512.6282,25227.3821
PF07654,m2,-12308.2573,202,25020.5146,107032.5146,25556.6146
PF07654,m3,-12492.5209,203,25391.0418,108215.0418,25929.7957
PF07654,m4,-12853.1782,202,26110.3564,108122.3564,26646.4564
PF07654,m5,-13964.3951,201,28330.7902,109534.7902,28864.2362
PF07654,poisson,-13673.1514,201,27748.3028,108952.3028,28281.7488
PF07654,GTR20,-12006.5602,409,24831.1204,360211.1204,25916.5902
PF00963,m1,-9462.5265,93,19111.0530,19329.6030,19404.8451
PF00963,m2,-9639.7330,74,19427.4661,19539.5873,19661.2362
PF00963,m3,-9744.8757,75,19639.7515,19756.0780,19876.6806
PF00963,m4,-9895.6623,94,19979.3245,20205.4005,20276.2757
PF00963,m5,-10688.9665,74,21525.9330,21638.0542,21759.7031
PF00963,poisson,-10805.2380,73,21756.4760,21864.5160,21987.0871
PF00963,GTR20,-9323.3549,281,19208.7099,177692.7099,20096.4044
PF00120,m1,-38588.4408,205,77586.8816,78217.1801,78371.8155
PF00120,m2,-39491.8596,205,79393.7192,80024.0177,80178.6530
PF00120,m3,-40405.0407,204,81218.0815,81837.6370,81999.1864
PF00120,m4,-41342.7237,222,83129.4473,83975.7037,83979.4732
PF00120,m5,-44599.2174,203,89604.4348,90213.4348,90381.7108
PF00120,poisson,-43400.2186,203,87206.4372,87815.4372,87983.7132
PF00120,GTR20,-39390.4307,411,79602.8613,418266.8613,81176.5580
PF04397,m1,-22759.1907,244,46006.3813,165566.3813,46686.5293
PF04397,m2,-23115.6660,263,46757.3320,185621.3320,47490.4423
PF04397,m3,-23382.5339,263,47291.0677,186155.0677,48024.1780
PF04397,m4,-23868.3084,262,48260.6167,186072.6167,48990.9396
PF04397,m5,-25646.0602,244,51780.1204,171340.1204,52460.2683
PF04397,poisson,-25447.4482,243,51380.8965,169964.8965,52058.2570
PF04397,GTR20,-22865.6346,451,46633.2692,454337.2692,47890.4279
PF03767,m1,-12379.1229,63,24884.2457,24911.0364,25129.9393
PF03767,m2,-12533.4192,62,25190.8384,25216.7059,25432.6320
PF03767,m3,-12721.9769,63,25569.9537,25596.7444,25815.6473
PF03767,m4,-13035.2838,61,26192.5676,26217.5313,26430.4613
PF03767,m5,-13939.6848,61,28001.3696,28026.3333,28239.2634
PF03767,poisson,-13609.8937,61,27341.7875,27366.7512,27579.6812
PF03767,GTR20,-12431.4175,269,25400.8350,26929.8876,26449.9073
PF03466,m1,-187473.7283,869,376685.4566,1888745.4566,379954.6793
PF03466,m2,-190570.3145,870,382880.6291,1898420.6291,386153.6138
PF03466,m3,-193275.7696,869,388289.5393,1900349.5393,391558.7620
PF03466,m4,-197673.6669,870,397087.3339,1912627.3339,400360.3186
PF03466,m5,-213115.7790,850,427931.5579,1874631.5579,431129.3016
PF03466,poisson,-206416.6078,849,414531.2156,1857831.2156,417725.1972
PF03466,GTR20,-188410.9612,1057,378935.9225,2615547.9225,382912.4108
PF00122,m1,-35355.6390,203,71117.2779,71740.0148,71892.7548
PF00122,m2,-36070.2352,222,72584.4704,73452.9967,73432.5288
PF00122,m3,-36942.0358,221,74326.0715,75179.3237,75170.3099
PF00122,m4,-38008.3843,202,76420.7685,77032.7984,77192.4253
PF00122,m5,-41705.1588,201,83812.3177,84413.8288,84580.1544
PF00122,poisson,-41090.8520,201,82583.7040,83185.2152,83351.5407
PF00122,GTR20,-36252.1785,409,73322.3570,408702.3570,74884.7709
PF02349,m1,-19432.0842,429,39722.1684,408662.1684,41096.6872
PF02349,m2,-19785.9599,429,40429.9197,409369.9197,41804.4386
PF02349,m3,-20198.6140,410,41217.2279,378237.2279,42530.8707
PF02349,m4,-20405.5900,410,41631.1800,378651.1800,42944.8227
PF02349,m5,-23206.6670,410,47233.3341,384253.3341,48546.9768
PF02349,poisson,-21966.8292,409,44751.6584,380131.6584,46062.0972
PF02349,GTR20,-18928.5036,617,39091.0072,801703.0072,41067.8793
PF03195,m1,-3241.9072,41,6565.8144,6618.7991,6675.4004
PF03195,m2,-3283.6789,60,6687.3578,6846.4882,6847.7275
PF03195,m3,-3388.0687,39,6854.1373,6900.7045,6958.3776
PF03195,m4,-3431.1272,39,6940.2544,6986.8216,7044.4947
PF03195,m5,-3720.4845,39,7518.9689,7565.5361,7623.2093
PF03195,poisson,-3697.0892,39,7472.1783,7518.7455,7576.4186
PF03195,GTR20,-3218.8072,247,6931.6145,129443.6145,7591.8032
PF01183,m1,-9570.8973,74,19289.7947,19367.4171,19540.2473
PF01183,m2,-9773.3248,54,19654.6497,19691.0914,19837.4124
PF01183,m3,-9919.1875,53,19944.3750,19979.2775,20123.7533
PF01183,m4,-10155.8738,72,20455.7475,20528.2441,20699.4312
PF01183,m5,-11098.4505,53,22302.9010,22337.8035,22482.2793
PF01183,poisson,-10504.6196,53,21115.2392,21150.1416,21294.6174
PF01183,GTR20,-9566.7518,261,19655.5035,156419.5035,20538.8567
PF02525,m1,-16252.8612,82,32669.7225,32752.7225,32957.4923
PF02525,m2,-16427.7149,100,33055.4298,33193.7859,33406.3686
PF02525,m3,-16719.3070,82,33602.6140,33685.6140,33890.3839
PF02525,m4,-17113.1071,101,34428.2142,34570.3108,34782.6624
PF02525,m5,-18605.9898,82,37375.9796,37458.9796,37663.7495
PF02525,poisson,-17727.5517,81,35617.1034,35697.6125,35901.3639
PF02525,GTR20,-16218.3861,289,33014.7721,200634.7721,34028.9854
PF00106,m1,-63218.4799,539,127514.9598,709634.9598,129339.2026
PF00106,m2,-64763.2119,539,130604.4238,712724.4238,132428.6667
PF00106,m3,-66209.4635,519,133456.9270,673216.9270,135213.4800
PF00106,m4,-68669.6687,539,138417.3375,720537.3375,140241.5803
PF00106,m5,-76465.2812,520,153970.5624,695810.5624,155730.4998
PF00106,poisson,-71705.2756,519,144448.5513,684208.5513,146205.1042
PF00106,GTR20,-64060.0856,727,129574.1712,1188086.1712,132034.6991
PF03171,m1,-24824.4901,288,50224.9802,216688.9802,51149.3122
PF03171,m2,-25249.3596,288,51074.7192,217538.7192,51999.0512
PF03171,m3,-25520.9836,307,51655.9673,240767.9673,52641.2795
PF03171,m4,-26161.3672,289,52900.7344,220520.7344,53828.2759
PF03171,m5,-28027.1445,288,56630.2889,223094.2889,57554.6209
PF03171,poisson,-27138.4236,287,54850.8471,220162.8471,55771.9697
PF03171,GTR20,-25011.0645,495,51012.1290,542052.1290,52600.8247
PF08032,m1,-20200.7428,269,40939.4856,186199.4856,41640.2764
PF08032,m2,-20624.7765,269,41787.5529,187047.5529,42488.3437
PF08032,m3,-20843.0202,268,42222.0404,186406.0404,42920.2260
PF08032,m4,-21378.3838,287,43330.7676,208642.7676,44078.4514
PF08032,m5,-23031.3176,267,46596.6353,189708.6353,47292.2157
PF08032,poisson,-22481.6147,267,45497.2295,188609.2295,46192.8099
PF08032,GTR20,-20274.9389,475,41499.8778,493699.8778,42737.3336
PF03328,m1,-8689.9353,41,17461.8706,17477.1773,17608.9478
PF03328,m2,-8752.5799,59,17623.1598,17657.3627,17834.8075
PF03328,m3,-8925.2507,58,17966.5014,17999.4053,18174.5619
PF03328,m4,-9160.7048,58,18437.4097,18470.3135,18645.4701
PF03328,m5,-9797.0104,39,19672.0207,19685.7652,19811.9234
PF03328,poisson,-9559.3406,39,19196.6813,19210.4258,19336.5840
PF03328,GTR20,-8606.5234,247,17707.0469,24155.0469,18593.0973
PF02698,m1,-36906.7303,251,74315.4606,77400.9240,75239.1839
PF02698,m2,-37578.7475,251,75659.4950,78744.9584,76583.2184
PF02698,m3,-38285.9357,269,77109.8715,83425.5236,78099.8379
PF02698,m4,-39507.7309,250,79515.4618,82503.5571,80435.5050
PF02698,m5,-42614.2801,249,85726.5603,88621.9091,86642.9233
PF02698,poisson,-40773.2300,249,82044.4600,84939.8088,82960.8229
PF02698,GTR20,-37607.0984,457,76128.1968,494740.1968,77810.0357
PF00433,m1,-13488.6410,336,27649.2821,254113.2821,28580.2321
PF00433,m2,-13694.1408,356,28100.2816,282284.2816,29086.6453
PF00433,m3,-14092.8992,336,28857.7983,255321.7983,29788.7484
PF00433,m4,-14470.5831,337,29615.1662,257427.1662,30548.8870
PF00433,m5,-15699.8907,336,32071.7814,258535.7814,33002.7314
PF00433,poisson,-14851.3235,335,30372.6470,255492.6470,31300.8264
PF00433,GTR20,-13448.7398,543,27983.4796,618767.4796,29487.9613
PF00246,m1,-70711.5886,271,141965.1772,142349.0939,143180.9268
PF00246,m2,-71904.1199,270,144348.2398,144728.3437,145559.5032
PF00246,m3,-72953.0508,269,146444.1016,146820.4229,147650.8789
PF00246,m4,-74842.2169,270,150224.4338,150604.5377,151435.6972
PF00246,m5,-79989.0156,269,160516.0312,160892.3525,161722.8085
PF00246,poisson,-77543.2902,269,155624.5803,156000.9015,156831.3576
PF00246,GTR20,-71662.8484,477,144279.6967,146841.5619,146419.5954
PF03936,m1,-38891.6406,191,78165.2811,78615.2443,78904.8556
PF03936,m2,-39420.4844,171,79182.9688,79504.4114,79845.1009
PF03936,m3,-39640.6804,192,79665.3608,80122.8423,80408.8075
PF03936,m4,-40256.7292,172,80857.4585,81184.4475,81523.4627
PF03936,m5,-42330.7664,172,85005.5328,85332.5218,85671.5370
PF03936,poisson,-43256.5539,171,86855.1078,87176.5505,87517.2400
PF03936,GTR20,-38815.8480,379,78389.6961,366429.6961,79857.2287
PF01697,m1,-28680.9636,127,57615.9272,57710.4388,58143.8635
PF01697,m2,-29035.9620,108,58287.9240,58352.7835,58736.8777
PF01697,m3,-29436.9886,108,59089.9772,59154.8367,59538.9310
PF01697,m4,-29981.6489,127,60217.2978,60311.8094,60745.2341
PF01697,m5,-31904.9832,108,64025.9665,64090.8260,64474.9202
PF01697,poisson,-31047.6638,107,62309.3277,62372.8222,62754.1244
PF01697,GTR20,-28887.4451,315,58404.8902,59681.0440,59714.3386
PF02274,m1,-21303.5590,61,42729.1179,42748.3647,42980.4561
PF02274,m2,-21655.9251,79,43469.8501,43503.5568,43795.3536
PF02274,m3,-21960.0038,61,44042.0076,44061.2545,44293.3458
PF02274,m4,-22571.1963,60,45262.3925,45280.9712,45509.6104
PF02274,m5,-24157.5891,59,48433.1782,48451.1022,48676.2757
PF02274,poisson,-23413.6773,59,46945.3547,46963.2787,47188.4522
PF02274,GTR20,-21480.7286,267,43495.4571,44260.7619,44595.5765
PF00102,m1,-48572.4549,240,97624.9099,98175.7670,98611.6620
PF00102,m2,-49201.4516,239,98880.9031,99424.5998,99863.5438
PF00102,m3,-50454.8824,239,101387.7648,101931.4615,102370.4055
PF00102,m4,-51114.0013,219,102666.0026,103083.1454,103566.4139
PF00102,m5,-55359.8440,220,111159.6879,111582.4705,112064.2108
PF00102,poisson,-54022.0379,219,108482.0759,108899.2187,109382.4872
PF00102,GTR20,-49724.0462,427,100302.0924,116193.9185,102057.6890
PF00227,m1,-52684.9908,354,106077.9815,357417.9815,107350.5094
PF00227,m2,-53541.1316,373,107828.2632,386832.2632,109169.0905
PF00227,m3,-54329.7603,353,109365.5206,359289.5206,110634.4537
PF00227,m4,-55552.0963,355,111814.1927,364574.1927,113090.3152
PF00227,m5,-59268.6927,354,119245.3854,370585.3854,120517.9132
PF00227,poisson,-59252.7624,353,119211.5248,369135.5248,120480.4579
PF00227,GTR20,-52760.5301,561,106643.0603,737207.0603,108659.6934
PF07859,m1,-48825.8715,282,98215.7430,100432.5763,99307.6802
PF07859,m2,-49843.4132,263,100212.8265,101738.8045,101231.1934
PF07859,m3,-50758.2298,262,102040.4596,103538.4161,103054.9544
PF07859,m4,-52109.5896,280,104779.1791,106905.6656,105863.3721
PF07859,m5,-56788.4885,261,114098.9770,115569.5576,115109.5997
PF07859,poisson,-53943.5687,261,108409.1374,109879.7181,109419.7602
PF07859,GTR20,-49275.9251,469,99489.8502,540349.8502,101305.8734
PF03129,m1,-19437.9316,218,39311.8632,134795.8632,39954.6929
PF03129,m2,-19854.5175,217,40143.0350,134755.0350,40782.9159
PF03129,m3,-20128.3370,217,40690.6740,135302.6740,41330.5549
PF03129,m4,-20594.7830,218,41625.5660,137109.5660,42268.3956
PF03129,m5,-22223.9759,218,44883.9517,140367.9517,45526.7814
PF03129,poisson,-21955.8607,217,44345.7213,138957.7213,44985.6022
PF03129,GTR20,-19504.6711,425,39859.3423,401959.3423,41112.5652
PF05738,m1,-17300.1928,287,35174.3856,200486.3856,35941.4875
PF05738,m2,-17737.8141,268,36011.6282,180195.6282,36727.9464
PF05738,m3,-17935.5370,287,36445.0740,201757.0740,37212.1758
PF05738,m4,-18357.1351,287,37288.2702,202600.2702,38055.3721
PF05738,m5,-20030.4916,268,40596.9831,184780.9831,41313.3013
PF05738,poisson,-19453.1847,267,39440.3693,182552.3693,40154.0146
PF05738,GTR20,-17333.0395,475,35616.0791,487816.0791,36885.6728
PF01636,m1,-138368.1391,567,277870.2782,281409.3551,280489.8597
PF01636,m2,-140886.5614,566,282905.1227,286412.4670,285520.0842
PF01636,m3,-143467.2525,547,288028.5051,290996.3862,290555.6851
PF01636,m4,-147190.8194,549,295479.6388,298499.1388,298016.0590
PF01636,m5,-157697.4676,548,316490.9352,319484.4875,319022.7353
PF01636,poisson,-148250.5760,547,297595.1520,300563.0332,300122.3321
PF01636,GTR20,-140004.2745,755,281518.5490,1423078.5490,285006.7043
PF00673,m1,-2870.6558,41,5823.3115,5871.8186,5935.1344
PF00673,m2,-2899.3560,60,5918.7121,6059.4813,6082.3553
PF00673,m3,-2949.2002,59,6016.4004,6149.9854,6177.3163
PF00673,m4,-3014.0339,58,6144.0679,6270.8086,6302.2564
PF00673,m5,-3347.6209,39,6773.2418,6815.9815,6879.6099
PF00673,poisson,-3273.5616,39,6625.1232,6667.8629,6731.4913
PF00673,GTR20,-2792.2119,247,6078.4237,128590.4237,6752.0885
PF07025,m1,-6313.3812,61,12748.7625,12836.7160,12931.5924
PF07025,m2,-6461.7274,42,13007.4549,13041.8549,13133.3378
PF07025,m3,-6491.4170,61,13104.8341,13192.7876,13287.6640
PF07025,m4,-6706.6763,41,13495.3527,13527.8432,13618.2384
PF07025,m5,-7222.4863,41,14526.9725,14559.4631,14649.8582
PF07025,poisson,-6998.7309,41,14079.4619,14111.9524,14202.3476
PF07025,GTR20,-6319.3588,249,13136.7176,137636.7176,13883.0234
PF01490,m1,-22449.3467,67,45032.6933,45051.4038,45322.0642
PF01490,m2,-22776.5609,49,45651.1219,45660.8249,45862.7513
PF01490,m3,-22993.8437,47,46081.6874,46090.5868,46284.6789
PF01490,m4,-23297.1097,49,46692.2194,46701.9224,46903.8488
PF01490,m5,-24441.3359,47,48976.6718,48985.5712,49179.6633
PF01490,poisson,-24659.4472,47,49412.8944,49421.7938,49615.8859
PF01490,GTR20,-22454.0726,255,45418.1451,45854.8006,46519.4820
PF04172,m1,-13095.0956,93,26376.1912,26507.6498,26694.7116
PF04172,m2,-13336.6324,94,26861.2648,26996.5678,27183.2101
PF04172,m3,-13652.2864,73,27450.5727,27521.1871,27700.5941
PF04172,m4,-13903.6871,94,27995.3742,28130.6773,28317.3195
PF04172,m5,-14796.4423,73,29738.8847,29809.4991,29988.9060
PF04172,poisson,-15501.0638,73,31148.1275,31218.7419,31398.1489
PF04172,GTR20,-13179.9629,281,26921.9257,185405.9257,27884.3367
PF01039,m1,-25915.6327,64,51959.2654,51974.1757,52243.0763
PF01039,m2,-26403.1512,84,52974.3025,53000.8452,53346.8044
PF01039,m3,-26842.6507,84,53853.3014,53879.8441,54225.8033
PF01039,m4,-27834.5514,84,55837.1029,55863.6456,56209.6048
PF01039,m5,-30360.7286,63,60847.4572,60861.8830,61126.8337
PF01039,poisson,-29173.5037,63,58473.0074,58487.4332,58752.3838
PF01039,GTR20,-26232.6777,271,53007.3554,53427.3668,54209.1175
PF00225,m1,-56531.4537,202,113466.9074,113651.2040,114370.6333
PF00225,m2,-57351.4617,202,115106.9233,115291.2199,116010.6492
PF00225,m3,-59986.0537,201,120374.1073,120556.1791,121273.3593
PF00225,m4,-61160.1965,200,122720.3929,122900.2587,123615.1711
PF00225,m5,-67885.3824,181,136132.7647,136274.1467,136942.5390
PF00225,poisson,-64526.8376,181,129415.6752,129557.0572,130225.4494
PF00225,GTR20,-59189.5215,389,119157.0429,120333.0894,120897.3864
PF01225,m1,-27443.6421,400,55687.2842,376487.2842,56834.2980
PF01225,m2,-28109.4237,420,57058.8474,410698.8474,58263.2119
PF01225,m3,-28665.7476,419,58169.4952,410129.4952,59370.9921
PF01225,m4,-29741.8067,420,60323.6134,413963.6134,61527.9778
PF01225,m5,-32800.0263,400,66400.0525,387200.0525,67547.0663
PF01225,poisson,-30940.0118,399,62678.0236,381878.0236,63822.1699
PF01225,GTR20,-27592.8171,607,56399.6342,794511.6342,58140.2276
PF01554,m1,-23404.0878,153,47114.1756,48387.7972,47611.7734
PF01554,m2,-23786.4247,134,47840.8495,48486.9209,48276.6541
PF01554,m3,-23973.5436,153,48253.0872,49526.7088,48750.6850
PF01554,m4,-24359.5828,134,48987.1657,49633.2371,49422.9703
PF01554,m5,-25824.7113,134,51917.4226,52563.4940,52353.2272
PF01554,poisson,-26428.5139,133,53123.0277,53748.3611,53555.5801
PF01554,GTR20,-23224.8338,341,47131.6677,280375.6677,48240.6929
PF00275,m1,-24667.1732,65,49464.3463,49483.8463,49739.0712
PF00275,m2,-25275.6447,64,50679.2894,50698.1556,50949.7878
PF00275,m3,-25551.6924,63,51229.3847,51247.6291,51495.6566
PF00275,m4,-26322.7862,83,52811.5725,52844.6151,53162.3750
PF00275,m5,-28635.7583,63,57397.5166,57415.7609,57663.7884
PF00275,poisson,-27545.7987,63,55217.5974,55235.8417,55483.8692
PF00275,GTR20,-24857.2218,271,50256.4436,50886.4607,51401.8350
PF01478,m1,-23056.1411,232,46576.2821,47791.0237,47451.9781
PF01478,m2,-23551.7063,213,47529.4127,48373.5238,48333.3921
PF01478,m3,-23834.1116,212,48092.2231,48920.7736,48892.4281
PF01478,m4,-24206.0946,212,48836.1892,49664.7397,49636.3942
PF01478,m5,-26144.9369,211,52711.8739,53525.1830,53508.3043
PF01478,poisson,-26155.0003,211,52732.0005,53545.3096,53528.4309
PF01478,GTR20,-23017.6410,419,46873.2819,398833.2819,48454.8190
PF00355,m1,-27505.1401,313,55636.2802,252200.2802,56540.9594
PF00355,m2,-27839.2380,332,56342.4760,277454.4760,57302.0719
PF00355,m3,-28297.5585,330,57255.1170,275715.1170,58208.9322
PF00355,m4,-29258.4341,332,59180.8681,280292.8681,60140.4640
PF00355,m5,-31766.0591,311,64154.1183,258218.1183,65053.0169
PF00355,poisson,-30447.0462,311,61516.0924,255580.0924,62414.9910
PF00355,GTR20,-27509.7496,519,56057.4992,595817.4992,57557.5904
PF07993,m1,-45476.1774,209,91370.3547,91782.4674,92216.2555
PF07993,m2,-46302.7291,227,93059.4582,93590.2890,93978.2117
PF07993,m3,-47134.0473,227,94722.0947,95252.9254,95640.8481
PF07993,m4,-48492.4152,208,97400.8305,97807.1109,98242.6839
PF07993,m5,-52524.2202,207,105462.4404,105862.9613,106300.2464
PF07993,poisson,-51579.4353,207,103572.8705,103973.3915,104410.6766
PF07993,GTR20,-46566.4910,415,93962.9820,143288.6963,95642.6414
PF00149,m1,-135716.2030,677,272786.4060,1190798.4060,275711.5661
PF00149,m2,-138264.4644,677,277882.9289,1195894.9289,280808.0890
PF00149,m3,-140354.9916,676,282061.9832,1197365.9832,284982.8226
PF00149,m4,-143351.6733,677,288057.3467,1206069.3467,290982.5068
PF00149,m5,-151848.3251,658,305012.6503,1172256.6503,307855.7158
PF00149,poisson,-146447.2821,657,294208.5642,1158820.5642,297047.3090
PF00149,GTR20,-137480.9574,865,276691.9147,1774871.9147,280429.3793
PF00520,m1,-108326.0978,641,217934.1956,1040978.1956,220530.0747
PF00520,m2,-110433.9516,641,222149.9033,1045193.9033,224745.7824
PF00520,m3,-112410.8923,621,226063.7846,998587.7846,228578.6691
PF00520,m4,-114396.4752,622,230036.9504,1005048.9504,232555.8846
PF00520,m5,-122620.5702,622,246485.1404,1021497.1404,249004.0746
PF00520,poisson,-119923.7455,621,241089.4910,1013613.4910,243604.3755
PF00520,GTR20,-110430.3165,829,222518.6331,1598658.6331,225875.8621
PF01699,m1,-32245.2113,271,65032.4225,212456.4225,65998.4075
PF01699,m2,-32845.0053,253,66196.0106,84556.5820,67097.8342
PF01699,m3,-33304.2215,252,67112.4431,83051.4431,68010.7022
PF01699,m4,-33905.9867,253,68317.9734,86678.5449,69219.7971
PF01699,m5,-35787.2936,252,72078.5871,88017.5871,72976.8463
PF01699,poisson,-36902.6929,251,74307.3858,88363.3858,75202.0804
PF01699,GTR20,-32477.4519,459,65872.9038,488152.9038,67509.0186
PF02801,m1,-36062.2493,339,72802.4986,303322.4986,73928.9990
PF02801,m2,-36890.6393,358,74497.2785,331541.2785,75686.9161
PF02801,m3,-37738.5400,357,76191.0800,331803.0800,77377.3945
PF02801,m4,-38992.8001,356,78697.6002,332881.6002,79880.5917
PF02801,m5,-42733.0730,337,86140.1460,313952.1460,87260.0003
PF02801,poisson,-41160.1166,337,82994.2331,310806.2331,84114.0875
PF02801,GTR20,-36892.3112,545,74874.6225,670014.6225,76685.6629
PF01541,m1,-23404.6276,332,47473.2551,268585.2551,48452.2434
PF01541,m2,-23893.3338,331,48448.6676,268232.6676,49424.7071
PF01541,m3,-24220.4488,332,49104.8976,270216.8976,50083.8859
PF01541,m4,-24874.6480,312,50373.2959,245685.2959,51293.3090
PF01541,m5,-26729.5362,311,54081.0723,248145.0723,54998.1366
PF01541,poisson,-25690.4858,311,52002.9715,246066.9715,52920.0359
PF01541,GTR20,-23586.9461,519,48211.8923,587971.8923,49742.2987
PF06480,m1,-28131.4679,231,56724.9357,59276.9357,57559.5683
PF06480,m2,-28571.2504,231,57604.5008,60156.5008,58439.1334
PF06480,m3,-29147.1694,212,58718.3388,60198.8634,59484.3220
PF06480,m4,-29667.4583,213,59760.9166,61280.3166,60530.5129
PF06480,m5,-32015.2373,211,64452.4746,65895.4424,65214.8447
PF06480,poisson,-31702.0076,211,63826.0152,65268.9830,64588.3853
PF06480,GTR20,-28468.5933,419,57775.1867,409735.1867,59289.0873
PF00581,m1,-11582.2700,94,23352.5400,23631.6025,23641.0170
PF00581,m2,-11680.9042,113,23587.8084,24160.3418,23934.5946
PF00581,m3,-11893.6936,94,23975.3872,24254.4497,24263.8642
PF00581,m4,-12137.8751,94,24463.7503,24742.8128,24752.2273
PF00581,m5,-12796.4081,94,25780.8161,26059.8786,26069.2931
PF00581,poisson,-12548.1547,93,25282.3095,25551.2941,25567.7176
PF00581,GTR20,-11548.2963,301,23698.5927,205502.5927,24622.3328
PF00680,m1,-32367.5907,69,64873.1814,64888.4662,65187.4028
PF00680,m2,-32861.4745,87,65896.9490,65921.8871,66293.1412
PF00680,m3,-33446.5594,68,67029.1187,67043.9433,67338.7862
PF00680,m4,-34289.9549,87,68753.9098,68778.8479,69150.1020
PF00680,m5,-36752.1461,67,73638.2922,73652.6645,73943.4058
PF00680,poisson,-35199.5265,67,70533.0530,70547.4252,70838.1665
PF00680,GTR20,-32630.2429,275,65810.4858,66166.8238,67062.8175
PF01583,m1,-4629.6029,38,9335.2059,9358.5444,9453.4614
PF01583,m2,-4720.4826,58,9556.9651,9620.9277,9737.4604
PF01583,m3,-4859.9448,39,9797.8896,9822.6515,9919.2571
PF01583,m4,-4993.2428,57,10100.4857,10161.7079,10277.8690
PF01583,m5,-5570.8293,37,11215.6586,11237.6273,11330.8021
PF01583,poisson,-5223.1604,37,10520.3208,10542.2895,10635.4643
PF01583,GTR20,-4575.6212,245,9641.2423,130181.2423,10403.6794
PF00152,m1,-55752.0169,211,111926.0339,112142.6537,112862.3995
PF00152,m2,-56918.8171,229,114295.6342,114562.3178,115311.8794
PF00152,m3,-58431.8914,210,117283.7828,117497.8407,118215.7106
PF00152,m4,-59623.8765,230,119707.7531,119977.4485,120728.4359
PF00152,m5,-64577.0350,209,129572.0700,129783.5881,130499.5601
PF00152,poisson,-63998.5577,209,128415.1153,128626.6334,129342.6054
PF00152,GTR20,-57570.1950,417,115974.3901,117658.5060,117824.9325
PF00117,m1,-42062.4058,261,84646.8117,89205.6117,85606.4444
PF00117,m2,-43060.3670,261,86642.7341,91201.5341,87602.3668
PF00117,m3,-43719.9242,280,87999.8484,102305.3030,89029.3395
PF00117,m4,-45092.2797,261,90706.5594,95265.3594,91666.1922
PF00117,m5,-48992.9024,259,98503.8049,102712.5549,99456.0841
PF00117,poisson,-47229.2212,259,94976.4424,99185.1924,95928.7216
PF00117,GTR20,-42781.3685,467,86496.7369,523608.7369,88213.7810
PF00874,m1,-40928.4227,481,82818.8454,546502.8454,84147.4511
PF00874,m2,-41607.7838,481,84177.5676,547861.5676,85506.1732
PF00874,m3,-42137.8982,462,85199.7963,513011.7963,86475.9207
PF00874,m4,-42919.9655,481,86801.9309,550485.9309,88130.5366
PF00874,m5,-45347.8069,462,91619.6138,519431.6138,92895.7382
PF00874,poisson,-46268.2853,461,93458.5706,519422.5706,94731.9328
PF00874,GTR20,-41280.4020,669,83898.8040,980358.8040,85746.6983
PF04408,m1,-23270.4362,276,47092.8723,199996.8723,48064.7955
PF04408,m2,-23665.9405,296,47923.8810,223747.8810,48966.2334
PF04408,m3,-24029.4529,294,48646.9059,222106.9059,49682.2154
PF04408,m4,-24656.8968,277,49867.7936,203879.7936,50843.2383
PF04408,m5,-26521.5146,276,53595.0292,206499.0292,54566.9524
PF04408,poisson,-26116.2101,275,52782.4202,204582.4202,53750.8220
PF04408,GTR20,-23493.4598,483,47952.9195,515496.9195,49653.7851
PF00487,m1,-41625.6178,236,83723.2355,84926.0743,84619.8214
PF00487,m2,-42276.0899,236,85024.1799,86227.0186,85920.7657
PF00487,m3,-42996.5597,216,86425.1195,87254.7124,87245.7235
PF00487,m4,-43577.1444,235,87624.2888,88804.2888,88517.0755
PF00487,m5,-46997.8171,215,94425.6341,95240.3709,95242.4390
PF00487,poisson,-45774.0006,215,91978.0011,92792.7380,92794.8061
PF00487,GTR20,-41531.8283,423,83909.6567,442613.6567,85516.6729
PF01850,m1,-41163.3588,309,82944.7176,274524.7176,83987.6786
PF01850,m2,-41963.3950,309,84544.7900,276124.7900,85587.7511
PF01850,m3,-42682.6785,290,85945.3569,254725.3569,86924.1876
PF01850,m4,-43826.0466,309,88270.0932,279850.0932,89313.0543
PF01850,m5,-46897.3963,290,94374.7926,263154.7926,95353.6234
PF01850,poisson,-44530.6926,289,89639.3852,257259.3852,90614.8407
PF01850,GTR20,-41506.4228,497,84006.8456,579018.8456,85684.3590
PF05000,m1,-16454.6877,212,33333.3755,123645.3755,33973.0388
PF05000,m2,-16700.4523,231,33862.9046,141046.9046,34559.8963
PF05000,m3,-17174.3571,211,34770.7142,124234.7142,35407.3603
PF05000,m4,-17509.4404,211,35440.8809,124904.8809,36077.5269
PF05000,m5,-18795.6602,211,38013.3204,127477.3204,38649.9665
PF05000,poisson,-18637.4045,211,37696.8091,127160.8091,38333.4551
PF05000,GTR20,-16714.8839,419,34267.7677,386227.7677,35532.0080
PF03144,m1,-31141.0235,598,63478.0471,779882.0471,65103.7094
PF03144,m2,-31729.0170,597,64652.0339,778664.0339,66274.9777
PF03144,m3,-32413.9712,597,66021.9424,780033.9424,67644.8862
PF03144,m4,-33201.2649,618,67638.5298,832722.5298,69318.5621
PF03144,m5,-35901.9298,598,72999.8596,789403.8596,74625.5219
PF03144,poisson,-35430.8596,597,72055.7191,786067.7191,73678.6629
PF03144,GTR20,-31007.1074,805,63624.2149,1361284.2149,65812.6064
PF02789,m1,-25198.7103,223,50843.4206,150747.4206,51554.2077
PF02789,m2,-25502.9037,222,51449.8074,150461.8074,52157.4070
PF02789,m3,-25739.5130,203,51885.0261,134709.0261,52532.0654
PF02789,m4,-26336.6016,205,53083.2032,137543.2032,53736.6173
PF02789,m5,-27945.3995,204,56298.7991,139938.7991,56949.0258
PF02789,poisson,-28045.8585,203,56497.7170,139321.7170,57144.7563
PF02789,GTR20,-25137.6028,411,51097.2057,389761.2057,52407.2212
PF03358,m1,-7971.7307,41,16025.4614,16045.9614,16162.6928
PF03358,m2,-8045.0794,41,16172.1588,16192.6588,16309.3902
PF03358,m3,-8133.9751,40,16347.9502,16367.3584,16481.8345
PF03358,m4,-8282.3247,58,16680.6493,16725.9738,16874.7816
PF03358,m5,-8847.4334,39,17772.8668,17791.2197,17903.4040
PF03358,poisson,-8583.1614,39,17244.3228,17262.6757,17374.8600
PF03358,GTR20,-7867.7647,247,16229.5294,138741.5294,17056.2650
PF01397,m1,-23657.1852,167,47648.3704,48140.5809,48256.5689
PF01397,m2,-24101.3075,148,48498.6150,48830.2240,49037.6172
PF01397,m3,-24287.7988,148,48871.5976,49203.2066,49410.5998
PF01397,m4,-24629.2335,168,49594.4669,50096.9802,50206.3073
PF01397,m5,-26627.5209,148,53551.0418,53882.6508,54090.0440
PF01397,poisson,-26477.2498,147,53248.4996,53573.2160,53783.8600
PF01397,GTR20,-23693.1523,355,48096.3046,300856.3046,49389.1816
PF01627,m1,-42189.4723,503,85384.9446,592408.9446,86807.5864
PF01627,m2,-43080.0721,484,87128.1441,556608.1441,88497.0480
PF01627,m3,-43776.9590,484,88521.9180,558001.9180,89890.8218
PF01627,m4,-44667.1789,503,90340.3578,597364.3578,91762.9996
PF01627,m5,-48459.7836,484,97887.5671,567367.5671,99256.4710
PF01627,poisson,-47535.9378,483,96037.8755,563581.8755,97403.9511
PF01627,GTR20,-42798.4249,691,86978.8498,1043322.8498,88933.2146
PF02866,m1,-8668.1454,55,17446.2908,17486.0328,17630.6430
PF02866,m2,-8798.6776,73,17743.3552,17822.2165,17988.0408
PF02866,m3,-8923.6285,72,17991.2570,18067.4309,18232.5908
PF02866,m4,-9211.0996,74,18570.1992,18651.8169,18818.2367
PF02866,m5,-10015.1810,53,20136.3620,20172.8206,20314.0105
PF02866,poisson,-9669.2177,53,19444.4355,19480.8941,19622.0840
PF02866,GTR20,-8699.6176,261,17921.2352,154685.2352,18796.0702
PF06968,m1,-9431.1545,123,19108.3090,49612.3090,19456.1916
PF06968,m2,-9667.7220,123,19581.4439,50085.4439,19929.3265
PF06968,m3,-9753.8043,140,19787.6086,59267.6086,20183.5725
PF06968,m4,-10059.5623,123,20365.1247,50869.1247,20713.0073
PF06968,m5,-10858.0121,121,21958.0243,31799.3576,22300.2502
PF06968,poisson,-10556.4817,121,21354.9634,31196.2967,21697.1893
PF06968,GTR20,-9413.6691,329,19485.3382,236625.3382,20415.8534
PF03140,m1,-19135.3805,70,38410.7609,38429.5156,38718.6626
PF03140,m2,-19390.1106,50,38880.2212,38889.4939,39100.1509
PF03140,m3,-19712.2081,68,39560.4163,39578.0554,39859.5207
PF03140,m4,-20106.0086,68,40348.0173,40365.6564,40647.1217
PF03140,m5,-22025.4305,49,44148.8610,44157.7539,44364.3921
PF03140,poisson,-21138.6435,49,42375.2870,42384.1799,42590.8181
PF03140,GTR20,-19423.5685,257,39361.1370,39747.7609,40491.5759
PF00156,m1,-30593.2149,250,61686.4297,187186.4297,62557.6290
PF00156,m2,-31206.4398,249,62910.8796,187410.8796,63778.5940
PF00156,m3,-31681.5269,250,63863.0538,189363.0538,64734.2530
PF00156,m4,-32555.2618,269,65648.5237,210908.5237,66585.9340
PF00156,m5,-35298.8564,250,71097.7127,196597.7127,71968.9119
PF00156,poisson,-34318.6848,249,69135.3696,193635.3696,70003.0841
PF00156,GTR20,-30707.5662,457,62329.1323,480941.1323,63921.6845
PF07702,m1,-46668.4225,369,94074.8451,367134.8451,95265.1456
PF07702,m2,-47576.7061,368,95889.4122,367473.4122,97076.4870
PF07702,m3,-48112.1692,350,96924.3385,342624.3385,98053.3498
PF07702,m4,-49394.0578,369,99526.1157,372586.1157,100716.4162
PF07702,m5,-53356.8550,350,107413.7100,353113.7100,108542.7214
PF07702,poisson,-51627.4909,349,103952.9818,348252.9818,105078.7674
PF07702,GTR20,-46921.1059,557,94956.2119,716568.2119,96752.9528
PF00990,m1,-15333.5319,92,30851.0639,31037.0639,31147.3366
PF00990,m2,-15549.2454,112,31322.4908,31674.0464,31683.1707
PF00990,m3,-15976.1591,92,32136.3182,32322.3182,32432.5909
PF00990,m4,-16344.9115,92,32873.8229,33059.8229,33170.0957
PF00990,m5,-17363.8604,91,34909.7209,35089.7639,35202.7732
PF00990,poisson,-17226.0122,91,34634.0244,34814.0674,34927.0767
PF00990,GTR20,-15517.9912,299,31633.9824,211033.9824,32596.8688
PF02674,m1,-7037.6500,57,14189.3000,14245.3339,14370.0176
PF02674,m2,-7111.9683,56,14335.9365,14389.5836,14513.4836
PF02674,m3,-7159.2738,57,14432.5475,14488.5814,14613.2651
PF02674,m4,-7295.8771,39,14669.7543,14692.6955,14793.4032
PF02674,m5,-7684.2649,37,15442.5297,15462.9065,15559.8376
PF02674,poisson,-7950.1632,37,15974.3264,15994.7032,16091.6343
PF02674,GTR20,-6914.5899,245,14319.1798,134859.1798,15095.9483
PF01547,m1,-114110.2521,321,228862.5042,229645.5496,230266.3398
PF01547,m2,-115404.9856,302,231413.9713,232060.6568,232734.7139
PF01547,m3,-116282.4354,320,233204.8707,233980.1160,234604.3330
PF01547,m4,-117896.1313,303,236398.2626,237051.5392,237723.3785
PF01547,m5,-123473.4166,302,247550.8332,248197.5187,248871.5758
PF01547,poisson,-121487.1827,301,243576.3654,244216.5203,244892.7347
PF01547,GTR20,-114219.3779,509,229456.7559,236288.0717,231682.7756
PF02588,m1,-19805.2260,291,40192.4521,210136.4521,41052.5977
PF02588,m2,-20172.1956,290,40924.3911,209704.3911,41781.5810
PF02588,m3,-20378.8198,291,41339.6396,211283.6396,42199.7853
PF02588,m4,-20675.9887,272,41895.9774,190407.9774,42699.9623
PF02588,m5,-22110.7190,272,44765.4381,193277.4381,45569.4230
PF02588,poisson,-23314.9792,271,47171.9585,194595.9585,47972.9876
PF02588,GTR20,-19658.0571,479,40274.1142,500114.1142,41689.9554
PF02769,m1,-46521.2547,332,93706.5095,314818.5095,94864.8368
PF02769,m2,-47517.2083,352,95738.4167,344250.4167,96966.5228
PF02769,m3,-48192.1242,352,97088.2483,345600.2483,98316.3544
PF02769,m4,-49760.3883,351,100222.7767,347326.7767,101447.3938
PF02769,m5,-54131.7859,332,108927.5718,330039.5718,110085.8992
PF02769,poisson,-51897.9133,331,104457.8265,324241.8265,105612.6649
PF02769,GTR20,-47004.7794,539,95087.5588,677207.5588,96968.0963
PF00169,m1,-37430.2460,305,75470.4920,82383.8253,76631.9754
PF00169,m2,-37831.5613,305,76273.1226,83186.4559,77434.6060
PF00169,m3,-38100.5760,304,76809.1519,83432.0091,77966.8272
PF00169,m4,-38658.7368,306,77929.4737,85155.7814,79094.7653
PF00169,m5,-40693.9835,286,81959.9671,85528.7497,83049.0958
PF00169,poisson,-40324.6828,285,81219.3656,84687.8762,82304.6862
PF00169,GTR20,-37514.4778,493,76014.9556,563098.9556,77892.3698
PF02086,m1,-14513.0307,51,29128.0615,29147.9267,29320.0862
PF02086,m2,-14638.3977,70,29416.7955,29456.8761,29680.3588
PF02086,m3,-14808.0410,69,29754.0820,29792.8772,30013.8802
PF02086,m4,-15180.3850,49,30458.7701,30476.9857,30643.2644
PF02086,m5,-16113.8996,49,32325.7992,32344.0149,32510.2936
PF02086,poisson,-15605.2353,49,31308.4706,31326.6862,31492.9650
PF02086,GTR20,-14466.3478,257,29446.6956,31620.6629,30414.3498
PF04203,m1,-5428.3012,43,10942.6025,10976.3882,11073.7463
PF04203,m2,-5463.3764,62,11050.7529,11134.7529,11239.8440
PF04203,m3,-5529.3495,60,11178.6990,11255.7516,11361.6904
PF04203,m4,-5751.7655,41,11585.5309,11615.7414,11710.5750
PF04203,m5,-6202.4549,41,12486.9098,12517.1204,12611.9539
PF04203,poisson,-5984.3118,41,12050.6236,12080.8341,12175.6677
PF04203,GTR20,-5317.7648,249,11133.5296,135633.5296,11892.9438
PF00111,m1,-24320.2571,375,49390.5142,331390.5142,50445.0833
PF00111,m2,-24681.4660,393,50148.9321,359832.9321,51254.1205
PF00111,m3,-25153.4115,373,51052.8230,330056.8230,52101.7678
PF00111,m4,-26054.9051,375,52859.8102,334859.8102,53914.3793
PF00111,m5,-28465.7058,373,57677.4117,336681.4117,58726.3564
PF00111,poisson,-26812.8323,373,54371.6647,333375.6647,55420.6094
PF00111,GTR20,-24165.0388,581,49492.0775,725776.0775,51125.9566
PF06114,m1,-21125.9114,156,42563.8227,43606.0355,43081.4495
PF06114,m2,-21441.2957,175,43232.5914,45432.5914,43813.2624
PF06114,m3,-21715.4917,155,43740.9833,44748.4833,44255.2919
PF06114,m4,-22128.5628,175,44607.1256,46807.1256,45187.7966
PF06114,m5,-23514.6276,156,47341.2551,48383.4679,47858.8818
PF06114,poisson,-22715.5476,155,45741.0951,46748.5951,46255.4037
PF06114,GTR20,-21180.1825,363,43086.3651,307350.3651,44290.8426
PF04965,m1,-3796.9375,42,7677.8750,7735.2083,7789.7394
PF04965,m2,-3836.9205,61,7795.8411,7967.7501,7958.3108
PF04965,m3,-3899.5634,60,7919.1267,8081.7934,8078.9331
PF04965,m4,-4025.9491,60,8171.8983,8334.5650,8331.7046
PF04965,m5,-4418.7982,41,8919.5963,8973.4088,9028.7973
PF04965,poisson,-4272.5838,41,8627.1675,8680.9800,8736.3685
PF04965,GTR20,-3754.2029,249,8006.4058,132506.4058,8669.6021
PF07681,m1,-21211.9910,229,42881.9820,148221.9820,43615.6995
PF07681,m2,-21594.9808,228,43645.9616,148069.9616,44376.4751
PF07681,m3,-21909.4224,228,44274.8447,148698.8447,45005.3582
PF07681,m4,-22305.9139,210,45031.8278,133651.8278,45704.6692
PF07681,m5,-24201.7613,210,48823.5227,137443.5227,49496.3641
PF07681,poisson,-24139.3403,209,48696.6806,136476.6806,49366.3180
PF07681,GTR20,-21095.8081,417,43025.6161,391637.6161,44361.6869
PF00135,m1,-121123.6304,235,242717.2608,242887.1230,243842.9337
PF00135,m2,-123082.8327,235,246635.6654,246805.5275,247761.3382
PF00135,m3,-125891.1012,252,252286.2024,252486.6930,253493.3069
PF00135,m4,-128135.7615,235,256741.5229,256911.3851,257867.1958
PF00135,m5,-137610.0529,233,275686.1059,275852.5853,276802.1985
PF00135,poisson,-132192.3954,233,264850.7909,265017.2703,265966.8836
PF00135,GTR20,-124205.1665,441,249292.3330,250164.4672,251404.7658
PF04452,m1,-42515.7713,215,85461.5425,87213.9954,86234.4055
PF04452,m2,-43282.0513,215,86994.1026,88746.5554,87766.9655
PF04452,m3,-44196.6545,233,88859.3090,91974.8519,89696.8768
PF04452,m4,-45366.8961,215,91163.7922,92916.2451,91936.6552
PF04452,m5,-48888.5706,213,98203.1412,99860.6685,98968.8147
PF04452,poisson,-47712.5924,213,95851.1847,97508.7120,96616.8582
PF04452,GTR20,-43581.2278,421,88004.4557,443328.4557,89517.8292
PF02142,m1,-21512.0908,307,43638.1815,232750.1815,44530.1009
PF02142,m2,-22069.9033,326,44791.8066,257995.8066,45738.9262
PF02142,m3,-22567.3945,307,45748.7890,234860.7890,46640.7083
PF02142,m4,-23319.0916,326,47290.1831,260494.1831,48237.3027
PF02142,m5,-25832.7002,305,52275.4003,238935.4003,53161.5092
PF02142,poisson,-24675.0363,305,49960.0727,236620.0727,50846.1815
PF02142,GTR20,-21700.4333,513,44426.8667,571790.8667,45917.2726
PF07724,m1,-28264.0171,284,57096.0341,218976.0341,58103.9717
PF07724,m2,-28781.6635,304,58171.3270,243611.3270,59250.2461
PF07724,m3,-30022.4977,303,60650.9953,244874.9953,61726.3654
PF07724,m4,-30603.7329,284,61775.4657,223655.4657,62783.4033
PF07724,m5,-33830.7294,283,68227.4588,228971.4588,69231.8473
PF07724,poisson,-33827.8881,283,68221.7762,228965.7762,69226.1647
PF07724,GTR20,-29436.9741,491,59855.9482,542999.9482,61598.5446
PF04307,m1,-4792.5063,62,9709.0127,9766.8794,9912.8852
PF04307,m2,-4852.0396,61,9826.0792,9881.6969,10026.6635
PF04307,m3,-4907.5047,61,9937.0095,9992.6271,10137.5938
PF04307,m4,-4973.5247,60,10067.0494,10120.4801,10264.3455
PF04307,m5,-5408.7699,41,10899.5399,10921.6168,11034.3588
PF04307,poisson,-5384.7050,41,10851.4100,10873.4869,10986.2289
PF04307,GTR20,-4733.6840,249,9965.3681,134465.3681,10784.1466
PF02984,m1,-29783.9671,299,60165.9342,239565.9342,61139.9253
PF02984,m2,-30120.9362,300,60841.8724,241441.8724,61819.1210
PF02984,m3,-30499.3801,300,61598.7603,242198.7603,62576.0089
PF02984,m4,-31070.7327,299,62739.4655,242139.4655,63713.4566
PF02984,m5,-33179.0826,280,66918.1653,224278.1653,67830.2640
PF02984,poisson,-32798.9481,279,66155.8962,222395.8962,67064.7374
PF02984,GTR20,-29941.3988,487,60856.7975,536168.7975,62443.1978
PF04043,m1,-37971.7329,249,76441.4658,77533.5711,77411.8571
PF04043,m2,-38425.7322,248,77347.4644,78421.4122,78313.9586
PF04043,m3,-38810.6153,266,78153.2305,79617.6017,79189.8735
PF04043,m4,-39651.1143,248,79798.2287,80872.1765,80764.7228
PF04043,m5,-42399.9406,247,85293.8812,86350.0191,86256.4782
PF04043,poisson,-41758.0865,247,84010.1729,85066.3108,84972.7699
PF04043,GTR20,-37929.0194,455,76768.0388,491728.0388,78541.2439
PF07228,m1,-61597.6247,363,123921.2493,388185.2493,125309.0150
PF07228,m2,-62598.6005,363,125923.2009,390187.2009,127310.9666
PF07228,m3,-63649.9135,364,128027.8270,393747.8270,129419.4157
PF07228,m4,-65706.6213,363,132139.2426,396403.2426,133527.0083
PF07228,m5,-71107.2068,344,142902.4136,380262.4136,144217.5414
PF07228,poisson,-68781.9305,343,138249.8609,374233.8609,139561.1657
PF07228,GTR20,-62556.9598,551,126215.9197,734519.9197,128322.4180
PF00856,m1,-34303.6708,198,69003.3416,69140.8704,69923.8405
PF00856,m2,-34881.5369,197,70157.0738,70292.9833,71072.9238
PF00856,m3,-35192.1555,199,70782.3109,70921.4718,71707.4589
PF00856,m4,-35995.3078,217,72424.6156,72595.3954,73433.4453
PF00856,m5,-38313.7924,198,77023.5847,77161.1135,77944.0837
PF00856,poisson,-36950.5793,197,74295.1586,74431.0680,75211.0085
PF00856,GTR20,-34521.3306,405,69852.6613,70751.1859,71735.5000
PF05239,m1,-18899.2213,252,38302.4426,165814.4426,38958.9455
PF05239,m2,-19078.6600,270,38697.3200,185037.3200,39400.7159
PF05239,m3,-19290.5769,272,39125.1538,187637.1538,39833.7601
PF05239,m4,-19813.6572,272,40171.3143,188683.3143,40879.9206
PF05239,m5,-21409.0809,252,43322.1618,170834.1618,43978.6647
PF05239,poisson,-20967.6010,251,42437.2020,168941.2020,43091.0997
PF05239,GTR20,-18675.5603,459,38269.1206,460549.1206,39464.8937
PF07662,m1,-16350.2287,105,32910.4575,33026.3950,33298.6523
PF07662,m2,-16576.0404,123,33398.0808,33573.3912,33852.8233
PF07662,m3,-17081.6531,103,34369.3062,34479.7392,34750.1068
PF07662,m4,-17368.7949,122,34981.5898,35153.0869,35432.6352
PF07662,m5,-18703.4552,103,37612.9103,37723.3433,37993.7109
PF07662,poisson,-19290.8214,103,38787.6427,38898.0757,39168.4434
PF07662,GTR20,-16453.1553,311,33528.3106,227592.3106,34678.1067
PF02225,m1,-27791.7705,278,56139.5411,211263.5411,56978.3449
PF02225,m2,-28232.4970,296,57056.9941,232880.9941,57950.1089
PF02225,m3,-28574.4403,296,57740.8806,233564.8806,58633.9954
PF02225,m4,-29215.6526,278,58987.3051,214111.3051,59826.1089
PF02225,m5,-31233.2213,278,63022.4425,218146.4425,63861.2463
PF02225,poisson,-30319.3543,277,61192.7086,215204.7086,62028.4951
PF02225,GTR20,-27800.9173,485,56571.8346,527991.8346,58035.2153
PF07686,m1,-26750.1100,231,53962.2199,161146.2199,54724.1312
PF07686,m2,-27116.7539,212,54657.5078,144969.5078,55356.7511
PF07686,m3,-27360.7591,230,55181.5182,161441.5182,55940.1312
PF07686,m4,-27818.5835,213,56063.1670,147227.1670,56765.7086
PF07686,m5,-29728.2151,212,59880.4302,150192.4302,60579.6735
PF07686,poisson,-28920.0468,211,58262.0936,147726.0936,58958.0385
PF07686,GTR20,-26781.9369,419,54401.8738,406361.8738,55783.8688
PF04385,m1,-10417.4422,153,21140.8843,68264.8843,21567.3706
PF04385,m2,-10513.2125,152,21330.4249,67842.4249,21754.1237
PF04385,m3,-10627.4137,134,21522.8274,57702.8274,21896.3513
PF04385,m4,-10753.1527,153,21812.3054,68936.3054,22238.7916
PF04385,m5,-11379.2175,134,23026.4350,59206.4350,23399.9589
PF04385,poisson,-11376.1161,133,23018.2322,58662.2322,23388.9686
PF04385,GTR20,-10210.5454,341,21103.0908,254347.0908,22053.6255
PF01523,m1,-15772.2908,45,31634.5816,31649.3147,31805.1298
PF01523,m2,-15962.7570,43,32011.5141,32024.8851,32174.4823
PF01523,m3,-16076.9838,64,32281.9676,32313.7233,32524.5250
PF01523,m4,-16413.2670,63,32952.5339,32983.1955,33191.3014
PF01523,m5,-17404.7240,43,34895.4480,34908.8190,35058.4163
PF01523,poisson,-16981.1509,43,34048.3019,34061.6729,34211.2702
PF01523,GTR20,-15649.7293,251,31801.4586,33488.1786,32752.7386
PF03610,m1,-8036.1913,71,16214.3827,16390.6585,16417.9776
PF03610,m2,-8211.9618,70,16563.9236,16732.3981,16764.6510
PF03610,m3,-8274.1501,89,16726.3003,17126.8003,16981.5108
PF03610,m4,-8523.7251,71,17189.4502,17365.7261,17393.0452
PF03610,m5,-9075.3824,69,18288.7648,18449.7648,18486.6247
PF03610,poisson,-9085.3999,69,18308.7997,18469.7997,18506.6596
PF03610,GTR20,-7972.1821,277,16498.3641,170510.3641,17292.6712
PF01909,m1,-25904.6763,257,52323.3527,184935.3527,53105.5129
PF01909,m2,-26381.0348,239,53240.0697,167960.0697,53967.4483
PF01909,m3,-26793.6116,238,54063.2233,167827.2233,54787.5585
PF01909,m4,-27442.3893,238,55360.7787,169124.7787,56085.1139
PF01909,m5,-29190.2454,238,58856.4907,172620.4907,59580.8259
PF01909,poisson,-27943.0244,237,56360.0488,169172.0488,57081.3405
PF01909,GTR20,-26041.4134,445,52972.8268,449912.8268,54327.1510
PF00622,m1,-18663.3610,164,37654.7221,38376.3221,38225.5469
PF00622,m2,-18934.7804,144,38157.5608,38597.1398,38658.7728
PF00622,m3,-19065.8057,144,38419.6113,38859.1903,38920.8233
PF00622,m4,-19483.3257,145,39256.6513,39707.0769,39761.3440
PF00622,m5,-20804.4084,143,41894.8167,42323.8167,42392.5481
PF00622,poisson,-20112.0284,143,40510.0567,40939.0567,41007.7881
PF00622,GTR20,-18655.5645,351,38013.1289,285117.1289,39234.8332
PF01486,m1,-9465.3874,128,19186.7748,52210.7748,19532.4363
PF01486,m2,-9668.2485,147,19630.4971,63142.4971,20027.4677
PF01486,m3,-9817.4687,146,19926.9374,62850.9374,20321.2076
PF01486,m4,-10020.3086,146,20332.6172,63256.6172,20726.8873
PF01486,m5,-10446.2622,127,21146.5244,53658.5244,21489.4854
PF01486,poisson,-10887.5626,127,22029.1252,54541.1252,22372.0862
PF01486,GTR20,-9309.3434,335,19288.6869,244408.6869,20193.3478
PF01814,m1,-34064.3576,570,69268.7151,720208.7151,70813.1473
PF01814,m2,-34640.2635,589,70458.5270,765478.5270,72054.4403
PF01814,m3,-35125.8470,571,71393.6940,724617.6940,72940.8357
PF01814,m4,-36089.5369,589,73357.0738,768377.0738,74952.9871
PF01814,m5,-38596.3903,570,78332.7805,729272.7805,79877.2127
PF01814,poisson,-37653.6153,569,76445.2306,725105.2306,77986.9533
PF01814,GTR20,-34173.4188,777,69900.8376,1278912.8376,72006.1426
PF03364,m1,-27396.8992,225,55243.7984,57786.2984,56050.0850
PF03364,m2,-27691.7688,226,55835.5376,58466.4094,56645.4077
PF03364,m3,-28048.4390,206,56508.8780,57954.3695,57247.0782
PF03364,m4,-28584.1425,226,57620.2849,60251.1567,58430.1551
PF03364,m5,-31098.0547,206,62608.1095,64053.6010,63346.3097
PF03364,poisson,-29780.2314,205,59970.4628,61378.1295,60705.0796
PF03364,GTR20,-27382.8071,413,55591.6141,397555.6141,57071.5981
PF00787,m1,-19937.8716,165,40205.7432,40573.3942,40824.9177
PF00787,m2,-20163.5315,165,40657.0630,41024.7140,41276.2375
PF00787,m3,-20373.9010,164,41075.8020,41436.6020,41691.2239
PF00787,m4,-20792.1233,165,41914.2467,42281.8977,42533.4212
PF00787,m5,-22154.5648,146,44601.1296,44856.6296,45149.0053
PF00787,poisson,-21470.2656,145,43230.5313,43481.0638,43774.6543
PF00787,GTR20,-19962.9922,353,40631.9843,290555.9843,41956.6425
PF02826,m1,-56999.2288,342,114682.4576,349294.4576,115892.2259
PF02826,m2,-58342.2588,361,117406.5176,378770.5176,118683.4953
PF02826,m3,-59398.2157,361,119518.4314,380882.4314,120795.4090
PF02826,m4,-61280.4426,343,123246.8853,359230.8853,124460.1909
PF02826,m5,-66828.1129,342,134340.2258,368952.2258,135549.9942
PF02826,poisson,-64102.2644,341,128886.5288,362130.5288,130092.7597
PF02826,GTR20,-57755.0686,549,116608.1372,720508.1372,118550.1337
PF03065,m1,-17692.4395,63,35510.8791,35524.4777,35793.6032
PF03065,m2,-17878.3877,43,35842.7754,35848.9484,36035.7458
PF03065,m3,-18043.7238,45,36177.4477,36184.2234,36379.3934
PF03065,m4,-18279.4275,64,36686.8550,36700.9090,36974.0668
PF03065,m5,-19552.7759,44,39193.5518,39200.0224,39391.0099
PF03065,poisson,-19053.2555,43,38192.5110,38198.6839,38385.4814
PF03065,GTR20,-17602.4836,251,35706.9673,36019.3228,36833.3759
PF00665,m1,-74150.5449,480,149261.0898,611021.0898,150993.6363
PF00665,m2,-75432.3230,498,151860.6460,648864.6460,153658.1629
PF00665,m3,-76815.3528,498,154626.7056,651630.7056,156424.2226
PF00665,m4,-78641.0070,500,158282.0141,659282.0141,160086.7500
PF00665,m5,-83619.6346,480,168199.2692,629959.2692,169931.8156
PF00665,poisson,-79953.2787,479,160864.5574,620704.5574,162593.4944
PF00665,GTR20,-74893.8413,687,151161.6825,1096473.6825,153641.3897
PF06458,m1,-22474.9283,310,45569.8565,238389.8565,46599.9896
PF06458,m2,-22979.0940,309,46576.1881,238156.1881,47602.9982
PF06458,m3,-23395.3848,290,47370.7696,216150.7696,48334.4425
PF06458,m4,-24062.6747,308,48741.3494,239085.3494,49764.8365
PF06458,m5,-26755.3229,290,54090.6459,222870.6459,55054.3187
PF06458,poisson,-25038.8558,289,50655.7117,218275.7117,51616.0615
PF06458,GTR20,-22331.5971,497,45657.1942,540669.1942,47308.7302
PF01521,m1,-5357.3982,56,10826.7963,10909.7054,10989.0754
PF01521,m2,-5446.1549,75,11042.3097,11238.8614,11259.6477
PF01521,m3,-5627.5597,55,11365.1193,11444.0937,11524.5005
PF01521,m4,-5747.6372,57,11609.2743,11696.2743,11774.4512
PF01521,m5,-6264.1525,56,12640.3050,12723.2141,12802.5840
PF01521,poisson,-6187.4676,55,12484.9352,12563.9095,12644.3164
PF01521,GTR20,-5395.6790,263,11317.3580,150181.3580,12079.4899
PF00479,m1,-30093.3731,237,60660.7462,173472.7462,61445.9761
PF00479,m2,-30623.5438,255,61757.0876,192317.0876,62601.9551
PF00479,m3,-32024.0519,236,64520.1037,176384.1037,65302.0203
PF00479,m4,-32631.6348,237,65737.2697,178549.2697,66522.4995
PF00479,m5,-36675.9928,235,73821.9855,184741.9855,74600.5889
PF00479,poisson,-35464.4867,235,71398.9734,182318.9734,72177.5768
PF00479,GTR20,-31499.1993,443,63884.3986,457268.3986,65352.1488
PF07992,m1,-57655.0600,295,115900.1200,116571.8123,117174.7466
PF07992,m2,-58751.3655,294,118090.7311,118755.3288,119361.0369
PF07992,m3,-59404.1514,313,119434.3029,120246.5508,120786.7034
PF07992,m4,-61461.6883,313,123549.3767,124361.6246,124901.7771
PF07992,m5,-66438.8384,293,133463.6769,134121.2494,134729.6620
PF07992,poisson,-63858.8941,293,128303.7882,128961.3607,129569.7733
PF07992,GTR20,-57981.1157,501,116964.2314,126279.1203,119128.9364
PF00188,m1,-67963.0332,576,137078.0664,801782.0664,139177.8439
PF00188,m2,-69069.8584,576,139291.7169,803995.7169,141391.4943
PF00188,m3,-70957.5952,575,143065.1905,805465.1905,145161.3224
PF00188,m4,-72177.8578,577,145509.7155,812521.7155,147613.1384
PF00188,m5,-77958.2965,576,157068.5929,821772.5929,159168.3703
PF00188,poisson,-74603.8336,575,150357.6672,812757.6672,152453.7992
PF00188,GTR20,-69086.2629,783,139738.5258,1367482.5258,142592.9107
PF00912,m1,-32578.1025,259,65674.2049,200354.2049,66558.9749
PF00912,m2,-33139.4501,277,66832.9003,220844.9003,67779.1601
PF00912,m3,-34245.1669,258,69006.3339,202650.3339,69887.6878
PF00912,m4,-35004.9234,258,70525.8468,204169.8468,71407.2007
PF00912,m5,-37815.0511,257,76144.1023,208756.1023,77022.0401
PF00912,poisson,-37968.6465,257,76451.2931,209063.2931,77329.2309
PF00912,GTR20,-33754.1435,465,68438.2871,501818.2871,70026.7738
PF03958,m1,-36401.5086,483,73769.0173,541313.0173,75272.1074
PF03958,m2,-36991.9036,483,74949.8071,542493.8071,76452.8972
PF03958,m3,-37587.0038,465,76104.0075,509484.0075,77551.0818
PF03958,m4,-38335.1848,463,77596.3697,507260.3697,79037.2200
PF03958,m5,-41754.5137,464,84437.0274,515957.0274,85880.9897
PF03958,poisson,-41362.5813,463,83651.1627,513315.1627,85092.0130
PF03958,GTR20,-36746.9320,671,74835.8641,976659.8641,76924.0079
PF07738,m1,-6964.7378,52,14033.4756,14085.4756,14193.0587
PF07738,m2,-7011.6795,71,14165.3591,14282.8763,14383.2513
PF07738,m3,-7156.8017,51,14415.6034,14465.1735,14572.1175
PF07738,m4,-7261.4586,71,14664.9171,14782.4344,14882.8093
PF07738,m5,-7850.7764,52,15805.5529,15857.5529,15965.1359
PF07738,poisson,-7693.6603,51,15489.3205,15538.8906,15645.8346
PF07738,GTR20,-6916.3913,259,14350.7827,149030.7827,15145.6289
PF03793,m1,-28505.2934,501,58012.5868,561016.5868,59337.4266
PF03793,m2,-29060.2264,483,59086.4528,526630.4528,60363.6936
PF03793,m3,-29470.3388,481,59902.6776,523586.6776,61174.6296
PF03793,m4,-30223.2521,501,61448.5043,564452.5043,62773.3441
PF03793,m5,-33010.3081,482,66984.6163,532596.6163,68259.2127
PF03793,poisson,-31985.5343,481,64933.0686,528617.0686,66205.0207
PF03793,GTR20,-28380.8069,689,58139.6138,1008959.6138,59961.5991
PF00254,m1,-26273.8090,348,53243.6181,296147.6181,54473.2376
PF00254,m2,-26642.9337,367,54019.8675,324131.8675,55316.6214
PF00254,m3,-27262.5370,347,55219.0740,296731.0740,56445.1601
PF00254,m4,-28135.8521,349,56969.7042,301269.7042,58202.8571
PF00254,m5,-30852.8265,348,62401.6530,305305.6530,63631.2725
PF00254,poisson,-29333.6393,347,59361.2786,300873.2786,60587.3647
PF00254,GTR20,-26150.6513,555,53411.3027,670571.3027,55372.3339
PF00579,m1,-20065.6688,72,40275.3377,40307.2890,40563.0822
PF00579,m2,-20359.2520,91,40900.5041,40954.5170,41264.1812
PF00579,m3,-20714.4770,91,41610.9539,41664.9668,41974.6311
PF00579,m4,-21360.3947,72,42864.7895,42896.7409,43152.5340
PF00579,m5,-22968.6490,71,46079.2980,46110.2798,46363.0461
PF00579,poisson,-22198.1978,71,44538.3956,44569.3774,44822.1437
PF00579,GTR20,-20158.4645,279,40874.9290,42155.5848,41989.9392
PF04776,m1,-4382.4087,40,8844.8175,8873.8440,8966.2956
PF04776,m2,-4460.8577,40,9001.7154,9030.7419,9123.1935
PF04776,m3,-4503.9611,40,9087.9222,9116.9488,9209.4004
PF04776,m4,-4532.7503,59,9183.5005,9258.8197,9362.6807
PF04776,m5,-4967.2912,39,10012.5824,10039.9509,10131.0236
PF04776,poisson,-4739.5714,39,9557.1428,9584.5112,9675.5840
PF04776,GTR20,-4278.5186,247,9051.0372,131563.0372,9801.1645
PF01155,m1,-6394.3257,59,12906.6515,12992.9929,13081.0452
PF01155,m2,-6490.1241,78,13136.2482,13331.8672,13366.8027
PF01155,m3,-6581.8689,78,13319.7379,13515.3569,13550.2924
PF01155,m4,-6812.0887,77,13778.1775,13965.8650,14005.7761
PF01155,m5,-7613.9446,57,15341.8892,15420.6035,15510.3714
PF01155,poisson,-7154.5453,57,14423.0906,14501.8049,14591.5728
PF01155,GTR20,-6324.9721,265,13179.9443,154159.9443,13963.2384
PF00953,m1,-8076.3714,66,16284.7427,16328.9627,16521.5011
PF00953,m2,-8255.4087,47,16604.8175,16625.4202,16773.4181
PF00953,m3,-8317.4967,65,16764.9934,16807.6800,16998.1646
PF00953,m4,-8498.0937,45,17086.1873,17104.9204,17247.6135
PF00953,m5,-9179.9413,45,18449.8826,18468.6157,18611.3088
PF00953,poisson,-9211.0470,45,18512.0940,18530.8271,18673.5202
PF00953,GTR20,-8066.1657,253,16638.3315,26524.7930,17545.9054
PF00916,m1,-19440.5390,87,39055.0780,39112.8591,39391.4607
PF00916,m2,-19803.8283,69,39745.6566,39779.7909,40012.4429
PF00916,m3,-20050.6426,68,40237.2852,40270.3274,40500.2050
PF00916,m4,-20381.5701,86,40935.1402,40991.3958,41267.6565
PF00916,m5,-21536.1824,67,43206.3647,43238.3367,43465.4181
PF00916,poisson,-22268.4004,67,44670.8009,44702.7728,44929.8542
PF00916,GTR20,-19477.1187,275,39504.2373,41475.6659,40567.5160
PF01678,m1,-5725.6868,46,11543.3736,11583.7848,11683.0734
PF01678,m2,-5840.4378,46,11772.8756,11813.2868,11912.5754
PF01678,m3,-5892.4634,64,11912.9269,12006.4100,12107.2919
PF01678,m4,-6113.1966,47,12320.3931,12362.9591,12463.1299
PF01678,m5,-6601.8030,46,13295.6059,13336.0171,13435.3057
PF01678,poisson,-6304.6704,45,12699.3408,12737.6742,12836.0037
PF01678,GTR20,-5676.2747,253,11858.5494,140382.5494,12626.8984
PF01464,m1,-8958.2334,88,18092.4668,18304.1424,18364.7168
PF01464,m2,-9145.5004,68,18427.0007,18526.8305,18637.3757
PF01464,m3,-9298.0445,68,18732.0889,18831.9187,18942.4639
PF01464,m4,-9525.5209,67,19185.0418,19280.9576,19392.3231
PF01464,m5,-10296.4173,67,20726.8345,20822.7503,20934.1158
PF01464,poisson,-9715.2232,67,19564.4464,19660.3621,19771.7276
PF01464,GTR20,-8977.6797,275,18505.3594,170305.3594,19356.1407
PF03797,m1,-112954.8263,435,226779.6525,606099.6525,228514.8508
PF03797,m2,-114252.5425,434,229373.0849,606953.0849,231104.2942
PF03797,m3,-115256.8644,416,231345.7289,578289.7289,233005.1368
PF03797,m4,-116965.1563,435,234800.3126,614120.3126,236535.5108
PF03797,m5,-122836.9726,416,246505.9452,593449.9452,248165.3531
PF03797,poisson,-124043.1352,415,248916.2705,594196.2705,250571.6894
PF03797,GTR20,-112580.0149,623,226406.0299,1003910.0299,228891.1528
PF00389,m1,-23981.3062,340,48642.6125,280522.6125,49544.9590
PF00389,m2,-24442.7178,360,49605.4355,309525.4355,50560.8612
PF00389,m3,-24822.0016,341,50326.0032,283570.0032,51231.0036
PF00389,m4,-25634.6897,340,51949.3793,283829.3793,52851.7259
PF00389,m5,-27800.4072,340,56280.8143,288160.8143,57183.1608
PF00389,poisson,-26772.6225,339,54223.2450,284743.2450,55122.9375
PF00389,GTR20,-24142.2281,547,49378.4561,648890.4561,50830.1724
PF00168,m1,-59757.8633,799,121113.7265,1399513.7265,123699.6437
PF00168,m2,-60669.5866,800,122939.1732,1404539.1732,125528.3268
PF00168,m3,-61543.0719,780,124646.1438,1343006.1438,127170.5686
PF00168,m4,-62953.6118,799,127505.2235,1405905.2235,130091.1407
PF00168,m5,-68103.3632,780,137766.7264,1356126.7264,140291.1511
PF00168,poisson,-66395.9377,779,134349.8755,1349589.8755,136871.0638
PF00168,GTR20,-60268.9292,987,122511.8583,2072823.8583,125706.2265
PF00501,m1,-322898.8366,823,647443.6733,2003747.6733,651275.1007
PF00501,m2,-328855.2145,804,659318.4290,1953758.4290,663061.4031
PF00501,m3,-335885.3271,803,673376.6541,1964600.6541,677114.9727
PF00501,m4,-346132.2516,805,693874.5031,1991534.5031,697622.1326
PF00501,m5,-372654.4458,804,746916.8916,2041356.8916,750659.8656
PF00501,poisson,-355409.6998,803,712425.3996,2003649.3996,716163.7182
PF00501,GTR20,-330099.4114,1011,662220.8228,2708484.8228,666927.4730
PF00208,m1,-40306.7361,251,81115.4721,82737.3183,82069.0444
PF00208,m2,-41297.2425,269,83132.4851,85553.4851,84154.4410
PF00208,m3,-42463.3651,250,85426.7302,87015.3378,86376.5034
PF00208,m4,-43964.1853,268,88464.3706,90828.0427,89482.5274
PF00208,m5,-49030.5460,249,98559.0921,100115.3421,99505.0662
PF00208,poisson,-46534.2929,249,93566.5858,95122.8358,94512.5598
PF00208,GTR20,-41351.6829,457,83617.3659,502229.3659,85353.5512
PF00109,m1,-60446.2589,353,121598.5177,371522.5177,122957.3294
PF00109,m2,-61581.1468,353,123868.2937,373792.2937,125227.1053
PF00109,m3,-62768.2055,354,126244.4110,377584.4110,127607.0720
PF00109,m4,-64725.5387,353,130157.0774,380081.0774,131515.8890
PF00109,m5,-69740.3633,334,140148.7265,158797.0599,141434.4010
PF00109,poisson,-68221.1902,333,137108.3803,154219.4572,138390.2055
PF00109,GTR20,-61361.0586,541,123804.1171,710248.1171,125886.6018
PF00977,m1,-46433.4743,280,93426.9486,95741.0662,94506.3687
PF00977,m2,-47907.0561,299,96412.1123,100073.3367,97564.7788
PF00977,m3,-49086.9832,280,98733.9664,101048.0840,99813.3865
PF00977,m4,-50477.2394,298,101550.4787,105114.5587,102699.2902
PF00977,m5,-56233.5493,279,113025.0986,115289.4464,114100.6636
PF00977,poisson,-54084.4193,279,108726.8386,110991.1864,109802.4037
PF00977,GTR20,-47619.4337,487,96212.8674,571524.8674,98090.2874
PF00270,m1,-62265.1858,395,125320.3716,127378.5295,127021.3503
PF00270,m2,-63532.5123,413,127891.0246,130442.9947,129669.5163
PF00270,m3,-65064.5079,413,130955.0157,133506.9859,132733.5074
PF00270,m4,-66586.8876,394,133961.7753,135996.1544,135658.4478
PF00270,m5,-72246.6905,393,145279.3811,147290.3162,146971.7473
PF00270,poisson,-70620.7946,393,142027.5892,144038.5242,143719.9554
PF00270,GTR20,-64058.4144,601,129318.8288,852922.8288,131906.9002
PF00328,m1,-71354.2717,201,143110.5435,143219.9828,144085.4188
PF00328,m2,-72392.6872,201,145187.3744,145296.8137,146162.2497
PF00328,m3,-73295.7009,219,147029.4018,147162.4957,148091.5794
PF00328,m4,-75124.5807,200,150649.1615,150757.3714,151619.1867
PF00328,m5,-79891.1473,199,160180.2947,160287.2839,161145.4698
PF00328,poisson,-77455.7197,199,155309.4394,155416.4286,156274.6145
PF00328,GTR20,-72210.6578,407,145235.3157,145854.9276,147209.3170
PF03947,m1,-11347.0108,119,22932.0217,24122.0217,23285.4294
PF03947,m2,-11541.2169,137,23356.4338,29658.4338,23763.2982
PF03947,m3,-11766.8171,137,23807.6343,30109.6343,24214.4987
PF03947,m4,-12067.8769,136,24407.7539,29731.1824,24811.6485
PF03947,m5,-13037.6285,117,26309.2571,27371.2571,26656.7252
PF03947,poisson,-12761.4023,117,25756.8047,26818.8047,26104.2728
PF03947,GTR20,-11316.9268,325,23283.8536,235183.8536,24249.0430
PF00237,m1,-3738.3666,38,7552.7332,7582.0798,7664.5157
PF00237,m2,-3762.2289,57,7638.4577,7719.0919,7806.1313
PF00237,m3,-3815.4464,57,7744.8928,7825.5269,7912.5664
PF00237,m4,-3900.4029,58,7916.8058,8001.2996,8087.4210
PF00237,m5,-4272.1476,37,8618.2951,8645.8638,8727.1359
PF00237,poisson,-4131.5031,37,8337.0063,8364.5749,8445.8470
PF00237,GTR20,-3647.3151,245,7784.6302,128324.6302,8505.3326
PF06426,m1,-4274.3798,48,8644.7595,8725.8630,8773.0553
PF06426,m2,-4320.6634,67,8775.3267,9008.9678,8954.4063
PF06426,m3,-4392.5295,67,8919.0589,9152.6999,9098.1384
PF06426,m4,-4512.9678,49,9123.9355,9209.9004,9254.9041
PF06426,m5,-4905.3988,47,9904.7976,9981.2722,10030.4206
PF06426,poisson,-4835.4508,47,9764.9017,9841.3762,9890.5246
PF06426,GTR20,-4262.7249,255,9035.4498,139595.4498,9717.0211
PF00173,m1,-20304.1645,438,41484.3291,426048.3291,42873.0011
PF00173,m2,-20738.0972,457,42390.1944,461002.1944,43839.1056
PF00173,m3,-21003.4541,458,42922.9082,463366.9082,44374.9898
PF00173,m4,-21645.4904,439,44168.9809,430488.9809,45560.8234
PF00173,m5,-23251.0217,438,47378.0434,431942.0434,48766.7154
PF00173,poisson,-22823.0987,437,46520.1974,429332.1974,47905.6989
PF00173,GTR20,-20367.6352,645,42025.2704,875365.2704,44070.2326
PF02470,m1,-21131.6305,251,42765.2610,169269.2610,43613.6152
PF02470,m2,-21499.6646,251,43501.3292,170005.3292,44349.6835
PF02470,m3,-21678.7947,268,43893.5894,188077.5894,44799.4019
PF02470,m4,-22273.9958,269,45085.9915,190345.9915,45995.1839
PF02470,m5,-24522.6531,249,49543.3063,174043.3063,50384.9007
PF02470,poisson,-24017.2900,249,48532.5800,173032.5800,49374.1745
PF02470,GTR20,-21051.1145,457,43016.2290,461628.2290,44560.8421
PF03734,m1,-10027.1785,82,20218.3569,20331.7902,20490.0398
PF03734,m2,-10201.5781,81,20565.1562,20674.9413,20833.5259
PF03734,m3,-10392.2565,81,20946.5130,21056.2982,21214.8827
PF03734,m4,-10737.8803,83,21641.7606,21758.9371,21916.7567
PF03734,m5,-11756.7093,81,23675.4186,23785.2037,23943.7883
PF03734,poisson,-10956.4789,81,22074.9579,22184.7430,22343.3276
PF03734,GTR20,-9905.5061,289,20389.0122,188009.0122,21346.5287
PF02734,m1,-19613.0156,181,39588.0312,40617.4687,40222.4962
PF02734,m2,-19933.9927,200,40267.9855,42054.6521,40969.0518
PF02734,m3,-20603.5629,179,41565.1258,42541.4894,42192.5801
PF02734,m4,-21127.3305,199,42652.6611,44383.0959,43350.2221
PF02734,m5,-23386.5345,179,47131.0690,48107.4326,47758.5233
PF02734,poisson,-22683.5578,179,45725.1156,46701.4793,46352.5700
PF02734,GTR20,-20066.9080,387,40907.8160,341219.8160,42264.3793
PF03061,m1,-23629.8124,294,47847.6248,221307.6248,48619.3668
PF03061,m2,-24055.9891,312,48735.9782,244047.9782,49554.9697
PF03061,m3,-24330.9562,313,49287.9124,245851.9124,50109.5289
PF03061,m4,-24901.1406,313,50428.2812,246992.2812,51249.8977
PF03061,m5,-26919.2303,294,54426.4606,227886.4606,55198.2027
PF03061,poisson,-26035.2192,293,52656.4384,224940.4384,53425.5554
PF03061,GTR20,-23620.3932,501,48242.7863,551246.7863,49557.8977
PF06969,m1,-21099.2741,199,42596.5481,122196.5481,43226.3405
PF06969,m2,-21474.6753,198,43345.3505,122149.3505,43971.9782
PF06969,m3,-21875.9195,197,44145.8390,122157.8390,44769.3018
PF06969,m4,-22515.7868,197,45425.5736,123437.5736,46049.0364
PF06969,m5,-24442.8349,197,49279.6698,127291.6698,49903.1326
PF06969,poisson,-23355.6365,197,47105.2730,125117.2730,47728.7358
PF06969,GTR20,-21326.3251,405,43462.6501,372322.6501,44744.3884
PF00482,m1,-81778.7104,729,165015.4208,1229355.4208,167585.4760
PF00482,m2,-83176.3666,729,167810.7331,1232150.7331,170380.7883
PF00482,m3,-84054.4916,729,169566.9832,1233906.9832,172137.0384
PF00482,m4,-85792.5921,710,173005.1842,1182625.1842,175508.2558
PF00482,m5,-91158.5867,710,183737.1735,1193357.1735,186240.2450
PF00482,poisson,-93495.4959,709,188408.9918,1195188.9918,190908.5379
PF00482,GTR20,-82268.2507,917,166370.5015,1849982.5015,169603.3418
PF01546,m1,-115861.7288,733,233189.4577,1309233.4577,236494.3855
PF01546,m2,-118468.4273,752,238440.8546,1370952.8546,241831.4490
PF01546,m3,-120559.3237,733,242584.6475,1318628.6475,245889.5752
PF01546,m4,-124455.6693,732,250375.3386,1323487.3386,253675.7576
PF01546,m5,-134378.8579,731,270219.7158,1340403.7158,273515.6261
PF01546,poisson,-129804.6517,731,261071.3035,1331255.3035,264367.2137
PF01546,GTR20,-118263.5232,939,238405.0464,2003725.0464,242638.7806
PF01602,m1,-33539.0695,83,67244.1391,67263.2143,67634.5037
PF01602,m2,-33983.9060,64,68095.8120,68106.9053,68396.8160
PF01602,m3,-34231.2158,82,68626.4317,68645.0273,69012.0931
PF01602,m4,-35045.3493,64,70218.6985,70229.7918,70519.7025
PF01602,m5,-37138.6217,64,74405.2434,74416.3368,74706.2475
PF01602,poisson,-37285.5290,63,74697.0581,74707.7958,74993.3589
PF01602,GTR20,-33500.3307,271,67542.6613,67814.1604,68817.2253
PF00112,m1,-47800.5462,306,96213.0925,99344.4925,97408.1332
PF00112,m2,-48685.4544,326,98022.9088,103353.0088,99296.0567
PF00112,m3,-50494.0946,325,101638.1893,106806.4820,102907.4319
PF00112,m4,-51405.5957,305,103421.1914,106481.1914,104612.3268
PF00112,m5,-56671.3320,305,113952.6641,117012.6641,115143.7994
PF00112,poisson,-54567.7170,305,109745.4341,112805.4341,110936.5694
PF00112,GTR20,-49068.7793,513,99163.5587,626527.5587,101167.0093
PF07703,m1,-20219.0874,142,40722.1749,41140.8553,41216.4256
PF07703,m2,-20403.1008,161,41128.2017,41796.9709,41688.5845
PF07703,m3,-20720.4199,142,41724.8397,42143.5201,42219.0904
PF07703,m4,-21220.8806,161,42763.7612,43432.5305,43324.1441
PF07703,m5,-23133.9374,142,46551.8748,46970.5552,47046.1255
PF07703,poisson,-22645.6907,141,45573.3813,45981.9935,46064.1514
PF07703,GTR20,-20203.8819,349,41105.7637,285405.7637,42320.5067
PF03710,m1,-8048.2245,62,16220.4491,16263.8491,16437.0189
PF03710,m2,-8193.7677,62,16511.5354,16554.9354,16728.1052
PF03710,m3,-8317.6850,61,16757.3700,16799.1600,16970.4467
PF03710,m4,-8654.9630,43,17395.9260,17414.9411,17546.1277
PF03710,m5,-9429.6522,41,18941.3044,18958.4387,19084.5199
PF03710,poisson,-9014.8375,41,18111.6750,18128.8093,18254.8905
PF03710,GTR20,-8113.5254,249,16725.0507,141225.0507,17594.8230