name,site,entropy
HA,0,3.8841302829408417
HA,1,3.629478838464894
HA,2,4.025959735417841
HA,3,3.532906737840879
HA,4,3.5846547302241962
HA,5,3.7384319479329156
HA,6,3.5833040972458967
HA,7,3.5657667205879924
HA,8,3.643413968005003
HA,9,3.8219007213313665
HA,10,3.6775023063223107
HA,11,3.7213283836912536
HA,12,3.7843384255315757
HA,13,3.5187517882735757
HA,14,3.837925596918714
HA,15,3.3074964799225923
HA,16,3.3881641487413674
HA,17,3.5919186700925145
HA,18,3.2470642133521572
HA,19,3.168727332389645
HA,20,3.359621883211974
HA,21,3.067849141441282
HA,22,3.3193256218077285
HA,23,3.6224440971223832
HA,24,3.181454914570565
HA,25,3.257642397361772
HA,26,3.02909113575404
HA,27,3.286005353616814
HA,28,3.1497923565465444
HA,29,3.381569016739624
HA,30,3.4455950689769383
HA,31,3.307068071470317
HA,32,3.3702402448330724
HA,33,2.982009644787947
HA,34,3.4182782364575157
HA,35,3.552727643265458
HA,36,3.4411337873095538
HA,37,3.2245833098308956
HA,38,3.444362916091018
HA,39,3.1869532010890382
HA,40,3.573792651332204
HA,41,3.5812703433793533
HA,42,3.055812289386739
HA,43,3.3945951173922158
HA,44,3.271811054302996
HA,45,3.558372791608501
HA,46,3.4079737139344513
HA,47,2.9682026582948935
HA,48,2.9672550793173342
HA,49,3.4293560174818394
HA,50,3.7406438866830443
HA,51,3.792041579727772
HA,52,3.56446295029809
HA,53,3.3923076139326045
HA,54,3.3081943849474826
HA,55,3.545189040829964
HA,56,3.1632054322431062
HA,57,3.135519046730903
HA,58,3.6842085082939433
HA,59,3.1350745014798123
HA,60,3.4186800713425036
HA,61,3.256065773128057
HA,62,3.70761951842891
HA,63,3.8807557970247526
HA,64,2.9739539807945032
HA,65,3.144749156294115
HA,66,3.952158280614378
HA,67,3.0853737764802522
HA,68,3.7622180255521243
HA,69,3.54037131980997
HA,70,3.006034010111648
HA,71,3.4878117768501418
HA,72,3.260555390108539
HA,73,3.68222408767011
HA,74,2.8346239611063515
HA,75,3.125075550556317
HA,76,3.0721000197834014
HA,77,3.2264208352662145
HA,78,2.4756508118913527
HA,79,3.1909697507024157
HA,80,2.8883372616979797
HA,81,3.734194843455392
HA,82,2.780274014056243
HA,83,3.1948733721291003
HA,84,3.9814432363223213
HA,85,3.1157336043237636
HA,86,3.5857198342263077
HA,87,3.8594850647072216
HA,88,3.933187690234265
HA,89,3.864840246131019
HA,90,3.93525459306272
HA,91,3.165761626648394
HA,92,2.876640906714935
HA,93,2.733813726355713
HA,94,3.13426448397513
HA,95,2.9132009334138287
HA,96,3.2954914329442095
HA,97,3.7309318899903663
HA,98,3.904388342133834
HA,99,3.6798000005416918
HA,100,3.56152646443118
HA,101,3.847256093821943
HA,102,3.646151352743308
HA,103,3.1228799240910576
HA,104,3.5116261224789866
HA,105,2.5932073336649313
HA,106,2.96195349728064
HA,107,2.7926918057456427
HA,108,2.7109990624421365
HA,109,3.8363990396943293
HA,110,3.027166627913735
HA,111,3.7254316924931685
HA,112,3.5657213322925703
HA,113,3.7083767528833484
HA,114,3.3567872382629713
HA,115,2.94654745286216
HA,116,2.7336634843883387
HA,117,3.325686232295745
HA,118,3.1311304395181017
HA,119,3.454973544777291
HA,120,2.840149979305105
HA,121,3.632600662175336
HA,122,3.771177532573411
HA,123,3.3903730662062017
HA,124,3.840823642946832
HA,125,3.767395973752571
HA,126,3.57345908548784
HA,127,3.5217642760964054
HA,128,2.9028057864078636
HA,129,3.2251972274355762
HA,130,3.4673241441580096
HA,131,3.3217200811295347
HA,132,2.847390019686937
HA,133,3.544615251410864
HA,134,3.9484825894808213
HA,135,3.6892508503618275
HA,136,3.671508862255576
HA,137,3.5548133859008533
HA,138,2.863824599975757
HA,139,3.757347175693541
HA,140,3.0038469465370374
HA,141,3.4464812573598085
HA,142,3.136911294932075
HA,143,3.5808361174083916
HA,144,3.759450887654874
HA,145,3.4932585811179733
HA,146,3.6925679118193893
HA,147,2.504434181012963
HA,148,3.500532113931233
HA,149,3.372363976008903
HA,150,3.2559083293644426
HA,151,3.898075254914459
HA,152,3.721102709622445
HA,153,3.853030383830078
HA,154,3.675308325522494
HA,155,3.749686511617003
HA,156,3.6523772198295426
HA,157,3.5178204533028947
HA,158,2.8078219177533166
HA,159,2.8554924453148516
HA,160,3.2598120178500105
HA,161,2.5512084721058828
HA,162,2.9938620928765007
HA,163,3.430047222733241
HA,164,3.1540663357479244
HA,165,2.9919016808266816
HA,166,3.497415647932147
HA,167,3.870440192315664
HA,168,3.898314995443233
HA,169,3.7127975849945396
HA,170,3.600391730390528
HA,171,3.77036807242129
HA,172,2.788061476883541
HA,173,3.940648644616326
HA,174,3.956587714852536
HA,175,3.3815000402568267
HA,176,3.806627196379266
HA,177,3.6390128988230317
HA,178,3.8757179463847407
HA,179,2.7748057716049703
HA,180,3.879656226375801
HA,181,2.5628290716360707
HA,182,3.746185778887902
HA,183,3.732817140035986
HA,184,3.751272048299507
HA,185,3.7778968388132803
HA,186,3.781436949588703
HA,187,2.9642084617484117
HA,188,2.699042872054184
HA,189,3.0250559983039422
HA,190,3.124763099420449
HA,191,2.8406057481036546
HA,192,2.646011417167343
HA,193,3.0181167148349264
HA,194,2.6148626613238055
HA,195,3.681430250167078
HA,196,3.126542198834366
HA,197,3.3257874455059806
HA,198,3.504378913415659
HA,199,3.805994416931239
HA,200,3.447654807576815
HA,201,3.2805140250450435
HA,202,2.5922510851349347
HA,203,3.488387514305403
HA,204,3.788107407399263
HA,205,2.7556182570554477
HA,206,2.3903162968414042
HA,207,3.864887759008835
HA,208,3.8459648133423467
HA,209,3.6697023352839357
HA,210,3.784819828883934
HA,211,3.6875718615977595
HA,212,3.545044751775111
HA,213,2.9024979414403935
HA,214,3.7058226404230514
HA,215,2.8251241434613976
HA,216,3.6321312666994454
HA,217,3.4880688255901164
HA,218,3.6635899043580564
HA,219,3.756113275143876
HA,220,3.5653164198008485
HA,221,3.619384138556231
HA,222,3.766272469196751
HA,223,3.490588781575697
HA,224,3.615228005692529
HA,225,3.7530741045761387
HA,226,3.6644039461512485
HA,227,3.888464567255222
HA,228,3.607373875102877
HA,229,3.7277080319446947
HA,230,3.8854398334888063
HA,231,2.8154190752398747
HA,232,3.842075284924273
HA,233,3.734083752008033
HA,234,3.801721718305302
HA,235,3.4658393500338516
HA,236,3.3719742548131575
HA,237,3.4334880015618325
HA,238,3.7866534304990895
HA,239,2.823566214628342
HA,240,2.8682929490844487
HA,241,3.2368474349055094
HA,242,3.7976367388046417
HA,243,3.0498004785813544
HA,244,3.0844468225272292
HA,245,2.309420436445915
HA,246,3.7514643734180737
HA,247,3.2677413157025534
HA,248,2.8095692253143745
HA,249,4.019856905688362
HA,250,3.4594182095836272
HA,251,3.6391304932022495
HA,252,3.2870656391932385
HA,253,3.7831102965123438
HA,254,2.984417724243341
HA,255,3.757249899345097
HA,256,3.0410490202849245
HA,257,3.40427607633277
HA,258,3.2740307277252287
HA,259,3.593794527401407
HA,260,2.3890656633188843
HA,261,2.4935813962805926
HA,262,2.827512330341476
HA,263,3.0515109916606358
HA,264,3.1814672587840134
HA,265,2.7487087702615383
HA,266,3.8309907682781836
HA,267,3.132937038545254
HA,268,2.8519383554947293
HA,269,3.0335039311537724
HA,270,3.7258174640762487
HA,271,3.09863234315107
HA,272,3.799631408578818
HA,273,3.182397506316419
HA,274,3.807840033596638
HA,275,4.017817238353311
HA,276,3.9405671124753128
HA,277,3.6047371205124517
HA,278,3.375626485693068
HA,279,3.1066367865029143
HA,280,3.1546845494996347
HA,281,3.774434193770239
HA,282,3.03188784292458
HA,283,3.93723523757944
HA,284,3.633405745022222
HA,285,3.852897521527362
HA,286,3.7179607108932338
HA,287,3.8054936411577973
HA,288,3.75209503529204
HA,289,2.5572772146888174
HA,290,3.5915133839295823
HA,291,3.1514783656342225
HA,292,3.8329803870597168
HA,293,2.6666661497892523
HA,294,3.0464323997444325
HA,295,3.0691122357351523
HA,296,3.032547078902779
HA,297,3.8754169447916085
HA,298,2.608580553939627
HA,299,3.1388030565018488
HA,300,3.331438989391153
HA,301,3.733048469568909
HA,302,3.3394807475251747
HA,303,3.6866001049725052
HA,304,3.418617839150815
HA,305,2.6976547863984655
HA,306,3.033872221752543
HA,307,2.680270273409019
HA,308,3.0999491850869076
HA,309,2.9120115714273958
HA,310,3.2603130483162035
HA,311,3.224463853003793
HA,312,3.7043138640615325
HA,313,3.564982780646636
HA,314,3.1464982881712227
HA,315,2.596019910867857
HA,316,3.819423090115164
HA,317,3.092508477449802
HA,318,2.7908333494321402
HA,319,3.408028174045338
HA,320,2.730850140406417
HA,321,2.9285438668602124
HA,322,3.256111518069887
HA,323,3.1555002774922527
HA,324,3.929961057906992
HA,325,3.280488397192012
HA,326,2.760110694962461
HA,327,3.0288495429240867
HA,328,3.262869258988592
HA,329,2.976487602081783
HA,330,2.878670876468582
HA,331,2.798003379901628
HA,332,2.9300875011992837
HA,333,2.81141920947405
HA,334,2.7351628255150255
HA,335,3.8427115834521683
HA,336,3.2964141382163143
HA,337,3.741386903111157
HA,338,3.539873350037049
HA,339,3.510309376779285
HA,340,3.4861431997891663
HA,341,2.4339979639584093
HA,342,2.8953091298885862
HA,343,3.101958435195323
HA,344,3.0579554873668044
HA,345,3.707721601781622
HA,346,2.7539104403654657
HA,347,3.0097887406865698
HA,348,3.174109808132485
HA,349,2.734339542333149
HA,350,2.927494031748618
HA,351,3.1377608560608037
HA,352,2.904307116851742
HA,353,2.6839009910651437
HA,354,2.6235179325499383
HA,355,3.081228822170543
HA,356,3.583762784405935
HA,357,3.2162557279017228
HA,358,2.4390934376967413
HA,359,3.5394027871429694
HA,360,2.9835133686378543
HA,361,3.072995682466644
HA,362,3.23370217758915
HA,363,2.9885841906746915
HA,364,2.637855992754816
HA,365,2.916741277429901
HA,366,3.4896714668305497
HA,367,3.262326000593388
HA,368,3.8406406556629227
HA,369,2.8133688203081686
HA,370,3.363154767511952
HA,371,3.4386305514040623
HA,372,2.6915217822473143
HA,373,3.5960319629168405
HA,374,3.592410224074794
HA,375,2.6486707567253895
HA,376,3.318695294171268
HA,377,2.740122742300766
HA,378,2.9024881659892467
HA,379,3.6173970012284027
HA,380,3.8226014407843216
HA,381,3.11744711878896
HA,382,2.989686454664557
HA,383,3.2404375259225255
HA,384,3.8789820629317453
HA,385,2.676835208501444
HA,386,3.1772655196256556
HA,387,3.7613975953179075
HA,388,3.7243807539246068
HA,389,3.1327220868573433
HA,390,3.666619180491472
HA,391,3.5179512178931684
HA,392,3.0225072022517168
HA,393,3.0775163682689937
HA,394,3.2852099494203206
HA,395,3.468299397278443
HA,396,3.236433225351509
HA,397,2.998631228087175
HA,398,3.6513393491200006
HA,399,3.751264661127735
HA,400,3.3360712204545107
HA,401,3.735897900994966
HA,402,3.9048486569537015
HA,403,3.4411992662608135
HA,404,3.6806242857499467
HA,405,3.840768806297445
HA,406,3.7838552898336686
HA,407,3.685426416822974
HA,408,3.546386468437675
HA,409,3.7389003908817933
HA,410,3.816398289027258
HA,411,3.235410235904597
HA,412,3.5137973001695504
HA,413,3.9938907990280685
HA,414,3.4429074017710657
HA,415,3.3207675732591833
HA,416,3.350253400117431
HA,417,3.4112777916623718
HA,418,3.4963051367646787
HA,419,3.5737561549220844
HA,420,3.6541089957716832
HA,421,3.066949110705276
HA,422,3.5090203665648425
HA,423,3.41815391873545
HA,424,3.309150499289369
HA,425,3.3031174336945752
HA,426,3.349637820236939
HA,427,3.4170320346648313
HA,428,3.084879958165236
HA,429,3.1766238827962914
HA,430,3.5661267036361326
HA,431,3.570172611283326
HA,432,3.242336584867079
HA,433,3.5190457030506654
HA,434,3.32069602922937
HA,435,3.5269361914665716
HA,436,3.4292218368769114
HA,437,3.4637809577235967
HA,438,3.144529597748698
HA,439,3.3844562815757637
HA,440,3.4448730541641646
HA,441,3.345816991071406
HA,442,2.939313806640409
HA,443,3.592379020405843
HA,444,3.2348319850803473
HA,445,2.9951514514937623
HA,446,3.552803834022826
HA,447,3.36853413998039
HA,448,2.8950308201489396
HA,449,3.225790240579709
HA,450,3.3868012829764313
HA,451,3.574652978897685
HA,452,3.026486116208073
HA,453,3.682560141016611
HA,454,3.797901920467425
HA,455,3.2385455802036756
HA,456,3.3643875814569575
HA,457,3.5539210084024417
HA,458,3.6360937928477473
HA,459,3.0683427966769226
HA,460,3.323496307854125
HA,461,3.5870713663175815
HA,462,3.7436385400428325
HA,463,3.4861174682626292
HA,464,3.612821681963453
HA,465,3.83712470220175
HA,466,3.6290692170478893
HA,467,3.3123192225488247
HA,468,3.7960808445536007
HA,469,3.848068932468693
HA,470,3.141164432864088
HA,471,3.181585911486467
HA,472,3.7373969979997663
HA,473,3.6721125405045782
HA,474,3.7146159674940757
HA,475,3.3563815640272603
HA,476,3.640117291065734
HA,477,3.3819895053275846
HA,478,3.2243573516183006
HA,479,3.509562966489737
HA,480,3.582284386369873
HA,481,3.5763444171414824
HA,482,3.4673554264745374
HA,483,3.5783033393849966
HA,484,3.8764621616920163
HA,485,3.3290662201516255
HA,486,3.608752769400081
HA,487,3.425305230991035
HA,488,3.867093027916782
HA,489,3.2820800106320815
HA,490,3.388696867649028
HA,491,3.7392948394785934
HA,492,3.683851333604286
HA,493,3.5052459786286376
HA,494,3.2074833930624878
HA,495,3.846633209842175
HA,496,3.6399107617069575
HA,497,3.7394119760347766
HA,498,3.3546695820302928
HA,499,3.648953697287051
HA,500,3.9432829433135312
HA,501,3.8716359023266866
HA,502,3.6989446408203888
HA,503,3.446847482607229
HA,504,3.6646310948050576
HA,505,3.8677698987026385
HA,506,3.6423909917658035
HA,507,3.5829121937495283
HA,508,3.91693845467167
HA,509,3.8575327625110543
HA,510,3.700934324016793
HA,511,3.764529392345858
HA,512,3.5605910856854965
HA,513,3.828972310516743
HA,514,3.2310725624285426
HA,515,3.8693598512981815
HA,516,3.945193734640519
HA,517,3.4943540344368067
HA,518,3.5388499267071714
HA,519,3.506953835374949
HA,520,3.8135371631627755
HA,521,3.780680035093719
HA,522,3.8813099908404927
HA,523,3.584695574285595
HA,524,3.901357412602956
HA,525,3.849011244605236
HA,526,3.5787265722200003
HA,527,3.7238717790956217
HA,528,3.1737357333723417
HA,529,3.5313606819441734
HA,530,3.72964311640787
HA,531,3.68348263094754
HA,532,3.5659040874799306
HA,533,3.690553099284299
HA,534,3.379419939910369
HA,535,3.0355037840255172
HA,536,3.4162036600851877
HA,537,3.261067757325346
HA,538,3.7218672721857904
HA,539,3.3386043146693933
HA,540,3.6505046525436855
HA,541,3.457619980366712
HA,542,3.2418031134072143
HA,543,3.309395115248871
HA,544,2.9198214552582056
HA,545,2.967403837468733
HA,546,2.7285245881538187
HA,547,3.4086622159198328
HA,548,3.5353610312083856
HA,549,3.579205132358273
HA,550,3.5896545998991134
HA,551,3.6257484115997602
HA,552,3.533839895660924
HA,553,3.7056423100182188
HA,554,3.578426527366585
HA,555,3.285928758575882
HA,556,3.4864016715163495
HA,557,3.1191741152257912
HA,558,3.562741102754978
HA,559,3.509349954532683
HA,560,3.640858864384048
HA,561,3.121955023644334
HA,562,3.339922059078135
HA,563,3.1522368687498266
NP,0,4.060623867328826
NP,1,2.5241003893588814
NP,2,3.777151702120572
NP,3,3.738634875692917
NP,4,3.5027737660830196
NP,5,2.492059797172687
NP,6,2.0747584462782753
NP,7,2.4411692296318024
NP,8,3.6417677048455377
NP,9,3.6723100617676825
NP,10,3.4224855467056106
NP,11,3.808917573590282
NP,12,3.33199209823598
NP,13,3.389957609908076
NP,14,3.3516591905859214
NP,15,3.2404072769618324
NP,16,3.619022194298886
NP,17,3.831658837356517
NP,18,3.0965677395207254
NP,19,3.373071513027175
NP,20,3.763256349918953
NP,21,3.791201627102909
NP,22,3.8956138247108085
NP,23,3.669125175090562
NP,24,3.401686734512821
NP,25,3.1752186015947697
NP,26,3.8466550297373967
NP,27,3.6774010676534763
NP,28,3.253068696963411
NP,29,3.2355680529574307
NP,30,3.738769613507612
NP,31,3.5886410864868203
NP,32,3.5621960803046613
NP,33,3.925488198066361
NP,34,3.454852237879221
NP,35,3.619057505952333
NP,36,3.532878780387924
NP,37,3.6458899802426665
NP,38,3.640368991628029
NP,39,3.33033279610146
NP,40,3.854891811720345
NP,41,3.432057027438352
NP,42,3.7149902259346357
NP,43,3.9054848988912214
NP,44,3.518555666044571
NP,45,3.574687814010189
NP,46,3.6316329477290488
NP,47,3.8847569035606946
NP,48,3.3610547735600855
NP,49,3.8152342148567358
NP,50,3.890102074552328
NP,51,3.7880190696378127
NP,52,3.4016630587822014
NP,53,3.6710917973661754
NP,54,3.5842348546264198
NP,55,3.448097966991631
NP,56,3.4614283409917
NP,57,3.313040540445156
NP,58,3.286251160863883
NP,59,3.4259371292118863
NP,60,3.611361707509773
NP,61,3.5941470055687876
NP,62,3.52042019515832
NP,63,3.5072161581303782
NP,64,3.1917345659087517
NP,65,3.8309554936413392
NP,66,3.7139498292400996
NP,67,3.5594229524711816
NP,68,3.3030669472915837
NP,69,3.447846453258284
NP,70,3.7298757798717097
NP,71,3.384958406885058
NP,72,3.9318077595985836
NP,73,3.565038326997603
NP,74,3.0962173070852974
NP,75,3.7977767371652544
NP,76,3.827649095162187
NP,77,3.2293493788681285
NP,78,3.1125678889504553
NP,79,3.7583665767321044
NP,80,3.6561549410986327
NP,81,3.810932324451312
NP,82,3.782891522012668
NP,83,3.7305996459010697
NP,84,3.881079832918213
NP,85,3.829900517242307
NP,86,3.058279986425229
NP,87,3.211628287411683
NP,88,3.6935393000966137
NP,89,3.777441377470151
NP,90,2.963268630872922
NP,91,3.080825364533889
NP,92,2.945027593001785
NP,93,3.0274628656739777
NP,94,3.7016256867400186
NP,95,3.468932396958734
NP,96,3.57224845570785
NP,97,3.6057592702837056
NP,98,3.3335264371663187
NP,99,3.9891557814556653
NP,100,3.940764350237438
NP,101,3.873393331756274
NP,102,3.826965675148297
NP,103,3.648265950699015
NP,104,3.913686508938537
NP,105,3.3770771794571033
NP,106,3.682027534177804
NP,107,3.7326832201697955
NP,108,3.8124202299438927
NP,109,3.4352192160881074
NP,110,3.7323717972598707
NP,111,3.6936818790648007
NP,112,3.2525194480856694
NP,113,3.885390855101794
NP,114,3.352912401762213
NP,115,3.3051966972332427
NP,116,3.8687268342065804
NP,117,3.688567873454364
NP,118,3.630579121711024
NP,119,3.5697551529745843
NP,120,3.727422685572124
NP,121,3.724183588825017
NP,122,3.507912859225355
NP,123,3.619761535003236
NP,124,3.9567452084093686
NP,125,3.839456325244759
NP,126,4.003930537591122
NP,127,3.981103273847467
NP,128,3.8658911055862304
NP,129,3.8130413091593
NP,130,3.6540327302381272
NP,131,3.302951006853545
NP,132,3.4141277737277385
NP,133,3.434848409996303
NP,134,3.614646559694406
NP,135,3.5558986822604712
NP,136,3.611209902026472
NP,137,3.28850719237074
NP,138,3.6723389119391694
NP,139,3.781613867191216
NP,140,3.471115791883063
NP,141,3.55224512728835
NP,142,3.32341900898725
NP,143,3.7248308001988666
NP,144,3.198992548453047
NP,145,3.4727606617413196
NP,146,3.387974193864747
NP,147,2.9137691207880168
NP,148,3.336481296784492
NP,149,3.085005077887928
NP,150,3.2112000046540294
NP,151,2.7941899154653314
NP,152,3.427394978632428
NP,153,3.029210506074757
NP,154,3.3392751315175166
NP,155,2.867920205622231
NP,156,3.566777682799262
NP,157,3.4617330187891935
NP,158,3.2565278665338147
NP,159,3.134416131699231
NP,160,3.5923407060737476
NP,161,3.0446718010623455
NP,162,3.6241675342065496
NP,163,3.6878718357169857
NP,164,3.2534835064088847
NP,165,3.5083881227948037
NP,166,3.5273849821727965
NP,167,3.4097532603631286
NP,168,3.264624669313339
NP,169,3.1134034868336586
NP,170,3.4616818597556773
NP,171,3.2192619285899924
NP,172,3.5272236039656475
NP,173,2.862926776369533
NP,174,3.14505221464546
NP,175,3.3820054873752223
NP,176,3.0459302075978902
NP,177,3.800377613626849
NP,178,3.195646985637587
NP,179,2.8893110245222835
NP,180,3.721480127181945
NP,181,3.5732143100870792
NP,182,3.5406556809792176
NP,183,3.36204233977613
NP,184,2.993474731663675
NP,185,3.4639296072820533
NP,186,3.213560494591396
NP,187,3.442910435759505
NP,188,3.7473213806677537
NP,189,3.444586227028718
NP,190,3.4718047726269234
NP,191,3.3957118545111724
NP,192,3.4973271194830486
NP,193,3.643217687075353
NP,194,2.9704418770255696
NP,195,3.7315271995976302
NP,196,3.537655359761886
NP,197,3.5488167990469344
NP,198,3.336150059206397
NP,199,3.2799240941257235
NP,200,3.6453560110428
NP,201,3.692207080323514
NP,202,3.021533228072383
NP,203,2.7145432132332754
NP,204,3.563174267029825
NP,205,3.462092406785973
NP,206,3.3141353087234173
NP,207,2.7643530041696858
NP,208,3.1731936697145917
NP,209,3.342066354803707
NP,210,3.88047618974055
NP,211,3.1845067471931827
NP,212,2.9803446101646607
NP,213,3.819770241937912
NP,214,3.5464024287481655
NP,215,3.2621250077772985
NP,216,3.8525178086711818
NP,217,3.5577562787161847
NP,218,3.5493119202993997
NP,219,3.765910180134147
NP,220,3.3406505274352307
NP,221,3.866423584714224
NP,222,3.859194606148532
NP,223,3.8105878641228315
NP,224,3.8104916746464172
NP,225,3.590514438717237
NP,226,3.6184486581894046
NP,227,3.64279376128639
NP,228,3.4142571763788374
NP,229,3.4885908606026605
NP,230,3.8368066469872626
NP,231,3.778193071497548
NP,232,3.477180453658915
NP,233,3.696272849865627
NP,234,3.5086840464935527
NP,235,3.4489519387635164
NP,236,3.4447112079483677
NP,237,3.6691317918021005
NP,238,3.518716035386127
NP,239,3.5346558912110755
NP,240,3.093167367280421
NP,241,3.428247452496066
NP,242,3.3520010421937565
NP,243,3.3393398190653305
NP,244,3.4560015738214895
NP,245,3.328998124728891
NP,246,3.782765608815767
NP,247,3.314020087753579
NP,248,3.1765734371212786
NP,249,3.731966895154603
NP,250,3.5418684715750484
NP,251,3.339595494879497
NP,252,3.740836120760853
NP,253,3.579642662400196
NP,254,3.253485688512898
NP,255,3.419357978342121
NP,256,3.643961652351118
NP,257,3.2550623997871093
NP,258,3.3261330388686337
NP,259,3.5604439953153397
NP,260,3.1014832108461374
NP,261,3.348707518474583
NP,262,3.433301714192651
NP,263,3.359097179582547
NP,264,3.465006758487571
NP,265,3.5910072472867287
NP,266,3.1534441355771063
NP,267,3.6775898002605594
NP,268,3.683928801077109
NP,269,3.775554317089542
NP,270,3.458394047419416
NP,271,3.00109092112062
NP,272,2.9511420886675594
NP,273,3.3118785461131637
NP,274,3.6480123544225496
NP,275,3.732662141351909
NP,276,3.3665534986186394
NP,277,3.693763838125589
NP,278,3.7445196050910092
NP,279,3.615914963611092
NP,280,3.53573991324567
NP,281,3.4742058025560922
NP,282,3.9176961061462525
NP,283,3.8592358282895143
NP,284,3.8281481184553403
NP,285,3.850188154766847
NP,286,3.6598714432205597
NP,287,3.732320131333473
NP,288,3.8356120474069115
NP,289,3.8625931128997544
NP,290,3.8449291057075605
NP,291,3.958754724216541
NP,292,3.9464431435472473
NP,293,3.906395414214141
NP,294,3.2623118550462578
NP,295,3.6572219899730163
NP,296,3.360468363485411
NP,297,3.015344558572331
NP,298,3.322727022127057
NP,299,3.3297400572335314
NP,300,3.9162338681789555
NP,301,3.7409286754305366
NP,302,3.592101570946684
NP,303,3.682178592072546
NP,304,3.7638021644720467
NP,305,3.766993078105697
NP,306,3.3466862706610776
NP,307,3.9135515053088725
NP,308,3.916461550623998
NP,309,3.770980408027804
NP,310,3.6580801745394753
NP,311,3.631114284362762
NP,312,3.7045749928234013
NP,313,3.4357065185443805
NP,314,3.4143661560525147
NP,315,3.666343786073934
NP,316,2.842282434416797
NP,317,3.967227088491372
NP,318,3.897242691606225
NP,319,3.143548562881935
NP,320,3.792613885356059
NP,321,3.529135239164643
NP,322,3.8452171099816352
NP,323,3.4324481502021156
NP,324,3.039218312539114
NP,325,3.3861940409274247
NP,326,3.6576760465268485
NP,327,3.376085825930883
NP,328,3.4207832524299326
NP,329,3.447233525053085
NP,330,3.519125214508305
NP,331,3.3283759330019547
NP,332,3.701939870660169
NP,333,3.5392983266086375
NP,334,3.4385585745389453
NP,335,3.5067130759699743
NP,336,3.564273374336693
NP,337,3.68985373305218
NP,338,2.8933301542619567
NP,339,3.430422847160532
NP,340,3.430978875934936
NP,341,3.6091220858642474
NP,342,3.5576585026405265
NP,343,3.226045183392361
NP,344,3.387742857260962
NP,345,3.782254491602921
NP,346,3.4415744029748367
NP,347,3.408805503915579
NP,348,3.368912669957422
NP,349,3.8753866449936134
NP,350,3.756174801689204
NP,351,3.5548389546470403
NP,352,3.8120180056497643
NP,353,3.6372365894521335
NP,354,3.1625551344833207
NP,355,3.3868551323289564
NP,356,3.5928095162841442
NP,357,3.219149884746848
NP,358,3.931405272421533
NP,359,3.405782992261621
NP,360,2.936957961515845
NP,361,2.9289486627603183
NP,362,3.6000926971290155
NP,363,3.838080599121681
NP,364,3.5265488296832963
NP,365,3.295433703050893
NP,366,3.640546276129548
NP,367,3.884838337675753
NP,368,3.5206088074699617
NP,369,3.9140712115740723
NP,370,3.750457892795535
NP,371,3.7659559177225836
NP,372,3.946800353956457
NP,373,3.767550350135131
NP,374,3.8073951468161633
NP,375,3.674285653160709
NP,376,3.705421814809514
NP,377,3.5382818447253137
NP,378,3.347380463984899
NP,379,3.436414053585067
NP,380,3.2879002962429245
NP,381,3.053185191058393
NP,382,3.346260717328069
NP,383,3.6182112163495757
NP,384,3.7888909338507886
NP,385,3.67315003866111
NP,386,3.302219416416148
NP,387,3.3291765447874067
NP,388,3.0023027635559125
NP,389,2.9868041609674676
NP,390,2.9696070898658835
NP,391,3.187788244875716
NP,392,3.3148010455478847
NP,393,2.893756680549787
NP,394,3.7917117376443477
NP,395,3.7919150559110966
NP,396,3.7333617719567336
NP,397,3.622444906230902
NP,398,3.813745254379414
NP,399,3.3899434807839612
NP,400,3.6671240549275734
NP,401,3.822194891052638
NP,402,3.699255114958144
NP,403,3.6309756707525835
NP,404,3.006528789839406
NP,405,3.6171944471623565
NP,406,3.25441767911678
NP,407,3.58096610655721
NP,408,3.641541805140111
NP,409,3.034439693139243
NP,410,3.5553223843183472
NP,411,3.2247033579145112
NP,412,3.333830500656708
NP,413,3.3328357168770704
NP,414,3.7926417000661545
NP,415,2.8206947012498067
NP,416,3.993338159075736
NP,417,3.311735619413028
NP,418,3.7093910319363816
NP,419,3.668969877504656
NP,420,3.8723894667855996
NP,421,3.790543682001324
NP,422,3.826718997350918
NP,423,3.7104287612895783
NP,424,3.3083527547508784
NP,425,3.5708053847745456
NP,426,3.7214233107117654
NP,427,3.6883411549128793
NP,428,2.980975494530659
NP,429,3.896071892052628
NP,430,3.7977259485730235
NP,431,4.001313734581751
NP,432,3.9647210320203317
NP,433,3.802986009714353
NP,434,3.1791232134953247
NP,435,2.7829931620417634
NP,436,3.4929506170370312
NP,437,3.4880114987506095
NP,438,3.099402570181158
NP,439,3.6621725347851712
NP,440,3.1679560450651008
NP,441,3.610132829126826
NP,442,3.315026654966902
NP,443,3.644042351899352
NP,444,3.4138181805820706
NP,445,3.8852937185324694
NP,446,3.903374386231262
NP,447,3.6483540135071193
NP,448,3.63113581400861
NP,449,3.904513531899876
NP,450,3.9560210690929947
NP,451,3.8863830999356987
NP,452,3.98875033714553
NP,453,3.9374128365282552
NP,454,3.9497076593141798
NP,455,3.85473050154494
NP,456,3.6536544864641423
NP,457,3.1171082567403254
NP,458,3.9086352997942377
NP,459,3.432051763311479
NP,460,2.978494140392788
NP,461,2.965806012729371
NP,462,3.515593976459986
NP,463,2.899575609257794
NP,464,2.876155997040609
NP,465,3.6162217193521142
NP,466,3.8447135142582343
NP,467,3.2425842513820493
NP,468,3.6692378777939236
NP,469,2.971161875068402
NP,470,2.6926245472890677
NP,471,3.6627840068311075
NP,472,3.811602559843345
NP,473,3.5061976532107892
NP,474,3.4422367376629905
NP,475,3.2558824589996904
NP,476,2.6036129227927707
NP,477,3.630197212008342
NP,478,3.770866203107064
NP,479,3.9219224135132214
NP,480,3.6997713925276208
NP,481,3.1692328281726985
NP,482,3.524707712174825
NP,483,3.72529742562143
NP,484,3.579930123311303
NP,485,2.9910940896037164
NP,486,2.7233568010075704
NP,487,2.8556028592722837
NP,488,2.9378277124088465
NP,489,2.8881345168024444
NP,490,3.3451486287322574
NP,491,3.5722896900747525
NP,492,3.6225929323326125
NP,493,3.623937379269054
NP,494,3.7289909695753076
NP,495,3.4688042144483835
NP,496,3.747654996253495
NP,497,3.66027077264875
HIV,0,4.094503817871417
HIV,1,4.034421538866762
HIV,2,4.099665922605402
HIV,3,4.044058914484263
HIV,4,3.49963074410127
HIV,5,3.4861256952361184
HIV,6,3.593315494978476
HIV,7,3.529945127710929
HIV,8,3.4699159334836036
HIV,9,3.585098979473696
HIV,10,3.4754473560752372
HIV,11,3.472043714876717
HIV,12,3.336666092531106
HIV,13,3.763783007449186
HIV,14,3.4948393311192647
HIV,15,4.026223556875836
HIV,16,3.940921467761291
HIV,17,3.8798016875160592
HIV,18,4.0534869935789315
HIV,19,3.859433049692389
HIV,20,3.9827986016280894
HIV,21,3.5656606334934304
HIV,22,3.7877676522316426
HIV,23,3.564374364890176
HIV,24,3.6730573212219366
HIV,25,3.8561389489486886
HIV,26,4.073733510007441
HIV,27,4.011061340983071
HIV,28,4.0891367519391
HIV,29,3.9201381425521404
HIV,30,3.9509097958427857
HIV,31,4.06348268854943
HIV,32,4.055606285434221
HIV,33,3.515198154107944
HIV,34,3.9939347963884724
HIV,35,3.834064098925213
HIV,36,3.8684515798268486
HIV,37,3.8839593511631607
HIV,38,3.6570552201528845
HIV,39,3.905031224310252
HIV,40,3.987306046637435
HIV,41,4.051359056366345
HIV,42,4.070390214825033
HIV,43,3.7773268568713343
HIV,44,3.9581426572385827
HIV,45,3.8187179529340574
HIV,46,4.004657158822352
HIV,47,4.059978561090852
HIV,48,4.0252647359986184
HIV,49,4.0144936596301894
HIV,50,4.076700264708751
HIV,51,4.086533285490136
HIV,52,3.8886886322535728
HIV,53,4.021109150258692
HIV,54,4.023811977442612
HIV,55,3.662497965685194
HIV,56,4.0498924410555155
HIV,57,3.988561596336657
HIV,58,3.768462210010258
HIV,59,3.948830077648954
HIV,60,3.8957736649521033
HIV,61,4.04742904308629
HIV,62,3.800936683101349
HIV,63,3.9528273582434235
HIV,64,3.839552802457634
HIV,65,3.718705269519614
HIV,66,3.9806752246593713
HIV,67,3.850533321774586
HIV,68,4.065290292785782
HIV,69,3.70831867011626
HIV,70,3.7319232687507875
HIV,71,4.059788084323736
HIV,72,3.979885344370397
HIV,73,3.6035914594757363
HIV,74,3.94113440824092
HIV,75,4.012946470603138
HIV,76,3.7085396954058725
HIV,77,3.8799189140501125
HIV,78,3.9650548777294015
HIV,79,4.036833033310785
HIV,80,3.726692807804585
HIV,81,3.8024179515670506
HIV,82,3.8688441571322887
HIV,83,3.9471493265202784
HIV,84,3.8298673967837686
HIV,85,3.7102566911568866
HIV,86,4.007564238941092
HIV,87,3.8148279798949436
HIV,88,3.9000022394656626
HIV,89,3.9165396145177858
HIV,90,3.9617251807192
HIV,91,3.290097182629202
HIV,92,3.9847968366048416
HIV,93,3.9874065185807503
HIV,94,3.467845858098129
HIV,95,3.5137554418903973
HIV,96,3.7811201134026464
HIV,97,3.85634063570996
HIV,98,3.5065535395913057
HIV,99,4.039952732800097
HIV,100,3.650530816277772
HIV,101,4.03182381509021
HIV,102,4.025239734199951
HIV,103,3.820318294479783
HIV,104,4.0808424476830485
HIV,105,4.053113234053246
HIV,106,4.065681848009996
HIV,107,4.0315677149116915
HIV,108,4.076941371374176
HIV,109,4.0642694036205995
HIV,110,4.04498197078674
HIV,111,4.060000548237586
HIV,112,4.056576864210306
HIV,113,4.064487840319816
HIV,114,3.9623270528739867
HIV,115,3.8370229562900775
HIV,116,3.968655195380267
HIV,117,3.7778381148704554
HIV,118,3.6829356075513164
HIV,119,3.490059682624541
HIV,120,3.7586123202314914
HIV,121,4.016098966725292
HIV,122,3.8709209404596963
HIV,123,3.984923927177223
HIV,124,3.871223087285849
HIV,125,3.854019553148732
HIV,126,3.6295169384617365
HIV,127,3.9804944495249694
HIV,128,3.8392820624363426
HIV,129,3.806028949276129
HIV,130,3.9999511347768624
HIV,131,3.9021639397320445
HIV,132,4.018917035243665
HIV,133,3.9723543401583292
HIV,134,3.8829729420318992
HIV,135,3.7669320335885828
HIV,136,3.8155053907048395
HIV,137,3.8308626341987746
HIV,138,3.9923509124046697
HIV,139,4.025850772716543
HIV,140,3.9047883659239715
HIV,141,3.801383529440659
HIV,142,3.668536647777297
HIV,143,3.937563454934588
HIV,144,4.069344220620536
HIV,145,3.9112097259959393
HIV,146,4.059267240206821
HIV,147,4.054006621338594
HIV,148,4.084238390355234
HIV,149,4.064420988962056
HIV,150,4.073811475770233
HIV,151,4.076893796133747
HIV,152,3.8705354434912165
HIV,153,3.86450466162331
HIV,154,3.760701052837227
HIV,155,4.029123175129999
HIV,156,3.993670764812572
HIV,157,3.6417099343159065
HIV,158,3.9958906380300876
HIV,159,3.9710065115934867
HIV,160,3.821680837146961
HIV,161,4.025096749073424
HIV,162,3.913335260127105
HIV,163,3.9411404859803074
HIV,164,3.9340086000964636
HIV,165,3.9711734009749717
HIV,166,3.741824735253512
HIV,167,4.01155980910136
HIV,168,3.9145946009041337
HIV,169,3.9993213380448585
HIV,170,3.994210329191006
HIV,171,3.8660724476678077
HIV,172,4.008874383115873
HIV,173,3.881220640753103
HIV,174,3.968579022901872
HIV,175,3.9737415622936054
HIV,176,3.6042016059411752
HIV,177,3.9903260120316983
HIV,178,3.6435614344686
HIV,179,3.739137455803444
HIV,180,3.6541478260525317
HIV,181,3.7570688948594024
HIV,182,4.006047160675974
HIV,183,3.5699037720669935
HIV,184,3.7625052332940556
HIV,185,3.7509844333785134
HIV,186,3.5606155981793663
HIV,187,3.6204414188615743
HIV,188,3.958040053886144
HIV,189,3.6483769802103225
HIV,190,4.047106329803735
HIV,191,4.001856493987647
HIV,192,4.072220037101792
HIV,193,4.060636438921738
HIV,194,3.6603500310221357
HIV,195,4.066868434501283
HIV,196,3.714922117138867
HIV,197,4.036153329674865
HIV,198,3.714210694912332
HIV,199,4.079487077109793
HIV,200,3.6020596674281373
HIV,201,4.101642424872499
HIV,202,4.018594284774619
HIV,203,3.680635708007007
HIV,204,3.8918959242117936
HIV,205,3.991149959636197
HIV,206,3.9367621948985425
HIV,207,4.041003318685225
HIV,208,3.549243579862832
HIV,209,3.6042012038020084
HIV,210,3.8811377805379115
HIV,211,3.9654463859708367
HIV,212,3.6340710135610736
HIV,213,4.035402688577424
HIV,214,3.8751476103881526
HIV,215,3.8994864293059637
HIV,216,3.8175694746839977
HIV,217,3.7715200145662
HIV,218,3.656082350564008
HIV,219,3.6698223607002145
HIV,220,3.562561342915623
HIV,221,3.7177649628038822
HIV,222,3.707985477501896
HIV,223,3.818906007770471
HIV,224,3.773800622433698
HIV,225,3.9267255385783484
HIV,226,3.777774051808586
HIV,227,3.8605563599186943
HIV,228,4.0830991097712275
HIV,229,4.030205224068662
HIV,230,4.03879003974315
HIV,231,3.824243347714262
HIV,232,3.9877746922643347
HIV,233,3.6703930108785108
HIV,234,3.9587742527834875
HIV,235,3.8636355214801643
HIV,236,4.00075678552055
HIV,237,3.9253208364519714
HIV,238,3.920677557587011
HIV,239,4.014985603823353
HIV,240,3.942548778094754
HIV,241,3.9437275265748415
HIV,242,3.990976812250443
HIV,243,3.8852902083579526
HIV,244,3.7443555892908775
HIV,245,3.66499159431827
HIV,246,3.6610548549508444
HIV,247,3.640197139901866
HIV,248,3.999580493985801
HIV,249,3.784825953226826
HIV,250,4.075228321926215
HIV,251,4.046499708571637
HIV,252,3.985731244294026
HIV,253,3.6107085721135266
HIV,254,4.079320620068025
HIV,255,3.695178014773739
HIV,256,4.0026906568142095
HIV,257,3.5620652866051805
HIV,258,4.0140589425657005
HIV,259,3.5769486394382763
HIV,260,3.940366585795803
HIV,261,3.938792383044065
HIV,262,3.991656612552849
HIV,263,3.8771384212592577
HIV,264,3.89816897126563
HIV,265,3.9868559126577514
HIV,266,3.9523775389538742
HIV,267,4.053849121704732
HIV,268,3.650172641617943
HIV,269,4.040035747479245
HIV,270,3.5835722068012545
HIV,271,3.8159904803414104
HIV,272,3.998803473235189
HIV,273,3.6697746611414135
HIV,274,3.956899108252312
HIV,275,3.9694326014436805
HIV,276,3.476375627491116
HIV,277,3.9103818719200967
HIV,278,3.94954674479904
HIV,279,4.016358588830847
HIV,280,4.049599059486096
HIV,281,3.9054219885843606
HIV,282,4.076427463530621
HIV,283,3.6375301053818108
HIV,284,4.044044181600426
HIV,285,3.9734681202867677
HIV,286,3.994494678207845
HIV,287,4.013363210316597
HIV,288,3.7442021396839684
HIV,289,3.9843201222062903
HIV,290,3.497192484916397
HIV,291,4.046358569165917
HIV,292,3.55876600849113
HIV,293,4.07325065848415
HIV,294,4.037404139637614
HIV,295,4.079725804542019
HIV,296,4.08080897761781
HIV,297,3.7032089930686807
HIV,298,4.037527497148227
HIV,299,4.067253486244786
HIV,300,3.967788231371885
HIV,301,3.4304186594219215
HIV,302,4.045413979525933
HIV,303,4.0408009376388225
HIV,304,3.711768601834794
HIV,305,3.82435797202429
HIV,306,4.064041709589142
HIV,307,3.987667507262852
HIV,308,3.410827338332463
HIV,309,3.9723619446569365
HIV,310,4.06561458764404
HIV,311,4.030066949248469
HIV,312,3.745876275487805
HIV,313,4.0677320332102065
HIV,314,4.075553879065002
HIV,315,4.04100226224176
HIV,316,4.032984870969969
HIV,317,4.090682316478047
HIV,318,3.704441991438093
HIV,319,4.003481920539225
HIV,320,3.6523236377716612
HIV,321,4.0506611129558125
HIV,322,4.063294830473494
HIV,323,3.766158932292944
HIV,324,3.84908195243739
HIV,325,3.4245791410119795
HIV,326,3.4310410169964487
HIV,327,3.6810602556107086
HIV,328,3.9712066586957016
HIV,329,3.6565052380163223
HIV,330,3.7402121291243002
HIV,331,3.9632432255890335
HIV,332,4.007433577812419
HIV,333,3.863372629180469
HIV,334,3.947531657724639
HIV,335,3.7661270972924332
HIV,336,4.043195750527211
HIV,337,3.682755674560706
HIV,338,3.8900987296666507
HIV,339,3.9149406033998666
HIV,340,3.885083300493475
HIV,341,3.8346284643298203
HIV,342,3.458414211234046
HIV,343,3.7812554757217383
HIV,344,3.640177523603552
HIV,345,3.989203481104123
HIV,346,3.7403310788149846
HIV,347,4.005430186751871
HIV,348,4.039265415801208
HIV,349,3.4509879754922084
HIV,350,3.5058807256379847
HIV,351,3.9575999490663443
HIV,352,3.8371224390423033
HIV,353,4.025875812591247
HIV,354,3.626841945479537
HIV,355,4.0662275969681545
HIV,356,4.073005052714465
HIV,357,4.0902058834498565
HIV,358,4.0880598490818105
HIV,359,4.094825211965782
HIV,360,4.095106893464023
HIV,361,4.101040174570106
HIV,362,4.093336860821861
HIV,363,4.087225661489823
HIV,364,4.1000096508212165
HIV,365,4.098304812750759
HIV,366,4.100129743025535
HIV,367,4.0994247483848385
HIV,368,4.090812506126367
HIV,369,4.095605706109601
HIV,370,4.077142820120482
HIV,371,4.079662407371038
HIV,372,3.78961310166276
HIV,373,4.013309205160537
HIV,374,3.628422600898015
HIV,375,4.0501876628778115
HIV,376,3.6968374162516917
HIV,377,3.9940414509997706
HIV,378,3.9886832450103915
HIV,379,3.778295108857724
HIV,380,3.8618649393124613
HIV,381,3.7240626187804855
HIV,382,3.938346424052198
HIV,383,3.9451094886166103
HIV,384,3.9932711442617523
HIV,385,3.890878280033206
HIV,386,3.901098808997556
HIV,387,3.8678211945163863
HIV,388,3.995791777279492
HIV,389,3.932852102188477
HIV,390,4.063073656851041
HIV,391,4.024045418485895
HIV,392,3.789905624386049
HIV,393,3.631614336435464
HIV,394,3.861578810300858
HIV,395,3.785169054114397
HIV,396,3.859782629631718
HIV,397,3.9883487333475207
HIV,398,4.008086372709311
HIV,399,3.9709836247168426
HIV,400,4.027393825915741
HIV,401,4.01319220395605
HIV,402,4.006045010738139
HIV,403,3.5968339980496395
HIV,404,4.029693171407243
HIV,405,3.729248171610804
HIV,406,3.9912580074443644
HIV,407,3.7022961448868976
HIV,408,3.6747353706573445
HIV,409,3.6774711156095443
HIV,410,3.6507876018115417
HIV,411,3.724313261771725
HIV,412,3.4528114146110807
HIV,413,3.779151726015346
HIV,414,3.5417477815236946
HIV,415,3.689636285831437
HIV,416,3.4652216141078047
HIV,417,3.9327185082727514
HIV,418,4.05956606495994
HIV,419,4.0882740045407795
HIV,420,4.095844420069782
HIV,421,4.079463300541584
HIV,422,4.078999831670661
HIV,423,4.085871838751975
HIV,424,3.827778852247314
HIV,425,3.8783496128815744
HIV,426,3.7498707646357787
HIV,427,3.5198734057084944
HIV,428,3.8417946644899517
HIV,429,3.949723722175515
HIV,430,3.4762712849870727
HIV,431,3.65789921651724
HIV,432,3.935320395242704
HIV,433,3.625432358375858
HIV,434,4.007469650450324
HIV,435,3.7917606419409027
HIV,436,3.9221398432098376
HIV,437,3.7284918464409462
HIV,438,3.926378062725956
HIV,439,3.981639974668418
HIV,440,3.892928186246341
HIV,441,3.77442396350798
HIV,442,3.7832792733539966
HIV,443,4.079196416118835
HIV,444,3.7294447122145487
HIV,445,3.686911113999174
HIV,446,3.889496651124202
HIV,447,3.761453837915843
HIV,448,3.9942230249954553
HIV,449,3.7553746006311925
HIV,450,4.045518493610322
HIV,451,3.8132794477078087
HIV,452,3.5771180092592667
HIV,453,3.8060168655610482
HIV,454,3.5910548733410965
HIV,455,3.614231499414536
HIV,456,3.507308987625324
HIV,457,3.6982362233754653
HIV,458,4.021588215614309
HIV,459,3.6885576897381336
HIV,460,3.8859780779530353
HIV,461,3.312824052897001
HIV,462,3.863968712761647
HIV,463,3.8527296357504914
HIV,464,3.746891310482591
HIV,465,4.048248536207035
HIV,466,3.887730985274233
HIV,467,4.064374805687019
HIV,468,4.014209504116246
HIV,469,3.387739557905041
HIV,470,3.8641633502397843
HIV,471,3.8448332840975623
HIV,472,4.065052156660112
HIV,473,3.8551393556176907
HIV,474,3.996441440818889
HIV,475,3.628271597406705
HIV,476,3.799110466979345
HIV,477,3.7543013005723895
HIV,478,3.620359532776518
HIV,479,3.7511807652690123
HIV,480,3.6754323118680468
HIV,481,3.5066126619000433
HIV,482,3.930510502310186
HIV,483,3.6849372051727802
HIV,484,3.6018712811508555
HIV,485,3.641761653299341
HIV,486,3.6971075068132473
HIV,487,3.186517539885242
HIV,488,3.601534483577296
HIV,489,3.543174432314384
HIV,490,3.651918591897417
HIV,491,3.4864937390990094
HIV,492,3.5842788214539056
HIV,493,3.910206661047298
HIV,494,3.7923602526611826
HIV,495,3.190279136203725
HIV,496,3.572717818557301
HIV,497,3.6853398751149404
HIV,498,3.7456875532738865
HIV,499,3.6857483464837637
HIV,500,3.770066639301723
HIV,501,4.0810545864802705
HIV,502,3.9491642035920806
HIV,503,3.8845702052446693
HIV,504,3.8346595716664424
HIV,505,3.463239291754138
HIV,506,3.942326681174589
HIV,507,3.9722920672054234
HIV,508,3.9699129976776177
HIV,509,3.961957544712748
HIV,510,3.930080775680427
HIV,511,4.0351762672666975
HIV,512,4.018674643632326
HIV,513,3.3298889849841222
HIV,514,3.5491565694208522
HIV,515,3.957810051100659
HIV,516,3.849934590015881
HIV,517,3.6054987003811334
HIV,518,3.9446910914963125
HIV,519,3.945718232577148
HIV,520,3.68265181009482
HIV,521,3.8844517938421483
HIV,522,3.971116862158829
HIV,523,3.6230167344051316
HIV,524,3.124333536405169
HIV,525,3.760164324203692
HIV,526,3.689672118419075
HIV,527,3.809932375481089
HIV,528,3.865207747322229
HIV,529,3.6125364177694177
HIV,530,3.5897082048828293
HIV,531,3.7520562667714343
HIV,532,3.840720157981378
HIV,533,3.9061331915713415
HIV,534,3.5138932708288224
HIV,535,3.925112862660046
HIV,536,3.864391359693623
HIV,537,3.7346649460232255
HIV,538,3.7766101890918042
HIV,539,3.8931521842227155
HIV,540,3.783445624744185
HIV,541,3.7792500457755676
HIV,542,3.789336750269199
HIV,543,4.029854177483145
HIV,544,3.9515754934591714
HIV,545,3.747706448424406
HIV,546,3.9419152257540357
HIV,547,4.002645068958226
HIV,548,3.9802427509699747
HIV,549,3.8091154925756574
HIV,550,3.543543589040757
HIV,551,3.4662116652004005
HIV,552,3.9441364419386384
HIV,553,3.4213369720068383
HIV,554,3.5357984171288384
HIV,555,3.41366976641399
HIV,556,3.3150840278891396
HIV,557,4.024059803320987
HIV,558,3.9943620271508067
HIV,559,3.631420168211788
HIV,560,3.6532335350170357
HIV,561,3.606473767694835
HIV,562,3.5202883626875456
HIV,563,3.9549803958894394
HIV,564,3.5101134795272975
HIV,565,4.022322226993642
HIV,566,3.535870921541399
HIV,567,4.010773924812062
HIV,568,3.744965561420097
HIV,569,3.876864969058934
HIV,570,4.078785897705514
HIV,571,4.027901825911572
HIV,572,3.7132056702035183
HIV,573,3.87559534697125
HIV,574,4.071224436654658
HIV,575,3.927224435702897
HIV,576,4.056161006369356
HIV,577,4.009297681632907
HIV,578,4.082536291975622
HIV,579,4.035864492424669
HIV,580,3.5392634733483876
HIV,581,3.7728851327757984
HIV,582,4.038722979045493
HIV,583,4.001089436093319
HIV,584,3.7796555892758232
HIV,585,3.4238600070529173
HIV,586,3.622381163974395
HIV,587,4.052732637898828
HIV,588,3.9387538716949293
HIV,589,3.8056234271067466
HIV,590,3.872777538557611
HIV,591,4.038240527684154
HIV,592,3.929242101097193
HIV,593,3.582441094256539
HIV,594,4.032733702908725
HIV,595,4.00743031801937
HIV,596,3.8880444694947163
HIV,597,3.8971911057504247
HIV,598,4.029634268182083
HIV,599,4.019232025995777
HIV,600,3.6617319158307144
HIV,601,3.861978864190415
HIV,602,4.068288258386894
HIV,603,3.8467979462503408
HIV,604,3.489308799549984
HIV,605,3.853784870792738
HIV,606,3.984651766466677
HIV,607,3.8702843506491216
HIV,608,3.8066476484521767
HIV,609,3.9205250776622194
HIV,610,4.033177363235063
HIV,611,3.7263605797949717
HIV,612,3.6755358563687737
HIV,613,3.9622376657824
HIV,614,3.9208392399534224
HIV,615,3.8706571868781707
HIV,616,3.772825865131558
HIV,617,3.9435741903181105
HIV,618,3.6811326794808195
HIV,619,3.461933756423126
HIV,620,3.8348901433032676
HIV,621,3.6930339673904027
HIV,622,3.7842822319340312
HIV,623,4.022948013504204
HIV,624,3.8472223302720274
HIV,625,4.012222901643545
HIV,626,3.930674858024378
HIV,627,3.485230800378615
HIV,628,3.970110961926463
HIV,629,3.8779352107344325
HIV,630,3.912450596842831
HIV,631,3.928381574960073
HIV,632,3.9800404230484197
HIV,633,3.6362674870629355
HIV,634,3.7574667821187946
HIV,635,3.9868281941800197
HIV,636,3.9943802414210694
HIV,637,3.720032913767845
HIV,638,4.02265481964746
HIV,639,3.934167620269271
HIV,640,3.9635470470821486
HIV,641,3.8973445320775286
HIV,642,3.992822473297128
HIV,643,4.05274799346982
HIV,644,3.780481539958601
HIV,645,3.976402997405154
HIV,646,3.823745792297224
HIV,647,3.9661314903626956
HIV,648,3.9761554568285833
HIV,649,3.9996242085178433
HIV,650,3.96001848846624
HIV,651,3.90347840046684
HIV,652,3.9876996064539667
HIV,653,4.004740532003086
HIV,654,4.0428961791734235
HIV,655,3.819007047508989
HIV,656,3.905588074401684
HIV,657,4.071548042438079
HIV,658,3.9954173163124427
HIV,659,3.892477822746946
HIV,660,4.079048898735082
1RII,0,2.2021151834079045
1RII,1,2.2171591366927
1RII,2,1.8979704237553963
1RII,3,1.9713543455665203
1RII,4,2.715453365108142
1RII,5,1.4185898879291456
1RII,6,1.7673997856289148
1RII,7,1.8778961180863987
1RII,8,3.1932158892913565
1RII,9,0.11377049239073102
1RII,10,3.1643583570476745
1RII,11,2.6604856501422827
1RII,12,0.78953648158969
1RII,13,2.61546474219751
1RII,14,1.7029430322474088
1RII,15,1.5638478047177389
1RII,16,0.06428692936394735
1RII,17,3.0348720142887466
1RII,18,0.8051790752904726
1RII,19,2.1757969758543503
1RII,20,2.7758527959435213
1RII,21,1.8452195358051946
1RII,22,2.390788267972948
1RII,23,2.6281185913319627
1RII,24,2.8243208475214012
1RII,25,3.323527418313871
1RII,26,3.3748908021959423
1RII,27,1.0441889369071509
1RII,28,1.6142747012581735
1RII,29,3.5952201177055993
1RII,30,3.439823789899545
1RII,31,2.204301435371055
1RII,32,1.644551818075878
1RII,33,3.174599493806496
1RII,34,2.800645251950179
1RII,35,2.158903115867977
1RII,36,2.7416666081904624
1RII,37,2.7025774801882605
1RII,38,3.0969258026960014
1RII,39,1.91010304740121
1RII,40,2.876945699733395
1RII,41,3.645133679394748
1RII,42,1.885642199656179
1RII,43,1.6819791223319043
1RII,44,3.1373949471655562
1RII,45,2.559861032605501
1RII,46,1.792133208904793
1RII,47,1.6204576342481056
1RII,48,2.554213121463436
1RII,49,1.8766635925171502
1RII,50,2.7802617891369543
1RII,51,1.6147001284756513
1RII,52,1.9167500076050163
1RII,53,2.9570661216562266
1RII,54,1.4344152062123727
1RII,55,2.5585450620533825
1RII,56,2.266836112588378
1RII,57,3.2002048561006515
1RII,58,2.7876632844021985
1RII,59,1.9381132949841888
1RII,60,2.637652194109465
1RII,61,3.193599810571594
1RII,62,3.148740396946883
1RII,63,1.9603116644773586
1RII,64,2.929318797782557
1RII,65,3.380410656691084
1RII,66,1.8580959518969764
1RII,67,2.5757214354711992
1RII,68,1.6760545373348938
1RII,69,2.0813626755890904
1RII,70,3.606244130550332
1RII,71,2.6096975444526413
1RII,72,2.7047035926246545
1RII,73,0.23317381137992813
1RII,74,2.0081648504729768
1RII,75,1.8025121775568502
1RII,76,1.8716619076837373
1RII,77,0.944457893557716
1RII,78,2.427327519145411
1RII,79,1.9408375797055248
1RII,80,1.9656283657907876
1RII,81,1.2173995723502515
1RII,82,1.0352984687146227
1RII,83,2.774462764781163
1RII,84,1.66589139259077
1RII,85,2.0123885478984245
1RII,86,2.6766919868744643
1RII,87,2.9488929667259676
1RII,88,2.2972889499516853
1RII,89,1.7542289944392586
1RII,90,2.2837180407950415
1RII,91,1.7171833146474238
1RII,92,1.0502944187306487
1RII,93,1.6636539781353468
1RII,94,2.925547483765239
1RII,95,2.909918061966321
1RII,96,0.1132973797777888
1RII,97,2.045745949541405
1RII,98,1.7869182078220371
1RII,99,1.6087929538650303
1RII,100,2.4793278654767974
1RII,101,2.8307182875417913
1RII,102,1.6795045453434838
1RII,103,2.999348662788298
1RII,104,2.396212712613829
1RII,105,3.0576272202898376
1RII,106,3.545790251324628
1RII,107,2.9899778692601404
1RII,108,2.5097486432002007
1RII,109,2.8417387763213626
1RII,110,2.619368851129524
1RII,111,3.205778048159077
1RII,112,2.819140330116204
1RII,113,3.7001866220405994
1RII,114,3.6327321910113812
1RII,115,1.5055519596095495
1RII,116,2.938119278933148
1RII,117,2.0888777502775637
1RII,118,0.7899532043917248
1RII,119,2.843852717585143
1RII,120,3.1902667696800275
1RII,121,2.93852326190381
1RII,122,3.452532753063488
1RII,123,3.6530666617670953
1RII,124,3.7257856107613354
1RII,125,1.4430806221544272
1RII,126,3.499522351056342
1RII,127,2.679775717293301
1RII,128,0.7891236027590125
1RII,129,2.2453905417650994
1RII,130,2.066534365376401
1RII,131,2.6628617635002216
1RII,132,1.9626969990249867
1RII,133,2.7175927322265365
1RII,134,2.799520584094825
1RII,135,2.8081122351375116
1RII,136,2.569814538656106
1RII,137,1.6068807968221759
1RII,138,2.1898441606815062
1RII,139,0.8010411133268672
1RII,140,3.1849729887186378
1RII,141,2.9228427984973697
1RII,142,3.5168956249018835
1RII,143,1.568200007265134
1RII,144,3.0618971713944436
1RII,145,1.871665752288101
1RII,146,3.402061843358214
1RII,147,2.4262014343474876
1RII,148,3.2422718280449896
1RII,149,2.9956955569443573
1RII,150,1.8988444343404538
1RII,151,2.524127140564696
1RII,152,3.008955918971314
1RII,153,2.2735452509754293
1RII,154,2.3078376641712075
1RII,155,1.9823237416843753
1RII,156,2.7115234929401413
1RII,157,1.4344152062097444
1RII,158,1.9286492604428085
1RII,159,2.104369612235143
1RII,160,2.0686860564264142
1RII,161,2.1579240824048025
1RII,162,2.2541284048076586
1RII,163,0.984667097072679
1RII,164,2.0879571836450768
1RII,165,1.960994253887842
1RII,166,2.288211508029943
1RII,167,2.7923903774750025
1RII,168,2.500916317463671
1RII,169,2.35433502800725
1RII,170,2.135580422298808
1RII,171,2.8249752024523462
1RII,172,2.583908283387824
1RII,173,1.5541938181449764
1RII,174,3.2257549034050266
1RII,175,2.8952727608990845
1RII,176,2.2742002057110566
1RII,177,1.714821363930914
1RII,178,2.1381824816359214
1RII,179,1.6565118559827061
1RII,180,1.5378900378798321
1RII,181,1.8476599270977325
1RII,182,3.0194402667707867
1RII,183,2.3132278017602688
1RII,184,2.367556541960451
1RII,185,1.6301842547776162
1RII,186,1.8447691660693446
1RII,187,2.0649080956457437
1RII,188,1.45776803834035
1RII,189,2.7838079602094297
1RII,190,2.9020802482610493
1RII,191,2.1857797220697965
1RII,192,2.908120055947985
1RII,193,2.2916277026416636
1RII,194,3.1107994867396225
1IBS,0,2.5824942198709757
1IBS,1,2.5353303478849494
1IBS,2,2.5342101615168273
1IBS,3,2.044267834935437
1IBS,4,2.678587676448366
1IBS,5,2.246425325153716
1IBS,6,2.4820774993588572
1IBS,7,2.410583935519884
1IBS,8,1.867874350537021
1IBS,9,3.0224058662539472
1IBS,10,3.3819633349788454
1IBS,11,2.0065230250196064
1IBS,12,2.038767756742289
1IBS,13,3.1931599548806946
1IBS,14,3.0894392153764367
1IBS,15,1.8602662496097369
1IBS,16,2.5387988708222653
1IBS,17,3.431621888118821
1IBS,18,3.5271200142521137
1IBS,19,2.444158735791352
1IBS,20,2.617405216123592
1IBS,21,3.1582397849878343
1IBS,22,3.019226850414679
1IBS,23,2.3447056857268906
1IBS,24,2.5953394950403537
1IBS,25,3.251376924242547
1IBS,26,3.0466856596852208
1IBS,27,3.5955911642614455
1IBS,28,2.411489757509414
1IBS,29,3.3784131788875857
1IBS,30,2.7976312008179267
1IBS,31,0.789415736212696
1IBS,32,2.403246358108617
1IBS,33,1.0478485702765823
1IBS,34,1.8053304425097338
1IBS,35,0.7615039198189502
1IBS,36,2.561327013730897
1IBS,37,3.4552582358175767
1IBS,38,2.264347190853362
1IBS,39,3.1284151227866066
1IBS,40,2.269327244793633
1IBS,41,3.502771666494122
1IBS,42,1.1349769696877678
1IBS,43,2.4758895833742143
1IBS,44,1.8324263065527973
1IBS,45,1.6916553125410543
1IBS,46,3.6026649860113937
1IBS,47,1.5480082770413257
1IBS,48,2.112151854911819
1IBS,49,1.3017808862524378
1IBS,50,2.4151481686793312
1IBS,51,2.3218496520249863
1IBS,52,0.8501689472433737
1IBS,53,2.3582174243783265
1IBS,54,2.0189094509503343
1IBS,55,2.4940264481980314
1IBS,56,3.5620004973008674
1IBS,57,1.565825825017597
1IBS,58,2.6762409323357366
1IBS,59,1.369961512663235
1IBS,60,2.4396571764875805
1IBS,61,2.1491949174659726
1IBS,62,2.117448938430004
1IBS,63,1.0108312043453092
1IBS,64,0.8388740890132604
1IBS,65,2.024188154032424
1IBS,66,2.0503996513471416
1IBS,67,2.4307089956266354
1IBS,68,2.4789739984307286
1IBS,69,2.9283430639719477
1IBS,70,0.946192850202944
1IBS,71,1.53268096763246
1IBS,72,2.4039021499479896
1IBS,73,2.184236324625683
1IBS,74,1.8557712363696106
1IBS,75,2.1408262068611075
1IBS,76,1.8100368893939647
1IBS,77,1.700760207331014
1IBS,78,3.323576570897765
1IBS,79,2.8531281390349985
1IBS,80,1.579216907564968
1IBS,81,2.03478875417507
1IBS,82,2.2914747300983254
1IBS,83,1.7590235719313843
1IBS,84,2.3495461408557907
1IBS,85,1.413674776396164
1IBS,86,0.9051082542026103
1IBS,87,1.4704208359345432
1IBS,88,1.695855710433288
1IBS,89,0.8155597210940726
1IBS,90,1.8892259844017256
1IBS,91,1.808133517367489
1IBS,92,1.3245825629710453
1IBS,93,0.8116033391713471
1IBS,94,1.8694608554616499
1IBS,95,1.950680935295956
1IBS,96,3.056249781142415
1IBS,97,1.8009102201930627
1IBS,98,3.0021046877049398
1IBS,99,1.8083098505987207
1IBS,100,1.2125868369778974
1IBS,101,2.4116371834686565
1IBS,102,1.778643034737591
1IBS,103,1.519522630949476
1IBS,104,2.1434472113958423
1IBS,105,1.9401294628680807
1IBS,106,1.5889164293518887
1IBS,107,1.8767887058760944
1IBS,108,2.121297239948471
1IBS,109,2.330435107632739
1IBS,110,2.8623562855720763
1IBS,111,3.412553612673944
1IBS,112,2.2391354015058105
1IBS,113,1.4931497327915595
1IBS,114,2.479859645389151
1IBS,115,2.765174379994471
1IBS,116,1.8173625747877071
1IBS,117,2.1355365527271233
1IBS,118,2.4838065342319684
1IBS,119,2.2211398276862697
1IBS,120,2.6404416009194365
1IBS,121,0.7963207441624033
1IBS,122,1.8626529925806803
1IBS,123,1.89239216044446
1IBS,124,3.1015633647542313
1IBS,125,0.9248154766432273
1IBS,126,1.6272724303363981
1IBS,127,0.9364134967539295
1IBS,128,1.4351627442006722
1IBS,129,0.9182457788330711
1IBS,130,0.7205279266984606
1IBS,131,1.7912114457429045
1IBS,132,1.8868894067853308
1IBS,133,1.4545889498611853
1IBS,134,2.307943300259853
1IBS,135,0.7478900009881505
1IBS,136,1.766720319490554
1IBS,137,2.2713467106656595
1IBS,138,3.29859419576051
1IBS,139,2.503972559284204
1IBS,140,3.480434346434292
1IBS,141,2.274641952236281
1IBS,142,2.8198484215415043
1IBS,143,2.4866950270358497
1IBS,144,3.269417698951805
1IBS,145,3.4511720635347976
1IBS,146,2.1983187799470874
1IBS,147,2.88487118812001
1IBS,148,3.4890926023459348
1IBS,149,3.5391965601023214
1IBS,150,3.4690086808407607
1IBS,151,3.4598894622266894
1IBS,152,3.3184141170994255
1IBS,153,3.2374711187854293
1IBS,154,2.503455644282496
1IBS,155,3.1465558369438518
1IBS,156,2.3489828501644934
1IBS,157,2.0204374768372064
1IBS,158,1.8055125796954854
1IBS,159,1.9789818722045505
1IBS,160,1.413674776396164
1IBS,161,0.8956386992378593
1IBS,162,2.968156798691288
1IBS,163,1.791690067017406
1IBS,164,1.9841993395626354
1IBS,165,2.117192566618108
1IBS,166,3.1889590928547564
1IBS,167,1.982046719966637
1IBS,168,1.6776833999777492
1IBS,169,2.0899430571590147
1IBS,170,3.090438342599101
1IBS,171,2.67687568898034
1IBS,172,2.0049592784592263
1IBS,173,2.848469266455974
1IBS,174,3.0333381127725128
1IBS,175,2.153721737441231
1IBS,176,2.7367038755052793
1IBS,177,3.068389445885616
1IBS,178,2.948957176202179
1IBS,179,2.297182567147443
1IBS,180,1.895881096112779
1IBS,181,1.5389157852818989
1IBS,182,2.310944382737807
1IBS,183,1.4915374554855576
1IBS,184,1.0149936150052377
1IBS,185,2.0433320724362076
1IBS,186,2.7098989736913155
1IBS,187,2.5531135880855813
1IBS,188,2.4304792621949014
1IBS,189,1.6528202440724715
1IBS,190,2.1900228044956025
1IBS,191,1.7755439575882308
1IBS,192,3.1577930974896837
1IBS,193,1.7357313050257097
1IBS,194,2.3610597132447015
1IBS,195,3.1945781348653
1IBS,196,2.3747273584112953
1IBS,197,2.2901586111839785
1IBS,198,2.4357731871109953
1IBS,199,2.5708462203931504
1IBS,200,0.7205279266984609
1IBS,201,2.075844281979093
1IBS,202,2.4389547456230316
1IBS,203,1.4464526068580024
1IBS,204,1.8717579489657783
1IBS,205,2.0600793774917836
1IBS,206,1.955061122851036
1IBS,207,1.9886733337497537
1IBS,208,2.3452991867590613
1IBS,209,2.971784682661905
1IBS,210,3.4497584209376733
1IBS,211,2.1779264560324014
1IBS,212,1.9257640426872504
1IBS,213,3.4368340462496465
1IBS,214,2.664479750170209
1IBS,215,2.1115808065216397
1IBS,216,3.2335290255610314
1IBS,217,2.9837297046959264
1IBS,218,3.4025857302059306
1IBS,219,1.400011536243709
1IBS,220,1.5392224206106717
1IBS,221,3.4622857303761783
1IBS,222,3.1395250787780222
1IBS,223,1.7795594715346998
1IBS,224,3.348941844787064
1IBS,225,2.131537215375472
1IBS,226,3.026374847711012
1IBS,227,2.590944633921251
1IBS,228,2.077007119360385
1IBS,229,2.485942372224545
1IBS,230,2.0527154727097385
1IBS,231,2.011888236292513
1IBS,232,2.070425443176576
1IBS,233,1.9352624638997835
1IBS,234,2.75423931351961
1IBS,235,1.5401776059655221
1IBS,236,3.1127747381640654
1IBS,237,2.605094098460609
1IBS,238,2.383544718958938
1IBS,239,2.36754657129665
1IBS,240,3.4808644028290834
1IBS,241,3.1921107190936264
1IBS,242,2.2864222611176763
1IBS,243,3.5268556941949427
1IBS,244,2.421335206278646
1IBS,245,2.8036415093105918
1IBS,246,2.4185209140742097
1IBS,247,2.5765458183946413
1IBS,248,2.377336778937722
1IBS,249,2.4354862949444693
1IBS,250,2.136711303126172
1IBS,251,1.3161081060219133
1IBS,252,2.2671457836006077
1IBS,253,1.8752946755924575
1IBS,254,2.857861305597566
1IBS,255,2.889463802916409
1IBS,256,3.351286309563963
1IBS,257,3.07884625612754
1IBS,258,3.3153139447122686
1IBS,259,3.2929830995539002
1IBS,260,3.7151702404421174
1IBS,261,3.5825748997608944
1IBS,262,3.462334446248333
1IBS,263,2.2642151665278307
1IBS,264,2.472069511084971
1IBS,265,3.047274819547731
1IBS,266,2.9793120302707017
1IBS,267,2.424756222473187
1IBS,268,2.3037697740932392
1IBS,269,2.6763756432780115
1IBS,270,2.349205658577241
1IBS,271,3.198038035228345
1IBS,272,2.237007908106864
1IBS,273,2.4563692950903704
1IBS,274,2.204090093051258
1IBS,275,2.2254062072333927
1IBS,276,2.34528315665765
1IBS,277,1.68341145045568
1IBS,278,3.4266085788073823
1IBS,279,2.2397575939158134
1IBS,280,2.1927497393210684
1IBS,281,3.1534390919453767
1IBS,282,3.3600500813107863
1IBS,283,3.0439084644848755
1IBS,284,3.4796090765434453
1IBS,285,2.1149590839891723
1IBS,286,2.216831013617459
1IBS,287,2.064865307209502
1IBS,288,3.2291299468153163
1IBS,289,2.0394133174859648
1IBS,290,0.9247658973405094
1R6M,0,3.141710305374689
1R6M,1,2.5081095886340217
1R6M,2,2.3270264036071913
1R6M,3,3.532278204081884
1R6M,4,3.4097742956296506
1R6M,5,2.8430670961708033
1R6M,6,2.473553368874017
1R6M,7,2.243821377584867
1R6M,8,2.7152593640372165
1R6M,9,2.3572902404438922
1R6M,10,3.2681680713114716
1R6M,11,2.3595580254216855
1R6M,12,2.4841406374436854
1R6M,13,2.771749882165056
1R6M,14,2.907151967643433
1R6M,15,2.4167162824405417
1R6M,16,3.013662932761017
1R6M,17,3.347085331704475
1R6M,18,2.1883325062585777
1R6M,19,2.0967051953746387
1R6M,20,2.2611064600655304
1R6M,21,1.688349093235907
1R6M,22,1.8557802434801185
1R6M,23,2.1231448935966672
1R6M,24,1.9695273791673178
1R6M,25,2.3191777246333642
1R6M,26,3.074916427533614
1R6M,27,2.7449081160786837
1R6M,28,2.7967315462277367
1R6M,29,2.68261485137435
1R6M,30,1.47361017266173
1R6M,31,2.2371037693534173
1R6M,32,1.1727061725765704
1R6M,33,2.338036181274263
1R6M,34,1.780595672227872
1R6M,35,2.314742680250691
1R6M,36,2.535095986727133
1R6M,37,2.4451846566079385
1R6M,38,2.921177878358607
1R6M,39,3.0135827663225787
1R6M,40,1.8850086947179
1R6M,41,1.4121971975416983
1R6M,42,2.9979996651022796
1R6M,43,1.367165678212127
1R6M,44,2.469364273624319
1R6M,45,2.480121170957905
1R6M,46,3.273856741920985
1R6M,47,2.4760922858490537
1R6M,48,1.7394954218705698
1R6M,49,1.6425504471022496
1R6M,50,0.7190503478665304
1R6M,51,2.864989046016441
1R6M,52,1.0413808894985224
1R6M,53,1.8460992886249596
1R6M,54,2.3572837430882214
1R6M,55,2.298835291241057
1R6M,56,1.5416540224037372
1R6M,57,3.3582172058138284
1R6M,58,2.9237940310455284
1R6M,59,3.1530172787110575
1R6M,60,3.684376602703294
1R6M,61,1.8090491368392525
1R6M,62,1.0576499617850104
1R6M,63,2.798508235638412
1R6M,64,3.0568079391131926
1R6M,65,2.73765482907408
1R6M,66,1.7033111262088199
1R6M,67,1.9552379693151016
1R6M,68,2.8521636253001907
1R6M,69,2.7224393876695685
1R6M,70,1.4121971975417056
1R6M,71,1.850927394001145
1R6M,72,2.917114948142069
1R6M,73,1.6197159412256368
1R6M,74,1.8378864275788782
1R6M,75,1.3186339972672874
1R6M,76,1.7211770912163893
1R6M,77,2.2774466386181325
1R6M,78,1.851104762815664
1R6M,79,2.301320881274045
1R6M,80,2.5490552934664032
1R6M,81,2.5042237572183983
1R6M,82,1.1714811728803178
1R6M,83,2.2882403669571074
1R6M,84,3.415960841037801
1R6M,85,2.6878468215970406
1R6M,86,1.9418740695993195
1R6M,87,1.4718085727054735
1R6M,88,1.4205113948075658
1R6M,89,2.3787896451704524
1R6M,90,2.334073071824097
1R6M,91,2.243417642287768
1R6M,92,3.2403439576862754
1R6M,93,2.5559979186088433
1R6M,94,1.1241942301659638
1R6M,95,2.2367008311669254
1R6M,96,1.1810954069134665
1R6M,97,1.412197197541699
1R6M,98,1.6333141194104972
1R6M,99,1.6244611446634758
1R6M,100,1.6713497917394555
1R6M,101,2.245527972017601
1R6M,102,1.2277408194289816
1R6M,103,1.8311137872746166
1R6M,104,1.4325827682850676
1R6M,105,2.3022180415947795
1R6M,106,2.3807420613596197
1R6M,107,2.0198978162478443
1R6M,108,1.450912875861303
1R6M,109,2.2336155871058434
1R6M,110,3.3256634139889187
1R6M,111,2.6136393864267164
1R6M,112,1.652167905579137
1R6M,113,2.823527455004424
1R6M,114,3.5746404932660085
1R6M,115,3.5869394439977054
1R6M,116,2.2673489623587173
1R6M,117,3.5315853071012056
1R6M,118,3.2962266886119562
1R6M,119,3.5571095669828026
1R6M,120,2.450985186301023
1R6M,121,3.6932370069138165
1R6M,122,2.538754802729217
1R6M,123,3.5513854121206045
1R6M,124,3.6589769374352117
1R6M,125,3.5364289012105172
1R6M,126,1.612232097375858
1R6M,127,2.608763753782287
1R6M,128,3.3932334766745367
1R6M,129,3.3445439317266548
1R6M,130,3.5093472361311013
1R6M,131,2.3347641467497753
1R6M,132,1.9132608359220495
1R6M,133,1.7162984040790483
1R6M,134,2.21553324527257
1R6M,135,1.818584810796093
1R6M,136,1.4509128758613012
1R6M,137,2.5475339250372877
1R6M,138,2.9637666471300532
1R6M,139,3.2073585080147278
1R6M,140,2.110232843751263
1R6M,141,3.407510852589371
1R6M,142,2.9475310532282744
1R6M,143,2.8560773091949914
1R6M,144,2.0961618288056347
1R6M,145,1.8400413936909574
1R6M,146,2.6189896576633322
1R6M,147,0.9612725511974729
1R6M,148,3.6068644533528023
1R6M,149,0.7702903292041144
1R6M,150,2.3669851439370486
1R6M,151,3.56442813966776
1R6M,152,1.6277758231101114
1R6M,153,2.8360091573221826
1R6M,154,2.4293707069714547
1R6M,155,2.7767650578059238
1R6M,156,0.7447637937534609
1R6M,157,2.4190059635707746
1R6M,158,1.7080084020300375
1R6M,159,2.393247783276346
1R6M,160,2.094355541329921
1R6M,161,2.593921600681665
1R6M,162,3.3877355535242915
1R6M,163,1.9339991830718524
1R6M,164,3.2375421761350553
1R6M,165,2.5014156889811776
1R6M,166,2.2856005834073163
1R6M,167,2.426887074928561
1R6M,168,0.8309181909725182
1R6M,169,1.9055500084901986
1R6M,170,1.8487614463070567
1R6M,171,2.020826570765838
1R6M,172,2.7415579901357314
1R6M,173,3.342311158624348
1R6M,174,2.877580431576467
1R6M,175,1.280841912891629
1R6M,176,2.9219126332218406
1R6M,177,2.7784998989476497
1R6M,178,3.2706027671245073
1R6M,179,2.4510691336946175
1R6M,180,2.174755377568043
1R6M,181,3.2243860413844603
1R6M,182,3.3990024600193833
1R6M,183,2.09029221600123
1R6M,184,2.3280843894680783
1R6M,185,3.241212151226573
1R6M,186,2.224478672817715
1R6M,187,1.8045268977006697
1R6M,188,3.336874584429982
1R6M,189,3.584453123898329
1R6M,190,1.6685274882166823
1R6M,191,2.6155888894396115
1R6M,192,3.5769413509644394
1R6M,193,2.975312860354814
1R6M,194,2.092713276493539
1R6M,195,3.2022466756096857
1R6M,196,3.433512775901612
1R6M,197,3.302245104149856
1R6M,198,0.8686031353378157
1R6M,199,2.9425164190856674
1R6M,200,3.198459105038072
1R6M,201,2.4116697179909345
1R6M,202,2.2254292137178124