name,tree,rep,total_entropy
HIV,ruhfel,102.8636016582476738
HIV,ruhfel,112.8234361454570376
HA,salichos,12.8321967383524056
NP,rayfinned,182.822963829050251
NP,salichos,12.8031295284339857
NP,rayfinned,192.8274065919094147
HA,ruhfel,22.826216317791226
HA,ruhfel,32.825995793969559
HA,andersen,142.81191107090351
LAC,salichos,132.783150341980437
HA,andersen,152.8481334434835346
LAC,salichos,122.7988253474682203
LAC,spiralia,182.753167623120011
NP,dosreis,32.8188897656960803
HIV,andersen,12.8488560460509627
LAC,spiralia,192.816279846341411
NP,dosreis,22.7862333991102157
LAC,dosreis,62.7775865313130015
HA,dosreis,42.838927239670314
LAC,dosreis,72.8031877191270054
HA,dosreis,52.8156731078409845
NP,andersen,42.8061565861343905
NP,andersen,52.770484956851875
HIV,spiralia,112.848151280945965
HIV,spiralia,102.854972234774368
HA,andersen,42.842493821630428
LAC,opisthokonta,52.787520847014301
HA,andersen,52.8338627374216423
LAC,opisthokonta,42.799442784530955
HIV,salichos,42.8452141637705957
HIV,salichos,52.8574079622456408
NP,prum,12.8122248359865867
LAC,rayfinned,42.7689509081547663
LAC,rayfinned,52.7620458113162685
LAC,ruhfel,72.8146357495032968
HA,dosreis,202.8212445594982127
LAC,ruhfel,62.765025421502043
HA,opisthokonta,52.8276948503401687
NP,dosreis,202.800607971148795
HA,opisthokonta,42.8356037129649425
HA,dosreis,142.8071880835528344
HA,dosreis,152.835314966622483
NP,dosreis,142.7713344248211853
HIV,rayfinned,72.8582380286728344
NP,dosreis,152.8170369092159677
HIV,rayfinned,62.8482404026602834
NP,dosreis,92.791832531418313
LAC,spiralia,122.7745110591115707
NP,dosreis,82.7979212495692574
LAC,spiralia,132.8097139750045432
NP,andersen,112.8121617378455217
LAC,salichos,192.8030759395124445
NP,andersen,102.818416589098075
LAC,salichos,182.7575091772483686
NP,rayfinned,122.8359411456285843
NP,rayfinned,132.8020489209572244
HA,ruhfel,82.8237922275715786
HA,ruhfel,92.8080919068938694
NP,opisthokonta,72.8161597452099216
NP,opisthokonta,62.8100714716331834
HIV,dosreis,102.8575933447604727
HIV,dosreis,112.8308834607054294
HA,andersen,202.8318304129930842
LAC,spiralia,12.812535861644592
HA,opisthokonta,172.8279011779736596
HA,opisthokonta,162.825897021008569
HA,prum,102.823468326046173
HA,prum,112.8176615025588805
HIV,salichos,102.8442641428297266
HIV,salichos,112.8358599862315694
HA,prum,72.8090521524631105
HA,prum,62.828763530194648
LAC,andersen,102.8346701735866553
NP,salichos,182.8160258464420096
HA,salichos,172.853411870010463
LAC,andersen,112.7676531638400172
NP,salichos,192.8235128373517173
HA,salichos,162.829339920366528
NP,spiralia,132.7970470762799735
NP,spiralia,122.832058824702649
LAC,dosreis,182.7977973966488836
NP,opisthokonta,202.815095498746278
HIV,opisthokonta,202.8309329545492883
LAC,dosreis,192.720283326575009
LAC,prum,72.7931309181599095
HIV,prum,22.841745448154991
LAC,prum,62.817488774778253
NP,ruhfel,202.799283201482882
HIV,prum,32.8236671304448664
LAC,salichos,62.801903197356539
LAC,salichos,72.7537357450850446
HIV,spiralia,92.8400045289419293
HIV,ruhfel,12.870741062315874
HIV,spiralia,82.8202413977752467
LAC,rayfinned,152.739143494953627
LAC,rayfinned,142.815617214099986
LAC,prum,142.7759986745794882
LAC,prum,152.773972355792337
HA,ruhfel,182.8345060895728498
HA,ruhfel,192.8346527386474034
HA,rayfinned,102.8091997401682733
HA,rayfinned,112.792199469257319
HIV,andersen,192.844209464929197
LAC,opisthokonta,142.7957285730650985
HIV,andersen,182.859889443042935
LAC,opisthokonta,152.7935090405872494
NP,prum,202.8094486078980156
LAC,andersen,22.785257199318178
LAC,andersen,32.7883318255552156
HIV,rayfinned,102.84939054619507
HIV,rayfinned,112.812745671621178
HA,rayfinned,12.8238781945668276
HIV,prum,102.859754576619026
HIV,prum,112.8638332344445976
HIV,spiralia,32.865783718077972
HIV,spiralia,22.8360765739179974
HIV,prum,82.8381068463608528
HIV,prum,92.8271146119599138
NP,prum,142.831759315030492
NP,prum,152.7833320952535705
HIV,opisthokonta,12.842152747562631
LAC,dosreis,122.8006357189844024
LAC,opisthokonta,202.794383463255847
LAC,dosreis,132.7780621534017786
NP,spiralia,192.8275143231346376
HA,spiralia,162.833956032792996
NP,spiralia,182.8226301522815445
HA,spiralia,172.8254827710204347
LAC,prum,202.789778494593701
NP,salichos,122.8225759778073
NP,salichos,132.8126525601050685
HA,spiralia,72.840762469883017
HA,spiralia,62.83500609801104
NP,spiralia,72.80699376949631
LAC,rayfinned,202.7581173983430327
NP,spiralia,62.802940702437172
HIV,dosreis,62.848820052814305
NP,rayfinned,52.75864875359867
NP,rayfinned,42.8178965032230847
HIV,dosreis,72.845796417072382
NP,ruhfel,152.814763631279966
LAC,andersen,82.812373102337114
NP,ruhfel,142.819386078678191
LAC,andersen,92.7965611028010877
HIV,andersen,132.8455312842472282
HIV,opisthokonta,142.856184746687844
NP,opisthokonta,142.803997415300395
NP,ruhfel,42.7815454319040667
HIV,andersen,122.8578676544069617
NP,ruhfel,52.805913050248732
HIV,opisthokonta,152.842898336243926
NP,opisthokonta,152.8052092150329244
HA,ruhfel,122.8610453094061703
LAC,ruhfel,102.7811305293235042
HA,ruhfel,132.8510173607792026
LAC,ruhfel,112.795240917795842
HIV,andersen,202.8572866904896683
HA,prum,12.820135218098283
LAC,andersen,172.792093737526356
HA,salichos,102.8408916897559076
HA,ruhfel,202.831975609507466
LAC,andersen,162.6876847845837744
HA,salichos,112.823779317150447
NP,spiralia,142.8277863699556662
NP,spiralia,152.788423889051423
LAC,rayfinned,122.766717588273199
LAC,rayfinned,132.741488742396611
HIV,prum,52.8724604469619828
LAC,prum,12.7823737669179898
HIV,prum,42.8511606183283185
NP,prum,192.8220297444357287
LAC,salichos,12.785175665897399
NP,prum,182.8172102845935445
HIV,ruhfel,72.8370128874982865
HIV,ruhfel,62.8278812442523122
NP,ruhfel,92.7767067325219204
HIV,opisthokonta,192.849571763666261
NP,opisthokonta,192.806920605679718
LAC,opisthokonta,132.7893586250882363
LAC,dosreis,202.805515804801396
HIV,opisthokonta,182.8588461700463252
NP,opisthokonta,182.8031435951573207
LAC,opisthokonta,122.812149790626891
NP,ruhfel,82.814125020993076
LAC,prum,132.7923504233373926
LAC,prum,122.747713773883646
NP,salichos,202.8084388072217736
HA,rayfinned,172.817152156983353
HA,rayfinned,162.8279946452238143
HIV,rayfinned,172.824133093928498
HIV,rayfinned,162.818756163231981
HA,rayfinned,72.8209994408608514
NP,rayfinned,82.7975715070558698
HA,rayfinned,62.824360309270069
NP,rayfinned,92.817924272116813
NP,ruhfel,182.810677387351011
LAC,andersen,52.7434691172663985
NP,ruhfel,192.806062785565028
LAC,andersen,42.793381627415186
HIV,spiralia,42.854618340999327
HIV,spiralia,52.8607423619788377
NP,prum,132.8202055347419934
HIV,opisthokonta,72.8649456310249293
HIV,opisthokonta,62.856807205844807
NP,prum,122.7906679078526553
HIV,prum,172.8369839352031105
HIV,prum,162.806002060196484
LAC,rayfinned,182.7557244160568546
LAC,rayfinned,192.7757045771106124
HA,spiralia,112.7866307042068734
HA,spiralia,102.8440103226913527
NP,salichos,152.8095906888562006
NP,salichos,142.819966845399999
LAC,dosreis,152.75975550304027
LAC,dosreis,142.7972741741240763
NP,ruhfel,122.8067751926263154
NP,ruhfel,132.7946651690086486
HA,spiralia,12.797363489826264
NP,spiralia,12.8025740320159063
HIV,dosreis,12.83251810460302
NP,rayfinned,22.7953669004525854
NP,rayfinned,32.832364268338919
HA,ruhfel,152.8477801159381393
LAC,ruhfel,172.7709743638066353
HA,ruhfel,142.8535208477001963
LAC,ruhfel,162.800229491941042
LAC,prum,192.7796115522392215
LAC,prum,182.7767594711458488
NP,spiralia,202.8197351291992376
HIV,andersen,142.8415910945395
NP,ruhfel,32.831749843023282
LAC,opisthokonta,192.786086820571983
HIV,opisthokonta,132.8574048612291607
NP,opisthokonta,132.8007316916071705
HIV,andersen,152.847623289162798
LAC,opisthokonta,182.800145094005097
HIV,opisthokonta,122.8511253429822037
NP,opisthokonta,122.8186202230653907
NP,ruhfel,22.787771684218485
HA,andersen,132.821050195678743
LAC,salichos,142.794365835671851
HA,andersen,122.8360574841330335
LAC,salichos,152.7870349886566563
HIV,andersen,72.8567932793973867
NP,dosreis,42.7981843844717385
HIV,andersen,62.852726578344109
NP,dosreis,52.820472246903069
HIV,ruhfel,172.8504016693596728
HIV,ruhfel,162.8539325754408487
HA,salichos,72.8330681619144706
HA,salichos,62.8534493480508956
NP,salichos,72.81763551735635
NP,salichos,62.815634882337961
HA,ruhfel,52.853912326969954
HA,ruhfel,42.847550416648951
NP,dosreis,192.78858776181563
NP,dosreis,182.8039009038857428
HA,dosreis,192.838499737690562
HA,dosreis,182.848574686083437
LAC,dosreis,12.840194526070029
HA,dosreis,32.8009671583655726
HA,dosreis,22.821298876519599
HIV,salichos,32.846758995840446
HIV,salichos,22.8498884563743814
LAC,spiralia,202.790913239586739
NP,prum,62.8042975843159446
NP,prum,72.8003954573393055
NP,andersen,32.8118355274743236
NP,andersen,22.8028582140724536
NP,rayfinned,202.802323033017853
HIV,spiralia,162.845054890734282
HIV,spiralia,172.8558319433433463
HA,andersen,32.8364690278466544
LAC,opisthokonta,22.827216248231162
HA,andersen,22.826242756854841
LAC,opisthokonta,32.801372657808825
LAC,ruhfel,12.8086059899252667
HA,opisthokonta,22.8391793026017322
HA,opisthokonta,32.838193870220701
LAC,rayfinned,32.8173746222191145
LAC,rayfinned,22.807485070192848
HA,dosreis,132.834418668623809
HA,dosreis,122.80374202024772
HA,dosreis,92.8368386855765473
HA,dosreis,82.8074566017172535
NP,dosreis,132.766196298219243
NP,dosreis,122.810262269169154
HIV,rayfinned,12.8618185416300337
NP,rayfinned,152.780306973586809
NP,rayfinned,142.8202536454909892
LAC,spiralia,152.781730363539135
LAC,spiralia,142.745201394908959
HA,andersen,192.820039170105671
NP,andersen,162.815703444421819
HA,andersen,182.8240569534178706
NP,andersen,172.8021299580737686
NP,opisthokonta,12.8146291070165295
HIV,dosreis,172.8643343804893595
HIV,dosreis,162.861323019309859
LAC,rayfinned,92.777465625267935
LAC,rayfinned,82.78113810142989
HA,opisthokonta,82.8359594655754305
HA,opisthokonta,92.8469867098990034
HA,prum,172.854645914654914
HA,prum,162.840221285316342
HA,andersen,92.8074074475646307
LAC,opisthokonta,82.7742710530369474
HA,andersen,82.8374324687940105
LAC,opisthokonta,92.7400922396417875
NP,andersen,92.823013804462161
NP,andersen,82.817992481503348
HIV,salichos,172.855406055451598
HIV,salichos,162.857603241980045
LAC,salichos,202.795986539235646
LAC,spiralia,62.732681694759036
LAC,spiralia,72.7943510128902966
HA,opisthokonta,102.8476749883549717
HIV,salichos,92.853911968090696
HIV,salichos,82.8607847870418652
HA,opisthokonta,112.821214580456114
HIV,prum,132.8401956178894268
HIV,prum,122.8365930480131762
HIV,opisthokonta,32.8358742646825883
NP,prum,172.8291678571006047
NP,prum,162.793032222019337
HIV,opisthokonta,22.849339175654542
HIV,ruhfel,92.875494121858973
HIV,spiralia,12.8383699834113183
HIV,ruhfel,82.834421401280393
LAC,dosreis,112.793538080365138
LAC,dosreis,102.767183155527167
NP,salichos,112.802612846203076
LAC,andersen,192.751560100664225
NP,salichos,102.820288274268654
LAC,andersen,182.749116053202956
HA,spiralia,152.8203240543732013
HA,spiralia,142.8405462070815783
HIV,rayfinned,192.8499578415572153
NP,spiralia,42.8034830598262173
HIV,rayfinned,182.8247581653652705
NP,spiralia,52.81931072039296
NP,rayfinned,62.803790906257995
HIV,dosreis,52.8602396437497273
HA,rayfinned,92.82844504043476
HIV,dosreis,42.853475403101864
NP,rayfinned,72.8347843770081105
HA,rayfinned,82.8078624790642093
HA,spiralia,42.815399965305853
HA,spiralia,52.8338937945328335
NP,ruhfel,162.803753854289321
NP,ruhfel,172.8158219252894083
NP,opisthokonta,172.8073126823568892
HIV,opisthokonta,172.857270163245043
NP,ruhfel,72.8156710554110846
HIV,andersen,102.8469717846429505
NP,ruhfel,62.7826605274489373
NP,opisthokonta,162.802654893320829
HIV,opisthokonta,162.867431641490177
HIV,andersen,112.8578599151021877
HA,salichos,202.8481829333771844
LAC,ruhfel,132.7968407058801534
HA,ruhfel,112.8328680375220388
LAC,ruhfel,122.816792894001357
HA,ruhfel,102.804751826579235
HA,rayfinned,192.86014697846566
HA,rayfinned,182.8356094850606186
NP,spiralia,102.812545619610517
NP,spiralia,112.796012596200094
HA,prum,42.7875491160530714
HA,prum,52.834686834388067
HA,salichos,142.8438770688083075
LAC,andersen,132.8114198522729685
HA,salichos,152.843704674856119
LAC,andersen,122.7590605384043427
HIV,ruhfel,32.838394786392435
HIV,ruhfel,22.861522693203751
HIV,prum,12.8738053611821455
LAC,prum,42.78532992035856
LAC,prum,52.786782397395468
HIV,opisthokonta,92.8488612328983045
LAC,salichos,52.7463976735838664
LAC,salichos,42.811496809173064
HIV,opisthokonta,82.867389640090882
HIV,prum,192.8187224197859284
HIV,prum,182.8186381603059285
LAC,rayfinned,162.8418890822291547
LAC,rayfinned,172.780083612726813
LAC,ruhfel,192.826050285884454
LAC,ruhfel,182.802302027245217
HA,rayfinned,132.836594671770783
HA,rayfinned,122.8376571185834294
LAC,prum,172.762328826410157
LAC,prum,162.842361782349826
HA,spiralia,202.843613544717299
LAC,opisthokonta,172.7751466532475293
LAC,opisthokonta,162.809302250829097
LAC,andersen,12.7907489167775674
HIV,rayfinned,132.82509972314787
HIV,rayfinned,122.8174465692129673
HA,rayfinned,32.8620751487807956
HA,rayfinned,22.836401167919182
HIV,rayfinned,42.827562620513974
NP,dosreis,172.8201093103895043
HIV,rayfinned,52.8425821525091903
NP,dosreis,162.813670575295305
HA,dosreis,172.83912899209761
HA,dosreis,162.841144163934701
NP,andersen,122.8242495428073555
NP,andersen,132.7961448055224176
LAC,spiralia,112.7871608197727307
HIV,andersen,92.80578914916616
LAC,spiralia,102.7603109570331106
HIV,andersen,82.8121937301791196
HIV,ruhfel,192.8442101201962044
HIV,ruhfel,182.8302763897760674
HA,salichos,92.840270592061245
HA,salichos,82.837015528549857
NP,rayfinned,112.7811784704864957
NP,salichos,92.812918243160971
NP,rayfinned,102.832678912500028
NP,salichos,82.7906272282772826
NP,opisthokonta,42.8109128079002295
NP,opisthokonta,52.839705902597854
HIV,dosreis,132.8444547273220127
HIV,dosreis,122.837207688092853
HA,opisthokonta,142.8417933757796274
HA,opisthokonta,152.826364839237841
NP,prum,82.7847936430059606
NP,prum,92.7740357328946663
LAC,spiralia,22.7818923622353147
LAC,spiralia,32.797859679958831
HIV,salichos,132.871395438998062
HIV,salichos,122.842518691160512
HIV,spiralia,182.839024635609915
HA,prum,132.8244815705970945
HIV,spiralia,192.860262874251291
HA,prum,122.80032588493853
NP,salichos,32.8232393335783508
NP,salichos,22.811100827218281
HA,ruhfel,12.8196176764687997
HIV,ruhfel,132.850506684293664
HIV,ruhfel,122.841689624068637
HA,salichos,32.85703879269464
HA,salichos,22.830916976126498
HIV,andersen,32.854155678772115
NP,dosreis,12.809148211187877
HIV,andersen,22.81916166748377
HA,opisthokonta,202.8463118939420897
LAC,salichos,102.769964695926199
NP,andersen,182.7725242838556228
HA,andersen,172.847430665857883
LAC,salichos,112.7948198309687315
NP,andersen,192.7988997485023397
HA,andersen,162.8230129459458833
HA,dosreis,72.8472919292250713
LAC,dosreis,52.7666879237970288
HA,dosreis,62.8301720209752848
LAC,dosreis,42.757338939710648
HIV,spiralia,122.8540808805538433
HA,prum,192.8096522984720216
HIV,spiralia,132.8455482184257854
HA,prum,182.8096516754423977
LAC,opisthokonta,62.80932773794334
HA,andersen,72.8124616766261124
LAC,opisthokonta,72.780210414476271
HA,andersen,62.813219407207212
NP,andersen,72.791691572759527
NP,andersen,62.81500999389278
HIV,salichos,192.860366791904298
HIV,salichos,182.8499365568909703
NP,prum,22.8392352823311997
NP,prum,32.8187589262073915
LAC,spiralia,82.733884891340157
LAC,spiralia,92.7816232934529457
HIV,salichos,72.861384601155905
HIV,salichos,62.8493898918571454
HIV,dosreis,192.843111533637392
HIV,dosreis,182.8450534557869993
LAC,rayfinned,72.7633463441463535
LAC,rayfinned,62.729148975825401
HA,opisthokonta,62.8123906493220145
HA,opisthokonta,72.83221214036538
LAC,ruhfel,42.7858229001601815
LAC,ruhfel,52.7491541232681693
HIV,rayfinned,32.8230631296154916
NP,dosreis,102.814071149289567
HIV,rayfinned,22.842779998315802
NP,dosreis,112.831509092407101
HA,dosreis,102.8397517466377504
HA,dosreis,112.8149108958630586
LAC,dosreis,82.804349053778188
LAC,dosreis,92.7880978279813853
HIV,spiralia,202.853246095251648
NP,rayfinned,162.814422685773217
NP,rayfinned,172.803894840933856
NP,andersen,152.8306078989702352
NP,andersen,142.7820878257093438
LAC,spiralia,162.767335476206044
LAC,spiralia,172.7492768874410456
NP,opisthokonta,32.8054057830806935
NP,opisthokonta,22.783105913650449
HIV,dosreis,142.8101507578221194
HIV,dosreis,152.852399350167361
LAC,ruhfel,92.804486785046985
LAC,ruhfel,82.774928469350038
HIV,salichos,142.8442659745240837
HIV,salichos,152.837391869654017
HA,prum,142.806975558120052
HA,prum,152.8286576583016063
HIV,ruhfel,202.83219884991407
HA,opisthokonta,132.819113012664029
HA,opisthokonta,122.8547692017523087
LAC,spiralia,52.7853779138854136
LAC,spiralia,42.733724101076583
NP,dosreis,72.7854003107371383
HIV,andersen,42.8622142500225203
NP,dosreis,62.7927882571741462
HIV,andersen,52.8495149188163005
LAC,salichos,172.8060893015918285
HA,andersen,102.825896559831845
LAC,salichos,162.791786541373121
HA,andersen,112.8091994721078404
HIV,salichos,202.8507770946381594
NP,salichos,42.7995125841497717
NP,salichos,52.8043777441448716
HA,ruhfel,62.814712846585804
HA,ruhfel,72.8245191978492126
HIV,ruhfel,142.838850843012202
HIV,ruhfel,152.8536897878470975
HA,salichos,42.8095903661255037
HA,prum,202.8256910532437636
HA,salichos,52.841968425359646
LAC,dosreis,22.793338071460612
HA,dosreis,12.820565187396984
LAC,dosreis,32.769214208843027
HIV,rayfinned,92.8609518403364342
HIV,rayfinned,82.8429424975313613
HIV,dosreis,202.8255459112401247
NP,prum,52.7952581283879483
NP,andersen,202.7964273260040837
NP,prum,42.75718140410663
HA,opisthokonta,192.8192890956225343
HIV,salichos,12.8388417164477886
HA,opisthokonta,182.8152749015745995
HIV,spiralia,152.8497554393675575
HIV,spiralia,142.806701206481226
LAC,opisthokonta,12.8065353759141143
HA,andersen,12.8198198330927893
NP,andersen,12.8154233253785286
HA,opisthokonta,12.852420317475051
LAC,ruhfel,32.778140867336822
LAC,ruhfel,22.7488825630297447
NP,opisthokonta,92.777505811627949
NP,opisthokonta,82.797663397079709
LAC,rayfinned,12.7826458353704338
LAC,prum,92.7841409213696218
LAC,prum,82.7803827833859454
LAC,salichos,82.818323844374749
NP,prum,102.8157218916468816
HIV,opisthokonta,42.843936776164337
HIV,opisthokonta,52.8562965775618263
LAC,salichos,92.8041237383636433
NP,prum,112.7578873219496804
HIV,spiralia,72.832832997167292
HIV,spiralia,62.846529726884857
HIV,prum,142.8544119155615784
HIV,prum,152.843507135415508
HIV,rayfinned,202.8438798328004076
HA,rayfinned,202.8212953996060732
HA,prum,92.8038775964611338
HA,prum,82.812127543585126
HA,salichos,192.833642639763839
NP,salichos,162.79675909272561
HA,salichos,182.8356263404703976
NP,salichos,172.8097055819471164
HA,spiralia,122.8111520095703666
HA,spiralia,132.8332807174647856
LAC,dosreis,162.748864892996722
LAC,dosreis,172.7403721266542616
NP,ruhfel,112.7965237958584983
NP,ruhfel,102.7844809973730795
NP,spiralia,32.80047971053514
NP,spiralia,22.79145255668579
NP,rayfinned,12.810683623144316
HIV,dosreis,22.8417040688978314
HIV,dosreis,32.857952943406832
HA,spiralia,32.8321416526538528
HA,spiralia,22.8327510038515324
LAC,ruhfel,142.785255578002339
LAC,andersen,202.76033661097181
HA,ruhfel,162.834341257399475
LAC,ruhfel,152.787492109170152
HA,ruhfel,172.8623473025072164
NP,opisthokonta,102.8365785321605976
HIV,opisthokonta,102.861266779271012
HIV,andersen,172.8289625358163693
NP,opisthokonta,112.804445911854571
HIV,opisthokonta,112.8295380298935506
NP,ruhfel,12.8139455995877793
HIV,andersen,162.866242568693798
HA,spiralia,182.822654970337879
NP,spiralia,172.8361677588064995
HA,spiralia,192.8227318411065654
NP,spiralia,162.8053772191735256
HA,prum,32.815329254265808
HA,prum,22.8164743403477317
HA,salichos,132.8493568119048325
LAC,ruhfel,202.793470035285406
LAC,andersen,142.8114574831377794
HA,salichos,122.8487520136252122
LAC,andersen,152.771220428376991
LAC,rayfinned,112.7285214555415784
LAC,rayfinned,102.757518576380968
HIV,ruhfel,42.8615650040281895
HIV,ruhfel,52.8238600542822003
HIV,prum,62.835075603036852
LAC,prum,32.8116967506235038
HIV,prum,72.8253384198814993
LAC,prum,22.7649614025100138
LAC,salichos,22.7863974151207542
LAC,salichos,32.8118016221169078
LAC,opisthokonta,102.790358529230052
LAC,opisthokonta,112.814516937224534
HA,rayfinned,142.790021042650785
HA,rayfinned,152.8235951084567508
LAC,prum,102.7920109035141336
LAC,prum,112.8005792044029074
HA,spiralia,92.8233683476260896
HA,spiralia,82.8278742497907206
HIV,rayfinned,142.86121464523571
NP,spiralia,92.8021320656371422
HIV,rayfinned,152.835549406404855
NP,spiralia,82.8153926807457275
HIV,prum,202.873000261022193
HIV,dosreis,82.8500701596685345
HA,rayfinned,42.850887425746257
HIV,dosreis,92.851698949027086
HA,rayfinned,52.823294822737037
LAC,andersen,62.801229094987054
LAC,andersen,72.7509338063003113
LAC,0,2.6606435561826123
LAC,1,2.785971277860717
LAC,2,2.8422630956808006
LAC,3,1.558483433988589
LAC,4,2.353704464172066
LAC,5,2.810776592455346
LAC,6,2.2575990132387522
LAC,7,1.4686443280787322
LAC,8,2.6507432252356287
LAC,9,2.793254471125849
LAC,10,2.034168810580769
LAC,11,0.9520274543998671
LAC,12,2.796307146666492
LAC,13,2.7981164434404895
LAC,14,1.960318729135463
LAC,15,2.6526288144642085
LAC,16,1.6121439558364945
LAC,17,2.480222464344684
LAC,18,1.6935498042763133
LAC,19,0.49892378317909497
LAC,20,1.3678128397034932
LAC,21,2.01523684692274
LAC,22,2.359532624269356
LAC,23,1.7253259734477102
LAC,24,1.6386966805296181
LAC,25,2.111151706045425
LAC,26,2.832544507563906
LAC,27,2.205851205086668
LAC,28,1.351092313485354
LAC,29,2.739969581960794
LAC,30,2.3272277592432293
LAC,31,2.15157267785201
LAC,32,2.357322436389988
LAC,33,2.602456566521676
LAC,34,2.4726300835462194
LAC,35,1.255515781881895
LAC,36,2.7075500736933495
LAC,37,2.7842966516988894
LAC,38,2.335407460321744
LAC,39,1.9318698622291586
LAC,40,0.4956287172784951
LAC,41,0.5032947571353068
LAC,42,1.559204990382814
LAC,43,2.1845452984524156
LAC,44,0.18023024715795377
LAC,45,0.48003746824821714
LAC,46,1.929880947070567
LAC,47,0.20823456016164463
LAC,48,1.6442837127615748
LAC,49,2.069897399194703
LAC,50,1.0591785524389072
LAC,51,1.6674654505160964
LAC,52,1.3181523144865703
LAC,53,2.6585989254644544
LAC,54,1.4095707342316919
LAC,55,0.5982854964541935
LAC,56,2.764721681749789
LAC,57,2.2070694844664485
LAC,58,2.0500986285711766
LAC,59,1.5707814899912316
LAC,60,2.75796949026384
LAC,61,2.5213991384568732
LAC,62,2.8185000872782164
LAC,63,2.049360903694309
LAC,64,2.808996376488621
LAC,65,1.4329248686944813
LAC,66,2.8288867326836873
LAC,67,1.6936524267091135
LAC,68,2.6003057065925934
LAC,69,1.3664283919936047
LAC,70,2.8085485052232615
LAC,71,1.8580726366223563
LAC,72,2.769032615733894
LAC,73,2.8051396016965295
LAC,74,2.8235526359047753
LAC,75,2.52317646132916
LAC,76,1.5150970293683519
LAC,77,2.41335637925795
LAC,78,2.78311055452547
LAC,79,2.087245732294649
LAC,80,0.8177140519600984
LAC,81,1.2712882039320856
LAC,82,2.384715747964865
LAC,83,1.7073346919614867
LAC,84,2.7493632882340036
LAC,85,2.7795447878262154
LAC,86,2.504400400574698
LAC,87,2.60984640629787
LAC,88,2.8588870341070556
LAC,89,2.825318844353556
LAC,90,0.8310137010846539
LAC,91,1.21481562859676
LAC,92,1.8452475527617724
LAC,93,1.410545443495571
LAC,94,2.794572156549761
LAC,95,2.074408903087536
LAC,96,0.605509072939774
LAC,97,1.0706162910936194
LAC,98,2.8133188094416033
LAC,99,1.1373610410663004
LAC,100,1.432409244695799
LAC,101,1.4114037418472896
LAC,102,2.2713085903229984
LAC,103,2.591317482157378
LAC,104,0.12741480586585238
LAC,105,0.33311526945231235
LAC,106,0.6220456366213578
LAC,107,1.657897599841602
LAC,108,0.6634265260200527
LAC,109,1.463537369507799
LAC,110,0.4061745160358895
LAC,111,1.4950193449403062
LAC,112,0.9428737776598802
LAC,113,1.5342721000487833
LAC,114,2.7995181021553988
LAC,115,2.5956493334331547
LAC,116,1.7154115986336735
LAC,117,1.348445199613605
LAC,118,0.7347117322992719
LAC,119,1.299477452983887
LAC,120,2.8632997593664964
LAC,121,2.8662672688107587
LAC,122,1.4956232735780026
LAC,123,2.2632495953158123
LAC,124,2.8049162747992487
LAC,125,2.42162570313581
LAC,126,2.022795462356696
LAC,127,2.810727519101499
LAC,128,2.7964119565762457
LAC,129,2.503526388938139
LAC,130,2.0248839853945477
LAC,131,0.363782402988263
LAC,132,2.8789512362143777
LAC,133,2.8206348211521717
LAC,134,0.8403065455498403
LAC,135,1.9263520588882739
LAC,136,2.0568407852853565
LAC,137,1.545936338856764
LAC,138,1.4388477893140663
LAC,139,2.8491524619357045
LAC,140,0.30415216370318393
LAC,141,1.967837488965234
LAC,142,2.830682567977927
LAC,143,1.6569399833146827
LAC,144,1.4078244778837326
LAC,145,2.776267278696581
LAC,146,2.5125950795834253
LAC,147,2.844632569288397
LAC,148,2.8496879315967543
LAC,149,2.8106118853774134
LAC,150,1.1776764350772508
LAC,151,2.870730015250363
LAC,152,2.0302003186250817
LAC,153,0.28697349509372455
LAC,154,0.8664670567752374
LAC,155,1.040268465319209
LAC,156,2.8482865896621643
LAC,157,0.7599956805902467
LAC,158,2.7997778539105007
LAC,159,2.6368778783770046
LAC,160,1.7255085121322757
LAC,161,1.1907971584402803
LAC,162,2.8452235878324887
LAC,163,2.1629961223942904
LAC,164,1.8318862518759387
LAC,165,2.7244332268751763
LAC,166,2.779670560249602
LAC,167,1.5926005460708332
LAC,168,1.7960332380513675
LAC,169,2.804020426340055
LAC,170,2.676293886372337
LAC,171,2.6479474743630056
LAC,172,2.8676975990767857
LAC,173,1.0970459999776303
LAC,174,2.5289377249354565
LAC,175,2.866749025465832
LAC,176,2.819138931019726
LAC,177,1.9210448651646308
LAC,178,2.190733446058574
LAC,179,2.7554949320972923
LAC,180,2.6566677752309933
LAC,181,0.9464882144365507
LAC,182,2.6784264491964946
LAC,183,2.788703319230699
LAC,184,1.7653647675404216
LAC,185,1.150330064508528
LAC,186,2.8153038071077465
LAC,187,2.7021572498801816
LAC,188,1.9369557931777246
LAC,189,2.641419255584827
LAC,190,2.050047238208786
LAC,191,1.6557895841884314
LAC,192,2.3933874098135184
LAC,193,2.6946669797546146
LAC,194,0.6829065259137211
LAC,195,1.3599297492971762
LAC,196,0.5552984186471104
LAC,197,2.7706620994807536
LAC,198,2.705949170284447
LAC,199,1.929721604857036
LAC,200,1.3309385483426575
LAC,201,2.864381094371434
LAC,202,2.3867104662653844
LAC,203,0.9997003619787779
LAC,204,2.295551560131951
LAC,205,1.3968058661491913
LAC,206,1.240905162204364
LAC,207,1.3896496093856363
LAC,208,0.6308415205446025
LAC,209,1.221003538322976
LAC,210,0.8439266891706876
LAC,211,1.4734927230233885
LAC,212,1.02600214380419
LAC,213,2.8618354212347183
LAC,214,2.7895543292149245
LAC,215,0.4207403809587652
LAC,216,1.5058295000157802
LAC,217,0.6883388800838207
LAC,218,1.0465482473892247
LAC,219,1.3353739178314832
LAC,220,1.6132551975759577
LAC,221,1.4218623383512061
LAC,222,2.239540491048604
LAC,223,1.425058685862591
LAC,224,0.29479343436107297
LAC,225,2.239410266978738
LAC,226,2.8503194653727975
LAC,227,2.7533719776865784
LAC,228,2.7948787590841886
LAC,229,2.735909644838192
LAC,230,2.76187669010369
LAC,231,0.8813742383730785
LAC,232,1.2330178306519275
LAC,233,1.4543201560771133
LAC,234,1.617527617074207
LAC,235,1.4307416063101757
LAC,236,1.4884214878433186
LAC,237,2.2381448333086706
LAC,238,2.557489369460579
LAC,239,2.0693564313238255
LAC,240,1.6537565226703985
LAC,241,2.8631723900021795
LAC,242,0.01475007880443129
LAC,243,2.7456088552576454
LAC,244,2.464730861487554
LAC,245,2.8534052674269432
LAC,246,2.752527893148386
LAC,247,2.3956560634881727
LAC,248,1.614448160204205
LAC,249,2.783215686675492
LAC,250,2.749734637238864
LAC,251,1.5636717368007071
LAC,252,2.5760931152043347
LAC,253,2.6724253556095565
LAC,254,1.3075898333398424
LAC,255,1.37047338520956
LAC,256,2.7944938330948763
LAC,257,2.722214390256922
LAC,258,1.9038073681330907
LAC,259,2.129914881660184
LAC,260,2.72373335098956
LAC,261,2.693467255701234
NP,0,2.894814897348258
NP,1,1.170287969236661
NP,2,2.4129632251161146
NP,3,2.4556742526764634
NP,4,2.072469999081834
NP,5,1.1006495813401347
NP,6,1.2851291053321319
NP,7,0.7286500235019745
NP,8,2.2127051121590116
NP,9,2.589687137901045
NP,10,2.437012656524324
NP,11,2.5395628251631757
NP,12,2.4333299579422274
NP,13,2.215073794578307
NP,14,2.157355744574049
NP,15,2.2972448913277654
NP,16,2.2236152967276106
NP,17,2.6621582001408637
NP,18,1.4956873649666478
NP,19,2.1855867534930353
NP,20,2.43703432734034
NP,21,2.355482044469888
NP,22,2.5611205490305142
NP,23,2.395803832311212
NP,24,2.1992416006749673
NP,25,1.6419480974736818
NP,26,2.5664606428511183
NP,27,2.324983335596563
NP,28,1.9874201201862631
NP,29,1.976839208605828
NP,30,2.492672488491759
NP,31,2.6188669428154587
NP,32,2.3495353508996417
NP,33,2.66385168141747
NP,34,2.1324221092353493
NP,35,2.420317846180619
NP,36,2.217339213879523
NP,37,2.1912768451632787
NP,38,2.650938399120716
NP,39,2.3849400842675617
NP,40,2.4726298352872362
NP,41,2.4011830945417163
NP,42,2.7085431621741565
NP,43,2.6611781017097456
NP,44,2.166687863762621
NP,45,2.4987555346473895
NP,46,2.230074343906112
NP,47,2.617936978280169
NP,48,1.865012030253184
NP,49,2.500417061519333
NP,50,2.648143221296563
NP,51,2.626383112736873
NP,52,2.3672886256383645
NP,53,2.258016116230489
NP,54,2.200045771975408
NP,55,1.956860397017924
NP,56,2.1493749876884443
NP,57,2.358123286631306
NP,58,2.2579826394867806
NP,59,1.9167976604845154
NP,60,2.2306203377357448
NP,61,2.1944044601062282
NP,62,2.312509188777354
NP,63,2.458996725778586
NP,64,1.6430895942989006
NP,65,2.705307647273902
NP,66,2.433770032541063
NP,67,2.135293146826329
NP,68,1.7554458591064253
NP,69,2.0608381740617596
NP,70,2.6227134676254695
NP,71,2.38490030960828
NP,72,2.657501385322505
NP,73,2.122044583224597
NP,74,1.5147937353958705
NP,75,2.6068247295380824
NP,76,2.483205651012216
NP,77,2.319691794481822
NP,78,1.5451561262582156
NP,79,2.409959408158718
NP,80,2.6207456497703125
NP,81,2.677850794696365
NP,82,2.499747787404248
NP,83,2.375573022703548
NP,84,2.509401995125337
NP,85,2.575325033737091
NP,86,2.055204606418677
NP,87,2.142961508222409
NP,88,2.4168641442307988
NP,89,2.5132027506031918
NP,90,1.6462777062117877
NP,91,1.7742294791422135
NP,92,1.6142843360039651
NP,93,1.7235666689828693
NP,94,2.4394822054575416
NP,95,2.18125743842068
NP,96,2.6077062443448007
NP,97,2.2367491034391183
NP,98,1.801875018080746
NP,99,2.63611081548172
NP,100,2.7380608481731055
NP,101,2.4758124059861824
NP,102,2.546223819258857
NP,103,2.686514294508569
NP,104,2.7571363613069484
NP,105,1.8710063855642993
NP,106,2.6431262588321855
NP,107,2.244387631094475
NP,108,2.6278117362983298
NP,109,1.9400090664016374
NP,110,2.538094990281676
NP,111,2.6263937695855297
NP,112,2.149614242318366
NP,113,2.8282466654871725
NP,114,2.3857445900162757
NP,115,2.0819969360862247
NP,116,2.44779937348161
NP,117,2.2627039343468507
NP,118,2.4088787745516527
NP,119,2.642309682776291
NP,120,2.2987149021851176
NP,121,2.5248024418212034
NP,122,2.1336126925711087
NP,123,2.6137326167228925
NP,124,2.6702709486178318
NP,125,2.4694588606219945
NP,126,2.7537381505309453
NP,127,2.7822190882506463
NP,128,2.535807951425122
NP,129,2.494226751486687
NP,130,2.389407528031922
NP,131,1.9327235677959673
NP,132,1.9879180461253854
NP,133,2.090889182361454
NP,134,2.5227868491067427
NP,135,2.3597980778661976
NP,136,2.5467677497548515
NP,137,1.9995126711749012
NP,138,2.6291760317104096
NP,139,2.581948884110641
NP,140,2.0027741591398494
NP,141,2.4583099565547446
NP,142,1.7866557846286435
NP,143,2.5625924644964106
NP,144,2.2490208426714444
NP,145,2.0509365967032087
NP,146,2.1167349873229635
NP,147,2.0306896387190334
NP,148,2.2816899887742905
NP,149,1.484550682837844
NP,150,1.8227537790634893
NP,151,1.15344589167071
NP,152,1.9951667939043396
NP,153,1.4908955809282776
NP,154,2.0144530785379655
NP,155,1.2291817559883602
NP,156,2.238845335331727
NP,157,2.061993977666619
NP,158,2.0172054805519015
NP,159,2.212940924509763
NP,160,2.155628621934264
NP,161,1.4316536216190217
NP,162,2.454624727649829
NP,163,2.511303290644235
NP,164,1.785370417805877
NP,165,2.018751750050012
NP,166,2.425994692195114
NP,167,2.0111611685750925
NP,168,1.9798789096485996
NP,169,1.5127866177558322
NP,170,2.1780671810084975
NP,171,1.6699059093170068
NP,172,2.1944234704080547
NP,173,1.2166789242307177
NP,174,1.6814085201851525
NP,175,1.8951216201779122
NP,176,1.7158709730628219
NP,177,2.410478496988358
NP,178,1.8770094149890408
NP,179,1.570050838748281
NP,180,2.4420477503841433
NP,181,2.327828759785009
NP,182,2.185773498343178
NP,183,2.2973390701805423
NP,184,1.6680310000980278
NP,185,2.2140284968601702
NP,186,1.8658934844747603
NP,187,2.085616691736944
NP,188,2.5761899558149253
NP,189,2.110148383507298
NP,190,2.17636407554963
NP,191,2.4062637597439767
NP,192,2.002669626883974
NP,193,2.375517136993216
NP,194,1.3489419289021538
NP,195,2.586847466449277
NP,196,2.3143138692032426
NP,197,2.357611990468067
NP,198,1.8062748837553888
NP,199,1.930674455961292
NP,200,2.3782013386575613
NP,201,2.5276967722549135
NP,202,2.10662811312669
NP,203,1.0624998922437887
NP,204,2.51524521461302
NP,205,2.394808312643082
NP,206,2.4890816455349536
NP,207,1.1161776091513935
NP,208,1.8754459129678531
NP,209,2.3604953502237316
NP,210,2.6923083142321356
NP,211,1.8640090118283814
NP,212,1.3853306341466858
NP,213,2.6407198104955154
NP,214,2.179390600277509
NP,215,1.713909227628843
NP,216,2.5277950783398695
NP,217,2.183359299756622
NP,218,2.465890586245363
NP,219,2.6929802518234096
NP,220,1.8187934548414268
NP,221,2.813788988483031
NP,222,2.689053896839868
NP,223,2.6868598142070046
NP,224,2.5485568776468073
NP,225,2.088096846082823
NP,226,2.49591039200033
NP,227,2.323232304867453
NP,228,2.42371493900725
NP,229,2.352788992822072
NP,230,2.4721532492662113
NP,231,2.501955725075563
NP,232,2.172363823893696
NP,233,2.3226673739663495
NP,234,2.486585332199838
NP,235,2.1244061573099002
NP,236,2.1214506461568656
NP,237,2.4657342920290795
NP,238,2.293576750035196
NP,239,2.479110576151552
NP,240,2.135567119592412
NP,241,2.144124939874926
NP,242,1.8271934206036187
NP,243,2.293967387806338
NP,244,1.9454374820990619
NP,245,1.8644416796911214
NP,246,2.3577375940756506
NP,247,2.0057120554730665
NP,248,1.86189469388915
NP,249,2.5689382510511765
NP,250,2.193188125975304
NP,251,2.390136510131013
NP,252,2.5294484158222064
NP,253,2.5759755679197602
NP,254,2.2953530007740834
NP,255,1.9414634547384393
NP,256,2.313877435050276
NP,257,2.2403837803978757
NP,258,1.7911160269423905
NP,259,2.147791734829084
NP,260,1.5325430845236014
NP,261,1.8362395766190391
NP,262,2.131031381957702
NP,263,1.9297752475797816
NP,264,2.149904022960612
NP,265,2.191280323779915
NP,266,1.6535999460740944
NP,267,2.289422389104523
NP,268,2.2680709876995677
NP,269,2.4955886048134914
NP,270,2.1568488267074666
NP,271,2.0549613868323866
NP,272,1.998551911337124
NP,273,1.7871900503809406
NP,274,2.2938074858775885
NP,275,2.3497992237034167
NP,276,2.0452497397796607
NP,277,2.3663171305625585
NP,278,2.50170838223633
NP,279,2.4273709979466376
NP,280,2.4624880836675493
NP,281,2.147782568809813
NP,282,2.685851305391513
NP,283,2.4352060425999587
NP,284,2.532227892273826
NP,285,2.5622224077954607
NP,286,2.189315361804059
NP,287,2.378600901862476
NP,288,2.5747268296708703
NP,289,2.6950484600079996
NP,290,2.6989919951857257
NP,291,2.6745756432610475
NP,292,2.702361055946454
NP,293,2.7634160964829824
NP,294,1.9682065162784999
NP,295,2.5942139133704947
NP,296,1.7905761254619994
NP,297,1.4009167327315653
NP,298,2.0162039779909535
NP,299,1.9986521891740652
NP,300,2.6272857722620198
NP,301,2.5872865368554576
NP,302,2.227209826412341
NP,303,2.603355026631355
NP,304,2.46711877803901
NP,305,2.3842118154812715
NP,306,1.8519970864771054
NP,307,2.7573899826957686
NP,308,2.546731546804782
NP,309,2.510986374765432
NP,310,2.2094190325715477
NP,311,2.350610006219184
NP,312,2.444437727056702
NP,313,1.9492950596300744
NP,314,2.012088308033646
NP,315,2.350578380400516
NP,316,1.199854005673785
NP,317,2.708015069027126
NP,318,2.5989469130601455
NP,319,2.188171803627003
NP,320,2.592038025056189
NP,321,2.1665131028348985
NP,322,2.550033215712689
NP,323,2.383097205286487
NP,324,2.1151473250548616
NP,325,1.8379269828582594
NP,326,2.4813057859759415
NP,327,1.9189131185774262
NP,328,2.0448534956603868
NP,329,2.589094601924006
NP,330,2.253076509461331
NP,331,1.918683026169609
NP,332,2.4624891499254837
NP,333,2.5440443231110685
NP,334,2.0318345768042523
NP,335,2.079885609807283
NP,336,2.2440909340301265
NP,337,2.712565886735461
NP,338,2.041038636312751
NP,339,2.2771383208728793
NP,340,1.9479060031330506
NP,341,2.1981700611312047
NP,342,2.1454910249556005
NP,343,1.6718071358356157
NP,344,1.8962727472190792
NP,345,2.6006416411352338
NP,346,2.2268597900063964
NP,347,1.970303805010357
NP,348,2.026343508783391
NP,349,2.4974018473435065
NP,350,2.6303986880075207
NP,351,2.2324653723034547
NP,352,2.5307887564647853
NP,353,2.2660991193747786
NP,354,1.5589261449500738
NP,355,2.079981845912831
NP,356,2.3580684963833978
NP,357,1.6950702895597176
NP,358,2.599121702493155
NP,359,2.045450987995979
NP,360,1.2871996788536217
NP,361,1.6266158451955564
NP,362,2.260422170286644
NP,363,2.7513684368316893
NP,364,2.224225922100168
NP,365,1.932160201872854
NP,366,2.2190776859857104
NP,367,2.642747668851592
NP,368,2.490800865933813
NP,369,2.728050163993388
NP,370,2.535744890325458
NP,371,2.6779417539677435
NP,372,2.5773238152526687
NP,373,2.69380012936609
NP,374,2.6551249334938833
NP,375,2.289694139880286
NP,376,2.2910469680210315
NP,377,1.9905872651401801
NP,378,2.037572989521996
NP,379,2.491979846629028
NP,380,1.7642954470009822
NP,381,1.479924375108624
NP,382,1.82010949218546
NP,383,2.22296882407615
NP,384,2.653063820254412
NP,385,2.4958477433385626
NP,386,1.8662336343097363
NP,387,2.1522869247846
NP,388,1.4153615984286976
NP,389,1.6207812241096557
NP,390,1.3648817381808094
NP,391,1.6221266112192465
NP,392,1.9233075019704358
NP,393,1.5687454191905676
NP,394,2.578679588830684
NP,395,2.3477471503871006
NP,396,2.3629410060549523
NP,397,2.2561241846258246
NP,398,2.434871305422175
NP,399,1.8927915554764931
NP,400,2.1748719605313167
NP,401,2.4131877451060606
NP,402,2.403678913088702
NP,403,2.2846347076187543
NP,404,2.055107909347701
NP,405,2.3470377830865865
NP,406,1.7188905533089076
NP,407,2.2397808079472292
NP,408,2.4788175261989287
NP,409,1.6828645770445567
NP,410,2.146113073945032
NP,411,2.113996507466477
NP,412,1.7568899570170797
NP,413,2.011654324864882
NP,414,2.469504358970025
NP,415,1.1977427824853237
NP,416,2.7537457604482687
NP,417,1.9201673387297644
NP,418,2.296142377672091
NP,419,2.5060657520653096
NP,420,2.6517768179486514
NP,421,2.3744430963423553
NP,422,2.523669741525891
NP,423,2.4071652556017615
NP,424,2.1117104397321205
NP,425,2.258092451636325
NP,426,2.417504292695236
NP,427,2.468763664692128
NP,428,2.0420855155539783
NP,429,2.526161597070264
NP,430,2.4114822076489513
NP,431,2.8044451856213084
NP,432,2.6008367694501033
NP,433,2.53667077976479
NP,434,1.8716110410968552
NP,435,1.1219129368413676
NP,436,2.1754686177643134
NP,437,2.140703958293025
NP,438,2.1489249402097172
NP,439,2.658317527326663
NP,440,1.5987466841123237
NP,441,2.1853056744508046
NP,442,2.3661645471816537
NP,443,2.413390090844378
NP,444,2.152068907100801
NP,445,2.5243217718774322
NP,446,2.7870362179759143
NP,447,2.4660279687291604
NP,448,2.5237493143362126
NP,449,2.599126929354942
NP,450,2.6944203067998354
NP,451,2.5694075224686994
NP,452,2.6579000379157707
NP,453,2.714520842965469
NP,454,2.6074115499855557
NP,455,2.429254015604052
NP,456,2.196644594042707
NP,457,2.1851725731634786
NP,458,2.563714917921981
NP,459,1.9578909519295344
NP,460,1.3807033338490935
NP,461,1.6077474400654737
NP,462,2.2398280061953075
NP,463,1.9302989540676139
NP,464,1.9294251275735523
NP,465,2.347515074651878
NP,466,2.5414120404572507
NP,467,2.273397780296015
NP,468,2.6057916833604984
NP,469,1.5254501138601733
NP,470,1.3505217576600228
NP,471,2.4108707585127616
NP,472,2.483994838651538
NP,473,2.091179026978696
NP,474,2.2670403082928905
NP,475,1.899544889703748
NP,476,1.239769558135176
NP,477,2.1564189058135814
NP,478,2.594583312656988
NP,479,2.6677292855970545
NP,480,2.5549087486750626
NP,481,1.630353414586673
NP,482,2.5326965592814554
NP,483,2.603820204694337
NP,484,2.30815333856865
NP,485,1.3932753414442882
NP,486,1.8860292599926485
NP,487,1.89402432373866
NP,488,2.006216655876226
NP,489,1.501171302264181
NP,490,2.420470821302645
NP,491,2.373431798094211
NP,492,2.282714431975959
NP,493,2.5826374287895657
NP,494,2.6295240601352057
NP,495,2.496592699828143
NP,496,2.5098101158956094
NP,497,2.4150751575574243
HA,0,2.566594653900794
HA,1,2.264558387302655
HA,2,2.710288610460625
HA,3,2.251520988895033
HA,4,2.391635549635396
HA,5,2.3985705543646585
HA,6,2.120896957129212
HA,7,2.32415162225137
HA,8,2.432449601374955
HA,9,2.4588917672811634
HA,10,2.2423630141246282
HA,11,2.422671016460035
HA,12,2.5712183290037736
HA,13,2.320766566036624
HA,14,2.631748064267779
HA,15,2.006577085611874
HA,16,2.302313067455949
HA,17,2.197893755417242
HA,18,2.1015082394805256
HA,19,2.2137333618894313
HA,20,2.08499932880772
HA,21,1.5599348037277017
HA,22,2.330124412096385
HA,23,2.3239450859029978
HA,24,1.9388805098890884
HA,25,2.200535989719531
HA,26,1.9757463105859445
HA,27,1.79143095609865
HA,28,1.975920525217259
HA,29,2.4203781333398284
HA,30,2.113799503642853
HA,31,1.9546883905610342
HA,32,2.361642549047226
HA,33,1.5702233985086282
HA,34,2.3249717279751545
HA,35,2.033123854536892
HA,36,2.2884484940151575
HA,37,1.8091096878239135
HA,38,2.3345339112574797
HA,39,1.9788486100208367
HA,40,2.3263737004921405
HA,41,2.414971474075261
HA,42,1.7547224162114194
HA,43,2.1995190354650593
HA,44,1.797374375125087
HA,45,2.3436010784399266
HA,46,2.2846649336415505
HA,47,1.3605466688170313
HA,48,1.362494524532336
HA,49,2.1512852494814325
HA,50,2.4760048069468055
HA,51,2.5387845495567403
HA,52,2.4291371209596893
HA,53,2.2803521993461415
HA,54,2.1018600443950057
HA,55,2.383817376229766
HA,56,1.6236463622300155
HA,57,2.2665941918010253
HA,58,2.328988136262956
HA,59,1.6913209117862062
HA,60,2.4311289188328744
HA,61,2.0330462441346806
HA,62,2.397708918661768
HA,63,2.7145755506480578
HA,64,1.6647305418383025
HA,65,1.5975522201337542
HA,66,2.693652352016632
HA,67,1.441658400970894
HA,68,2.4198357652155087
HA,69,2.1919271806341087
HA,70,2.1260820114841685
HA,71,2.173396285609145
HA,72,1.9235349308805405
HA,73,2.335472143128809
HA,74,1.501160313428382
HA,75,2.368233864889393
HA,76,1.41067440284816
HA,77,1.6522540159552528
HA,78,1.1340038767917804
HA,79,2.126255775391382
HA,80,1.6238643671312
HA,81,2.528510820346193
HA,82,1.811360167960004
HA,83,2.21921190128227
HA,84,2.7491222753113966
HA,85,1.5416151270099623
HA,86,2.3865599178699193
HA,87,2.5393407355167525
HA,88,2.6836937915145684
HA,89,2.5880446420679535
HA,90,2.749345694005639
HA,91,2.3463571218991386
HA,92,1.2745606920217616
HA,93,1.7860930653213951
HA,94,1.8457590277635119
HA,95,1.6524530123049437
HA,96,2.273986446251653
HA,97,2.4855913518708603
HA,98,2.625133011961813
HA,99,2.455224744369048
HA,100,2.2012995294431374
HA,101,2.6270234137943502
HA,102,2.6199642093785926
HA,103,1.8079506286130473
HA,104,2.0928011176102443
HA,105,1.7550944581135997
HA,106,2.0190193093180797
HA,107,1.4198183580657262
HA,108,1.417691499769723
HA,109,2.554094238932872
HA,110,1.5573554037814477
HA,111,2.394317818441956
HA,112,2.3816761458836897
HA,113,2.3456940642313837
HA,114,2.274007278557062
HA,115,2.033682542801388
HA,116,1.1091143901220542
HA,117,1.8810591772026308
HA,118,2.1604870562172125
HA,119,2.2902018900670185
HA,120,1.300193460192736
HA,121,2.2811099253669878
HA,122,2.403651609584637
HA,123,2.076121754021084
HA,124,2.432399602624734
HA,125,2.506674573561571
HA,126,2.2175263639332536
HA,127,2.453648438405466
HA,128,1.3094991907002773
HA,129,2.2834944275464353
HA,130,2.3495073582938
HA,131,2.0172730982887592
HA,132,2.0549735866463417
HA,133,2.4058517727818995
HA,134,2.7019336421524076
HA,135,2.481749246229742
HA,136,2.43222413193209
HA,137,2.263311387754766
HA,138,2.193631954321593
HA,139,2.452619998344633
HA,140,2.0508637697262793
HA,141,2.3018137194168053
HA,142,1.8595304506428854
HA,143,2.5703733793499604
HA,144,2.7061971809819445
HA,145,2.2170983144397494
HA,146,2.33925146105184
HA,147,0.8236881888657179
HA,148,2.2116377523070767
HA,149,1.7789996268805819
HA,150,2.200702701737125
HA,151,2.567732650769157
HA,152,2.3908324768458673
HA,153,2.5449337821704896
HA,154,2.4982259725300486
HA,155,2.4803892250531687
HA,156,2.231778468099292
HA,157,2.2754351414842806
HA,158,1.9041708422858308
HA,159,2.011653447263805
HA,160,1.7587009157779094
HA,161,1.6656335943136253
HA,162,1.4885387974684614
HA,163,2.027390477239497
HA,164,2.2456019856287264
HA,165,1.5010637531101714
HA,166,2.120845175106807
HA,167,2.510118064554946
HA,168,2.653183270449978
HA,169,2.401399582079946
HA,170,2.4753764262704507
HA,171,2.5821945973806435
HA,172,2.0427894485816966
HA,173,2.65266584212027
HA,174,2.6738564914312164
HA,175,1.9595745231120918
HA,176,2.411176870217207
HA,177,2.225968666750398
HA,178,2.6082489008308958
HA,179,2.040597587569067
HA,180,2.6875103076930262
HA,181,1.7622135267001482
HA,182,2.371012752735468
HA,183,2.4647231718594353
HA,184,2.331733413638629
HA,185,2.4368497998239045
HA,186,2.553419070454048
HA,187,1.5982694002738258
HA,188,1.0473542391287798
HA,189,1.6099586109684558
HA,190,1.652705177805473
HA,191,2.1676752069616736
HA,192,1.2888303327617618
HA,193,1.6649706911613618
HA,194,1.6783755889498988
HA,195,2.6477486274503734
HA,196,1.8453347202295058
HA,197,1.9977543437627459
HA,198,2.055027058260097
HA,199,2.441896804309384
HA,200,2.400823529801563
HA,201,2.1950749630628037
HA,202,1.703195898314239
HA,203,2.3309834403592244
HA,204,2.4956361656601356
HA,205,1.1660084578995744
HA,206,1.5606804229302984
HA,207,2.518195168375679
HA,208,2.5331409477225266
HA,209,2.3718004249210187
HA,210,2.6558308128579178
HA,211,2.293759547045761
HA,212,2.613009048258747
HA,213,1.5824376225193275
HA,214,2.4013632873288695
HA,215,1.533629685519644
HA,216,2.534665090740135
HA,217,2.056965735441311
HA,218,2.2800602146072206
HA,219,2.409677488429356
HA,220,2.5170592931355715
HA,221,2.540785215294833
HA,222,2.456809791195117
HA,223,2.0420279180324608
HA,224,2.5273812542986387
HA,225,2.5566354121990766
HA,226,2.288597400513424
HA,227,2.725015565790589
HA,228,2.302269113502496
HA,229,2.4419077756774956
HA,230,2.6599662280222045
HA,231,1.2459048873650724
HA,232,2.430089663845957
HA,233,2.2317807852592213
HA,234,2.501093063953265
HA,235,2.0978980779242082
HA,236,2.2495400579947287
HA,237,2.455410962504828
HA,238,2.5215340704479794
HA,239,1.5337688367535265
HA,240,1.258610723069125
HA,241,2.3813527506279133
HA,242,2.691414202074478
HA,243,2.1033446147664367
HA,244,2.0052299999799734
HA,245,1.855705825414638
HA,246,2.5923149982274745
HA,247,1.8431571263049678
HA,248,1.2874920424490144
HA,249,2.659068508602282
HA,250,2.1908973767767215
HA,251,2.4327023896950304
HA,252,2.099297147176949
HA,253,2.522229412567842
HA,254,1.6041091660062048
HA,255,2.789841799986832
HA,256,1.8319293411187678
HA,257,2.1963075868434814
HA,258,1.8626743115896809
HA,259,2.2293069612227012
HA,260,1.0887308119403991
HA,261,1.6185961024055862
HA,262,1.3442709829107193
HA,263,1.633403841624353
HA,264,1.8484509653966754
HA,265,1.4027883799994223
HA,266,2.7236656216934376
HA,267,2.2924639267236886
HA,268,1.4350750720658403
HA,269,2.2002246783858297
HA,270,2.3018567692155503
HA,271,1.666134435993106
HA,272,2.526127789908223
HA,273,1.6808839817047387
HA,274,2.4913054974401727
HA,275,2.680561131462706
HA,276,2.6823847516925525
HA,277,2.223472186143691
HA,278,2.0165501806945723
HA,279,1.8067996914031637
HA,280,1.9334153319733731
HA,281,2.3555426063757325
HA,282,1.443476601713591
HA,283,2.684962048903621
HA,284,2.2100324311953417
HA,285,2.4961350191086447
HA,286,2.354871124768146
HA,287,2.578512348145947
HA,288,2.5432557923763808
HA,289,1.6889127017986734
HA,290,2.4798257163556845
HA,291,1.7802738747108493
HA,292,2.403967805318339
HA,293,1.7859285140280163
HA,294,2.151017679128191
HA,295,1.5096327417777335
HA,296,1.7011967462160011
HA,297,2.6380080941686055
HA,298,1.2904809002001472
HA,299,1.7597803696807073
HA,300,2.1165244262387097
HA,301,2.4811886727059873
HA,302,1.8089933244316851
HA,303,2.3369408685460793
HA,304,1.807708404605255
HA,305,1.3307870391491206
HA,306,2.1065802234315676
HA,307,1.7684722838385327
HA,308,1.9867427944185705
HA,309,1.6679086500390106
HA,310,1.8671950313597163
HA,311,1.92247110268905
HA,312,2.6669611202138057
HA,313,2.342547183197704
HA,314,1.8385723439222244
HA,315,1.2768258908343744
HA,316,2.5806557604646505
HA,317,2.149762520095931
HA,318,1.4436567329269723
HA,319,1.9010007842074983
HA,320,1.9181965971282753
HA,321,1.5890834075600622
HA,322,1.7337612208001043
HA,323,1.5554295115668788
HA,324,2.5571639156444332
HA,325,1.9861441553408394
HA,326,1.1566217901293911
HA,327,1.4068570149549127
HA,328,2.206224442591542
HA,329,1.6531062571265924
HA,330,1.5280869645591588
HA,331,1.4112556928459983
HA,332,1.3331003010334919
HA,333,1.1772483396495175
HA,334,1.8855956184116096
HA,335,2.4682406700308555
HA,336,2.161983806388805
HA,337,2.370701389047196
HA,338,2.248649582953318
HA,339,2.423360456115587
HA,340,2.3801485221720475
HA,341,1.292545059145658
HA,342,1.5944736287924386
HA,343,1.68857457248111
HA,344,1.967741909802673
HA,345,2.3380904608141355
HA,346,1.4558010794223064
HA,347,1.7580182802567823
HA,348,1.7877840926104007
HA,349,1.412516057161919
HA,350,1.9467892637512392
HA,351,1.8334489844411432
HA,352,1.9409810930283893
HA,353,1.334259788852852
HA,354,1.3088078341794858
HA,355,2.348211156514816
HA,356,2.221965313688293
HA,357,1.87815182797907
HA,358,0.832098072036063
HA,359,2.370945909402063
HA,360,2.0755913249278537
HA,361,1.692031530601521
HA,362,2.451398804195643
HA,363,1.9857943346795928
HA,364,1.415563193378015
HA,365,2.157096182099287
HA,366,2.4040499380043
HA,367,2.268194816770502
HA,368,2.5693797180660063
HA,369,1.9051793880783392
HA,370,2.069468008067915
HA,371,2.363067424677487
HA,372,1.3256410179818703
HA,373,2.2814724109881057
HA,374,2.2743329512865516
HA,375,1.8189705010956911
HA,376,1.9807099444181682
HA,377,1.331523686808358
HA,378,1.9735416873484983
HA,379,2.3864520610174305
HA,380,2.5090495152124106
HA,381,1.6766009236244503
HA,382,1.6204330992626093
HA,383,2.1371946666838038
HA,384,2.510062342218421
HA,385,1.3345444851901793
HA,386,1.9869957056357543
HA,387,2.4502977556349332
HA,388,2.297972261130569
HA,389,1.9109528867525172
HA,390,2.314474423245719
HA,391,2.34544297114781
HA,392,1.7064459773032354
HA,393,1.769510733894703
HA,394,1.7979522391579332
HA,395,2.0845702450311245
HA,396,2.027828847995166
HA,397,1.7256908202378192
HA,398,2.421007294568904
HA,399,2.5197732379997615
HA,400,2.0855673759076434
HA,401,2.3973133743767754
HA,402,2.5456790615414597
HA,403,2.132716570269377
HA,404,2.6109790847155043
HA,405,2.4493286862019588
HA,406,2.6625848444501736
HA,407,2.314944137427426
HA,408,1.9833359960924293
HA,409,2.5361917660527737
HA,410,2.5807832759805884
HA,411,2.321617396543576
HA,412,2.213021012709266
HA,413,2.6862895075190276
HA,414,1.9446777189351612
HA,415,2.277587035297367
HA,416,1.9065936590549544
HA,417,1.8960758748292195
HA,418,2.306815503693566
HA,419,2.4646126670011497
HA,420,2.3874448951324165
HA,421,1.5095255522339592
HA,422,2.5613439245768665
HA,423,2.096155785010126
HA,424,2.1574793571151805
HA,425,2.06858989209248
HA,426,2.323064250045366
HA,427,2.43326252712731
HA,428,1.7853601473956444
HA,429,1.8297946851840126
HA,430,2.1608629661546073
HA,431,2.4062450599222815
HA,432,1.8722447542203797
HA,433,2.642039222070346
HA,434,2.0522178686207795
HA,435,2.3967669437762575
HA,436,2.4648783737732076
HA,437,2.2876454181472123
HA,438,2.121866991887721
HA,439,1.9435813547313345
HA,440,2.087576551078826
HA,441,2.1311834287599125
HA,442,1.3257497569544954
HA,443,2.3049861902002258
HA,444,2.314839812393857
HA,445,2.1872491776386935
HA,446,2.397155641039538
HA,447,2.0218527071775103
HA,448,1.6113674765527273
HA,449,1.6077231987586453
HA,450,2.1087710546338165
HA,451,2.450769681327055
HA,452,1.9070105458419653
HA,453,2.4266103784593827
HA,454,2.5462461023813487
HA,455,2.277978544027075
HA,456,2.0101792695225473
HA,457,2.304489123056474
HA,458,2.3443076657108195
HA,459,1.6026365040140134
HA,460,2.357172921100476
HA,461,2.5373779673967447
HA,462,2.518177098322539
HA,463,2.113393641614796
HA,464,2.3819726803989543
HA,465,2.429935685164918
HA,466,2.198782842278886
HA,467,1.8075696529231142
HA,468,2.4333197337228505
HA,469,2.615357502494047
HA,470,2.2097041290610364
HA,471,1.9953154617720066
HA,472,2.635240649084531
HA,473,2.5162326228892424
HA,474,2.357653679831515
HA,475,2.0333777558850907
HA,476,2.519523199003401
HA,477,2.113343146919611
HA,478,1.866647401397415
HA,479,2.1302333671918974
HA,480,2.4941311808683535
HA,481,2.530436045974971
HA,482,2.1145257114366496
HA,483,2.489208247835899
HA,484,2.5198962598946575
HA,485,2.1743343917065454
HA,486,2.2823578521263896
HA,487,2.366726717430005
HA,488,2.661372623493553
HA,489,2.436000247956726
HA,490,2.4344811552939465
HA,491,2.4796085446488405
HA,492,2.2617589290203277
HA,493,2.0725583021432916
HA,494,1.9365812210678193
HA,495,2.63041707692202
HA,496,2.3590174257117296
HA,497,2.3525274101706897
HA,498,2.3667819808073736
HA,499,2.344648175277485
HA,500,2.679807864367366
HA,501,2.6145297816052886
HA,502,2.1842050523030023
HA,503,2.5317676640762663
HA,504,2.2598922181607684
HA,505,2.471678507155575
HA,506,2.3437709745321227
HA,507,2.128693424787846
HA,508,2.683664654943592
HA,509,2.3781031455071093
HA,510,2.3795656146492963
HA,511,2.521749316876452
HA,512,2.2391586022522305
HA,513,2.6487993859800953
HA,514,2.0644729162806983
HA,515,2.5384431461913155
HA,516,2.706322721310768
HA,517,2.070972091382278
HA,518,2.3828601857093936
HA,519,2.107459944256804
HA,520,2.4751996061104404
HA,521,2.4143324122901824
HA,522,2.659716855696106
HA,523,2.241441376777968
HA,524,2.586717053224229
HA,525,2.5950843747331147
HA,526,2.3189000896315273
HA,527,2.560838996601938
HA,528,1.6620015751950599
HA,529,2.131559099453431
HA,530,2.519916835941093
HA,531,2.5546623735458223
HA,532,2.1353253327657886
HA,533,2.370123399369482
HA,534,2.1361429776846483
HA,535,1.6687610241028983
HA,536,1.8590876696842595
HA,537,1.6762001784616187
HA,538,2.335738593535697
HA,539,2.0937108809306366
HA,540,2.3600997836022803
HA,541,2.0209899971274012
HA,542,1.9214791640673743
HA,543,1.8057841924271425
HA,544,1.3357905509939172
HA,545,1.6934945624595903
HA,546,1.4212517640146638
HA,547,2.1372695156007944
HA,548,2.1796660748073835
HA,549,2.468379547512991
HA,550,2.663704441810144
HA,551,2.2355750637460035
HA,552,2.3247792346913574
HA,553,2.5001862267703885
HA,554,2.3385970609458746
HA,555,1.9819482314786439
HA,556,2.104163683672332
HA,557,1.6669226323267352
HA,558,2.3935923335913114
HA,559,2.396554344096052
HA,560,2.206416426889549
HA,561,1.8370336829079277
HA,562,2.446320041975049
HA,563,1.6871969553339654
HIV,0,2.8578418009514395
HIV,1,2.749867186458144
HIV,2,2.8665114225103325
HIV,3,2.773046729174771
HIV,4,2.6358651700019093
HIV,5,2.1990005699452495
HIV,6,2.2356087062951606
HIV,7,2.2211911143944207
HIV,8,2.4707786964750635
HIV,9,2.6196635368666525
HIV,10,2.146359630595371
HIV,11,2.2597420973176097
HIV,12,1.993896090443265
HIV,13,2.5046058221073793
HIV,14,2.590007674962055
HIV,15,2.7946620827894773
HIV,16,2.725874057793082
HIV,17,2.582415119113509
HIV,18,2.8282151077651148
HIV,19,2.540506245619942
HIV,20,2.71541197509435
HIV,21,2.2355984869022487
HIV,22,2.595664753467215
HIV,23,2.492000530252103
HIV,24,2.38937275473371
HIV,25,2.660565534532764
HIV,26,2.797599626287572
HIV,27,2.748576463249564
HIV,28,2.8671103344374838
HIV,29,2.7349918956086037
HIV,30,2.6890740699144335
HIV,31,2.8246882317533393
HIV,32,2.7939193886230704
HIV,33,2.3594726059454487
HIV,34,2.878032210934029
HIV,35,2.6368691478878974
HIV,36,2.6284124560734736
HIV,37,2.6741418840024385
HIV,38,2.5432178884855277
HIV,39,2.749673393861101
HIV,40,2.777020460818118
HIV,41,2.8516320766613727
HIV,42,2.8109280552198816
HIV,43,2.643436409346862
HIV,44,2.7150697947703946
HIV,45,2.470473128930741
HIV,46,2.8344075454540762
HIV,47,2.7954690200076375
HIV,48,2.758563285866085
HIV,49,2.817001066110228
HIV,50,2.862177019529118
HIV,51,2.8401158222126153
HIV,52,2.713768201580189
HIV,53,2.738554679169031
HIV,54,2.878854859774943
HIV,55,2.323274636373298
HIV,56,2.8295482929506575
HIV,57,2.722766078654562
HIV,58,2.580768572239597
HIV,59,2.708338005932261
HIV,60,2.620073153711699
HIV,61,2.861368526635845
HIV,62,2.658294509308949
HIV,63,2.7899379606799566
HIV,64,2.491527912868779
HIV,65,2.75791047396057
HIV,66,2.7682797449282086
HIV,67,2.613382836400728
HIV,68,2.859406446224079
HIV,69,2.512111917955307
HIV,70,2.508378983894704
HIV,71,2.8753155171002422
HIV,72,2.773940547362538
HIV,73,2.2748157509176874
HIV,74,2.714448693736538
HIV,75,2.802459043693233
HIV,76,2.5161923123003302
HIV,77,2.601981906866411
HIV,78,2.7347818207601056
HIV,79,2.8192775027244865
HIV,80,2.4685319905519076
HIV,81,2.6640419894279845
HIV,82,2.625024050516502
HIV,83,2.816235844362459
HIV,84,2.5140412839100246
HIV,85,2.3319915884663884
HIV,86,2.74306170839192
HIV,87,2.5534707870241213
HIV,88,2.719912312769335
HIV,89,2.5885781174899796
HIV,90,2.665152692076026
HIV,91,1.7462707158096569
HIV,92,2.691535046950463
HIV,93,2.7730171918645863
HIV,94,2.0051597362498064
HIV,95,2.4978055769423833
HIV,96,2.4298213264184745
HIV,97,2.52652940356229
HIV,98,2.2317211342161016
HIV,99,2.8055986294182595
HIV,100,2.634100934285816
HIV,101,2.7335178794480584
HIV,102,2.722176186041032
HIV,103,2.511140469595286
HIV,104,2.883308386819948
HIV,105,2.867695147888333
HIV,106,2.8618200526944686
HIV,107,2.7649621732462974
HIV,108,2.7935048290100735
HIV,109,2.8268520896669798
HIV,110,2.7768902430413247
HIV,111,2.846415587123213
HIV,112,2.824347336329838
HIV,113,2.782774865794198
HIV,114,2.722114056890004
HIV,115,2.575147558308987
HIV,116,2.7500700793593484
HIV,117,2.644766296554573
HIV,118,2.59401012904818
HIV,119,2.046694273229598
HIV,120,2.6919875218730147
HIV,121,2.8221342856509883
HIV,122,2.520824486665338
HIV,123,2.769143416602928
HIV,124,2.573852043855479
HIV,125,2.843637192893106
HIV,126,2.175122341968506
HIV,127,2.7884313074404146
HIV,128,2.726385501499961
HIV,129,2.474311256497528
HIV,130,2.78551651546097
HIV,131,2.6888495561459895
HIV,132,2.7639538939130195
HIV,133,2.761845573850172
HIV,134,2.6065600046436486
HIV,135,2.427584582202422
HIV,136,2.5539715478734153
HIV,137,2.6929229571013975
HIV,138,2.8394965119295152
HIV,139,2.7117857588600343
HIV,140,2.5691427098038093
HIV,141,2.7469973903341516
HIV,142,2.2835704000793853
HIV,143,2.691702266940831
HIV,144,2.823778550982756
HIV,145,2.7209357017651996
HIV,146,2.798748490769542
HIV,147,2.7554471041703126
HIV,148,2.850470524405888
HIV,149,2.7415480907291294
HIV,150,2.822836415226297
HIV,151,2.8619574776658285
HIV,152,2.834389991547938
HIV,153,2.5018916082748937
HIV,154,2.334414545982388
HIV,155,2.741851422912154
HIV,156,2.7091508551209365
HIV,157,2.5882150741785868
HIV,158,2.717730827661412
HIV,159,2.7949052414639772
HIV,160,2.424399707569925
HIV,161,2.793708648310628
HIV,162,2.5731826410058165
HIV,163,2.6371000706838803
HIV,164,2.6577903411886217
HIV,165,2.708151775319366
HIV,166,2.5624245720203787
HIV,167,2.738497896191709
HIV,168,2.562233512952493
HIV,169,2.7381634871081033
HIV,170,2.7034481959965433
HIV,171,2.6536459253338074
HIV,172,2.7193185056038587
HIV,173,2.5902795962547924
HIV,174,2.7277838790837055
HIV,175,2.799496026451561
HIV,176,2.399734561364125
HIV,177,2.7631486675059986
HIV,178,2.4710957995802807
HIV,179,2.6284540103304277
HIV,180,2.289189629865835
HIV,181,2.3956736481144554
HIV,182,2.7603102746301453
HIV,183,2.3322739740239964
HIV,184,2.6886284387498915
HIV,185,2.3850809644179662
HIV,186,2.32694457751311
HIV,187,2.3230170031759574
HIV,188,2.733289748599443
HIV,189,2.5373175866386277
HIV,190,2.84325355661025
HIV,191,2.7841149181058853
HIV,192,2.8561508268892384
HIV,193,2.851973462086187
HIV,194,2.743345187411166
HIV,195,2.784706987437147
HIV,196,2.427080800990571
HIV,197,2.8207192683613362
HIV,198,2.3732812563905816
HIV,199,2.83167267050891
HIV,200,2.568485663646371
HIV,201,2.8449303685059895
HIV,202,2.842441625808777
HIV,203,2.389524861657077
HIV,204,2.6496856661385655
HIV,205,2.7444815331544232
HIV,206,2.6098125063523514
HIV,207,2.8328434034187433
HIV,208,2.529672315239405
HIV,209,2.2806569932868435
HIV,210,2.7487273224151147
HIV,211,2.650249999830236
HIV,212,2.4079096971274887
HIV,213,2.791056228825196
HIV,214,2.5824717913731723
HIV,215,2.608478137050243
HIV,216,2.589173001524637
HIV,217,2.412677901001745
HIV,218,2.3185524200216845
HIV,219,2.5666707745761568
HIV,220,2.206785932572763
HIV,221,2.434867262722747
HIV,222,2.329704498891489
HIV,223,2.6884141249813034
HIV,224,2.4108474674537645
HIV,225,2.6000541428206274
HIV,226,2.499085479802223
HIV,227,2.592069371328502
HIV,228,2.8300898524231215
HIV,229,2.764394466860498
HIV,230,2.8842597739071083
HIV,231,2.6054840284236382
HIV,232,2.779327735741909
HIV,233,2.4119568539616627
HIV,234,2.744465809513428
HIV,235,2.613529188245348
HIV,236,2.780699406358515
HIV,237,2.6289510078343747
HIV,238,2.691530310405733
HIV,239,2.6782734221312685
HIV,240,2.748550358482964
HIV,241,2.7484222556162563
HIV,242,2.6566056442039847
HIV,243,2.676244519163175
HIV,244,2.5017489908403214
HIV,245,2.3493972668422844
HIV,246,2.5631038899115692
HIV,247,2.3459601337948603
HIV,248,2.7718691234158563
HIV,249,2.569243093415433
HIV,250,2.8027708669386366
HIV,251,2.834274103014533
HIV,252,2.7521354249322445
HIV,253,2.361430968931536
HIV,254,2.8073833790439986
HIV,255,2.4598524068328373
HIV,256,2.8366507576220403
HIV,257,2.483475921094594
HIV,258,2.7274098380449185
HIV,259,2.129285788349024
HIV,260,2.633762338868931
HIV,261,2.6175686477566047
HIV,262,2.8505597732128125
HIV,263,2.6688568019237806
HIV,264,2.62913708796125
HIV,265,2.6646462028620856
HIV,266,2.6990977551824624
HIV,267,2.761842870472478
HIV,268,2.608767231821476
HIV,269,2.7557833235100992
HIV,270,2.5336174442104484
HIV,271,2.5316382658880667
HIV,272,2.7267196039838404
HIV,273,2.3888346350545677
HIV,274,2.7300932742600845
HIV,275,2.78964763183488
HIV,276,2.517113053693383
HIV,277,2.6646151334728527
HIV,278,2.693947329986436
HIV,279,2.6987631069866223
HIV,280,2.8093392284727
HIV,281,2.6501379655144817
HIV,282,2.8075007396499374
HIV,283,2.307698135897583
HIV,284,2.7892508132172122
HIV,285,2.7036654310666837
HIV,286,2.6589185667192488
HIV,287,2.714892613415008
HIV,288,2.413360946000257
HIV,289,2.8360563612362113
HIV,290,2.4568427815747644
HIV,291,2.8497149404228455
HIV,292,2.1834493397553634
HIV,293,2.8120034084013423
HIV,294,2.7413928781024737
HIV,295,2.8042947990278324
HIV,296,2.821455733393242
HIV,297,2.697757377850453
HIV,298,2.800230518786904
HIV,299,2.8229283124157094
HIV,300,2.6664546051170404
HIV,301,2.0354528022528027
HIV,302,2.8466738168769736
HIV,303,2.7665365814946967
HIV,304,2.363650217832087
HIV,305,2.534649973633371
HIV,306,2.850339245653519
HIV,307,2.717654022614367
HIV,308,2.0712746449733808
HIV,309,2.6748389531348193
HIV,310,2.8041765709401365
HIV,311,2.774710991927662
HIV,312,2.589442356979241
HIV,313,2.784196144795558
HIV,314,2.8330338673670012
HIV,315,2.8055140023883207
HIV,316,2.7557514603948765
HIV,317,2.8482218496437124
HIV,318,2.5250350030154056
HIV,319,2.736609694010325
HIV,320,2.494421741520364
HIV,321,2.796738740771944
HIV,322,2.819546162592068
HIV,323,2.4953566332827073
HIV,324,2.530216263287945
HIV,325,2.15539929198699
HIV,326,2.1472142661834654
HIV,327,2.6516168850161352
HIV,328,2.710436879127174
HIV,329,2.639622149527383
HIV,330,2.4724505979434968
HIV,331,2.6955761696339255
HIV,332,2.733093601435128
HIV,333,2.5912816327327057
HIV,334,2.6050253995803083
HIV,335,2.702591684614155
HIV,336,2.840443229959552
HIV,337,2.608440845862609
HIV,338,2.6895496747176293
HIV,339,2.7007321010076377
HIV,340,2.673244519454786
HIV,341,2.7458445497268644
HIV,342,2.272054740294312
HIV,343,2.503197375949493
HIV,344,2.590388959349144
HIV,345,2.7707578729330233
HIV,346,2.300988137806519
HIV,347,2.8889414300322724
HIV,348,2.750935893615408
HIV,349,2.073534574638406
HIV,350,2.5293890792500267
HIV,351,2.749356449841435
HIV,352,2.5702448895924266
HIV,353,2.8358789336253087
HIV,354,2.6834841555328084
HIV,355,2.814159984889158
HIV,356,2.8611776496478916
HIV,357,2.8537393721308884
HIV,358,2.853213578340419
HIV,359,2.851709439048624
HIV,360,2.8496977067476275
HIV,361,2.8588586692973186
HIV,362,2.8246902914169327
HIV,363,2.8444055938504675
HIV,364,2.8437619668633887
HIV,365,2.8595317959565776
HIV,366,2.8532115836017145
HIV,367,2.846266604692315
HIV,368,2.8636037449875893
HIV,369,2.865464090859883
HIV,370,2.8309050534201288
HIV,371,2.7882970623242747
HIV,372,2.6410244439631367
HIV,373,2.779998555369706
HIV,374,2.351202868896922
HIV,375,2.773040611112574
HIV,376,2.6309481156417642
HIV,377,2.752628076943231
HIV,378,2.627106969621157
HIV,379,2.4377931956073624
HIV,380,2.6738769148399273
HIV,381,2.5433567948115914
HIV,382,2.769312938513206
HIV,383,2.7831800900717787
HIV,384,2.6798227567971753
HIV,385,2.8434659238949402
HIV,386,2.6188235877464705
HIV,387,2.63279941199791
HIV,388,2.779523590110058
HIV,389,2.6192876637780373
HIV,390,2.831809948145566
HIV,391,2.76777704717467
HIV,392,2.5714854551863087
HIV,393,2.6885847412940214
HIV,394,2.6112992312127123
HIV,395,2.5064128259898344
HIV,396,2.552691604969064
HIV,397,2.8360672307832577
HIV,398,2.7374300136605827
HIV,399,2.7095254348016957
HIV,400,2.7316218722673327
HIV,401,2.732109605364872
HIV,402,2.8252892211133123
HIV,403,2.5998339079077306
HIV,404,2.759840197940287
HIV,405,2.5384897388694867
HIV,406,2.773423403852986
HIV,407,2.5074135772032267
HIV,408,2.3467318303732645
HIV,409,2.3599911510838028
HIV,410,2.301026016526997
HIV,411,2.4491816413592793
HIV,412,2.0157232500666797
HIV,413,2.5029857640745172
HIV,414,2.135458278128592
HIV,415,2.6122079154565396
HIV,416,2.178087645177455
HIV,417,2.6947503672392425
HIV,418,2.7818261289891653
HIV,419,2.861888582851652
HIV,420,2.8382624678117523
HIV,421,2.8538664397168523
HIV,422,2.8450875552413826
HIV,423,2.824786609416375
HIV,424,2.749417996910538
HIV,425,2.5653753266336863
HIV,426,2.5622169926903533
HIV,427,2.0493538073563946
HIV,428,2.5466961321951507
HIV,429,2.682577647105756
HIV,430,2.200797783211773
HIV,431,2.4037342354347713
HIV,432,2.6897174939448254
HIV,433,2.255221510875268
HIV,434,2.724155138144388
HIV,435,2.5585808698856534
HIV,436,2.6164088197170714
HIV,437,2.52720599557351
HIV,438,2.596411381862672
HIV,439,2.7497360930784476
HIV,440,2.7662233839985326
HIV,441,2.430185313319758
HIV,442,2.4723166357920654
HIV,443,2.8086678113622194
HIV,444,2.674753456282254
HIV,445,2.6262867325815136
HIV,446,2.5855202214771325
HIV,447,2.4854618622253066
HIV,448,2.649831119051764
HIV,449,2.460285406595112
HIV,450,2.7958986483650157
HIV,451,2.465300416113101
HIV,452,2.2282657644330626
HIV,453,2.4843886919343023
HIV,454,2.328518016243476
HIV,455,2.3330509247704154
HIV,456,2.224933207968629
HIV,457,2.34148369475164
HIV,458,2.7458330275683984
HIV,459,2.3081995252882495
HIV,460,2.5289825510393813
HIV,461,1.7702172104761247
HIV,462,2.6213735000875955
HIV,463,2.5351393450571624
HIV,464,2.5037474067912795
HIV,465,2.822445336570151
HIV,466,2.4896389266415073
HIV,467,2.7948902469509878
HIV,468,2.7224329114263894
HIV,469,1.940051131919415
HIV,470,2.6822904618702395
HIV,471,2.5236444036431003
HIV,472,2.8188330220075883
HIV,473,2.521899556740557
HIV,474,2.7970450344129825
HIV,475,2.356989582107323
HIV,476,2.480329028552183
HIV,477,2.476576150618303
HIV,478,2.1611860286600377
HIV,479,2.44595375905356
HIV,480,2.581820283546949
HIV,481,2.0654729372872556
HIV,482,2.7106237211090805
HIV,483,2.3013041533808027
HIV,484,2.3255178618788683
HIV,485,2.2456003405648124
HIV,486,2.252067841006224
HIV,487,1.8894065157486333
HIV,488,2.5792451179409395
HIV,489,2.240837201289342
HIV,490,2.385898686088078
HIV,491,2.208267001591384
HIV,492,2.228189758050832
HIV,493,2.741087383517289
HIV,494,2.5348982639412614
HIV,495,1.6377305061876193
HIV,496,2.3111627593783863
HIV,497,2.4336035470211197
HIV,498,2.5243432250751088
HIV,499,2.3980257155418574
HIV,500,2.3554499038774823
HIV,501,2.8523932237756755
HIV,502,2.6242530848056322
HIV,503,2.5986746353014527
HIV,504,2.4249484315102334
HIV,505,2.203006376735488
HIV,506,2.831952357858111
HIV,507,2.720943185629973
HIV,508,2.859830792022234
HIV,509,2.791756894092824
HIV,510,2.692561338654824
HIV,511,2.835505396895589
HIV,512,2.7548547789893636
HIV,513,1.8308424527143454
HIV,514,2.1697426434088523
HIV,515,2.624374274258344
HIV,516,2.5589851638687526
HIV,517,2.351573307218085
HIV,518,2.7087564707064944
HIV,519,2.6413043399774874
HIV,520,2.6104876423371044
HIV,521,2.6479302659572848
HIV,522,2.7322036174174156
HIV,523,2.2552938546237913
HIV,524,1.5692448801810641
HIV,525,2.4118994945501937
HIV,526,2.195265362519498
HIV,527,2.487527645229562
HIV,528,2.5607747178683735
HIV,529,2.6966816516301924
HIV,530,2.299828708055818
HIV,531,2.425718693908566
HIV,532,2.5291379452241416
HIV,533,2.652245042480166
HIV,534,2.0241231671272892
HIV,535,2.7482018415874263
HIV,536,2.542980479746301
HIV,537,2.3622165001504896
HIV,538,2.5808746947667336
HIV,539,2.5905447149886314
HIV,540,2.4372934904147283
HIV,541,2.4373770666166394
HIV,542,2.673014188622233
HIV,543,2.7573792246172912
HIV,544,2.7602154609175407
HIV,545,2.3065002083446413
HIV,546,2.6277647015033114
HIV,547,2.804897191936591
HIV,548,2.689089991256863
HIV,549,2.638322457237861
HIV,550,2.084159296012259
HIV,551,1.973456816543933
HIV,552,2.7313772098483526
HIV,553,2.0157389859661836
HIV,554,2.4807717418122985
HIV,555,2.1212957493224676
HIV,556,2.348847608666015
HIV,557,2.759365705661916
HIV,558,2.7246138386956855
HIV,559,2.3087730278760987
HIV,560,2.291273857033762
HIV,561,2.3460094498465107
HIV,562,2.4902588490339723
HIV,563,2.650087363190707
HIV,564,2.143633535018271
HIV,565,2.699924184796564
HIV,566,2.280457322684842
HIV,567,2.766865764911201
HIV,568,2.7704400668457643
HIV,569,2.595715979744823
HIV,570,2.8269418094366996
HIV,571,2.8009276201375184
HIV,572,2.6715896864435362
HIV,573,2.574414878517528
HIV,574,2.8340020317919574
HIV,575,2.5939040817868895
HIV,576,2.71015842424635
HIV,577,2.7796186954454276
HIV,578,2.8590211637242615
HIV,579,2.807429008881107
HIV,580,2.1774866730076483
HIV,581,2.8011256681560317
HIV,582,2.7921816607453334
HIV,583,2.718608940304825
HIV,584,2.4328837531081815
HIV,585,1.9373517494980257
HIV,586,2.689707267357294
HIV,587,2.784920711292105
HIV,588,2.6415701750800085
HIV,589,2.7825081614542486
HIV,590,2.6390196562191273
HIV,591,2.817763080701151
HIV,592,2.742715558772739
HIV,593,2.219046089881293
HIV,594,2.8172406094041538
HIV,595,2.818643846724295
HIV,596,2.643418476991088
HIV,597,2.613582674755687
HIV,598,2.853733588276532
HIV,599,2.7741047882582714
HIV,600,2.4829572685483408
HIV,601,2.7930891314087196
HIV,602,2.7963076511015155
HIV,603,2.5658168335036295
HIV,604,2.222058139869001
HIV,605,2.657717838029012
HIV,606,2.760630335556162
HIV,607,2.7096554745924415
HIV,608,2.796556864840448
HIV,609,2.746005903145449
HIV,610,2.8459308643343353
HIV,611,2.5455387573292394
HIV,612,2.598321285851817
HIV,613,2.619664232440352
HIV,614,2.621714651365611
HIV,615,2.676197400541532
HIV,616,2.541315203816973
HIV,617,2.7390964996676397
HIV,618,2.2520381080603347
HIV,619,2.035495063217607
HIV,620,2.541852658523442
HIV,621,2.4271206575925164
HIV,622,2.446339222149964
HIV,623,2.734366052855945
HIV,624,2.7623593527215347
HIV,625,2.88059661819504
HIV,626,2.649975299977007
HIV,627,2.023056777987581
HIV,628,2.82191480562605
HIV,629,2.6867833943397867
HIV,630,2.7874183116080653
HIV,631,2.821375058136458
HIV,632,2.7480490202958836
HIV,633,2.4372640114966866
HIV,634,2.4106496396966275
HIV,635,2.7828358271342672
HIV,636,2.8419208756658287
HIV,637,2.270556183169504
HIV,638,2.7949220876799727
HIV,639,2.8355120392376145
HIV,640,2.7647831833604894
HIV,641,2.5722747487015822
HIV,642,2.7969492253517196
HIV,643,2.8028443806351877
HIV,644,2.5846000075451037
HIV,645,2.7127510806130837
HIV,646,2.5305751666990286
HIV,647,2.691635595313259
HIV,648,2.6479606156020807
HIV,649,2.7894549589289572
HIV,650,2.745938172276975
HIV,651,2.6365075951339536
HIV,652,2.694900133814288
HIV,653,2.7803901131846644
HIV,654,2.813198560859948
HIV,655,2.4888364508109624
HIV,656,2.591099706090567
HIV,657,2.893824400618861
HIV,658,2.777556477341065
HIV,659,2.580813700998268
HIV,660,2.790761452339178