name,model1,model2,rf
PF01676,m1,m2,10
PF01676,m1,m3,6
PF01676,m1,m4,12
PF01676,m1,m5,10
PF01676,m1,poisson,6
PF01676,m1,GTR20,8
PF01676,m2,m3,4
PF01676,m2,m4,10
PF01676,m2,m5,16
PF01676,m2,poisson,14
PF01676,m2,GTR20,6
PF01676,m3,m4,6
PF01676,m3,m5,12
PF01676,m3,poisson,12
PF01676,m3,GTR20,2
PF01676,m4,m5,12
PF01676,m4,poisson,16
PF01676,m4,GTR20,6
PF01676,m5,poisson,14
PF01676,m5,GTR20,12
PF01676,poisson,GTR20,10
PF00756,m1,m2,0
PF00756,m1,m3,0
PF00756,m1,m4,2
PF00756,m1,m5,4
PF00756,m1,poisson,6
PF00756,m1,GTR20,0
PF00756,m2,m3,0
PF00756,m2,m4,2
PF00756,m2,m5,4
PF00756,m2,poisson,6
PF00756,m2,GTR20,0
PF00756,m3,m4,2
PF00756,m3,m5,4
PF00756,m3,poisson,6
PF00756,m3,GTR20,0
PF00756,m4,m5,6
PF00756,m4,poisson,6
PF00756,m4,GTR20,2
PF00756,m5,poisson,8
PF00756,m5,GTR20,4
PF00756,poisson,GTR20,6
PF05188,m1,m2,28
PF05188,m1,m3,30
PF05188,m1,m4,24
PF05188,m1,m5,30
PF05188,m1,poisson,36
PF05188,m1,GTR20,26
PF05188,m2,m3,6
PF05188,m2,m4,8
PF05188,m2,m5,36
PF05188,m2,poisson,48
PF05188,m2,GTR20,14
PF05188,m3,m4,8
PF05188,m3,m5,38
PF05188,m3,poisson,52
PF05188,m3,GTR20,14
PF05188,m4,m5,34
PF05188,m4,poisson,48
PF05188,m4,GTR20,16
PF05188,m5,poisson,44
PF05188,m5,GTR20,28
PF05188,poisson,GTR20,48
PF07732,m1,m2,46
PF07732,m1,m3,116
PF07732,m1,m4,96
PF07732,m1,m5,122
PF07732,m1,poisson,108
PF07732,m1,GTR20,86
PF07732,m2,m3,98
PF07732,m2,m4,84
PF07732,m2,m5,100
PF07732,m2,poisson,96
PF07732,m2,GTR20,80
PF07732,m3,m4,76
PF07732,m3,m5,84
PF07732,m3,poisson,82
PF07732,m3,GTR20,102
PF07732,m4,m5,80
PF07732,m4,poisson,98
PF07732,m4,GTR20,96
PF07732,m5,poisson,114
PF07732,m5,GTR20,104
PF07732,poisson,GTR20,118
PF02210,m1,m2,168
PF02210,m1,m3,166
PF02210,m1,m4,186
PF02210,m1,m5,212
PF02210,m1,poisson,218
PF02210,m1,GTR20,158
PF02210,m2,m3,184
PF02210,m2,m4,200
PF02210,m2,m5,222
PF02210,m2,poisson,228
PF02210,m2,GTR20,192
PF02210,m3,m4,168
PF02210,m3,m5,210
PF02210,m3,poisson,216
PF02210,m3,GTR20,174
PF02210,m4,m5,188
PF02210,m4,poisson,218
PF02210,m4,GTR20,154
PF02210,m5,poisson,236
PF02210,m5,GTR20,194
PF02210,poisson,GTR20,214
PF02441,m1,m2,20
PF02441,m1,m3,24
PF02441,m1,m4,32
PF02441,m1,m5,38
PF02441,m1,poisson,44
PF02441,m1,GTR20,22
PF02441,m2,m3,32
PF02441,m2,m4,40
PF02441,m2,m5,34
PF02441,m2,poisson,42
PF02441,m2,GTR20,22
PF02441,m3,m4,28
PF02441,m3,m5,42
PF02441,m3,poisson,44
PF02441,m3,GTR20,24
PF02441,m4,m5,32
PF02441,m4,poisson,46
PF02441,m4,GTR20,38
PF02441,m5,poisson,46
PF02441,m5,GTR20,32
PF02441,poisson,GTR20,34
PF04151,m1,m2,132
PF04151,m1,m3,112
PF04151,m1,m4,162
PF04151,m1,m5,158
PF04151,m1,poisson,170
PF04151,m1,GTR20,144
PF04151,m2,m3,140
PF04151,m2,m4,164
PF04151,m2,m5,164
PF04151,m2,poisson,178
PF04151,m2,GTR20,154
PF04151,m3,m4,168
PF04151,m3,m5,150
PF04151,m3,poisson,164
PF04151,m3,GTR20,140
PF04151,m4,m5,162
PF04151,m4,poisson,178
PF04151,m4,GTR20,174
PF04151,m5,poisson,168
PF04151,m5,GTR20,154
PF04151,poisson,GTR20,170
PF07452,m1,m2,8
PF07452,m1,m3,12
PF07452,m1,m4,12
PF07452,m1,m5,12
PF07452,m1,poisson,8
PF07452,m1,GTR20,12
PF07452,m2,m3,18
PF07452,m2,m4,18
PF07452,m2,m5,18
PF07452,m2,poisson,14
PF07452,m2,GTR20,8
PF07452,m3,m4,4
PF07452,m3,m5,16
PF07452,m3,poisson,10
PF07452,m3,GTR20,18
PF07452,m4,m5,12
PF07452,m4,poisson,6
PF07452,m4,GTR20,16
PF07452,m5,poisson,10
PF07452,m5,GTR20,20
PF07452,poisson,GTR20,16
PF00107,m1,m2,76
PF00107,m1,m3,94
PF00107,m1,m4,126
PF00107,m1,m5,118
PF00107,m1,poisson,116
PF00107,m1,GTR20,94
PF00107,m2,m3,82
PF00107,m2,m4,108
PF00107,m2,m5,112
PF00107,m2,poisson,120
PF00107,m2,GTR20,108
PF00107,m3,m4,106
PF00107,m3,m5,122
PF00107,m3,poisson,122
PF00107,m3,GTR20,116
PF00107,m4,m5,136
PF00107,m4,poisson,130
PF00107,m4,GTR20,144
PF00107,m5,poisson,134
PF00107,m5,GTR20,134
PF00107,poisson,GTR20,134
PF01243,m1,m2,116
PF01243,m1,m3,110
PF01243,m1,m4,104
PF01243,m1,m5,140
PF01243,m1,poisson,154
PF01243,m1,GTR20,120
PF01243,m2,m3,108
PF01243,m2,m4,110
PF01243,m2,m5,136
PF01243,m2,poisson,128
PF01243,m2,GTR20,104
PF01243,m3,m4,110
PF01243,m3,m5,128
PF01243,m3,poisson,144
PF01243,m3,GTR20,110
PF01243,m4,m5,128
PF01243,m4,poisson,156
PF01243,m4,GTR20,116
PF01243,m5,poisson,172
PF01243,m5,GTR20,132
PF01243,poisson,GTR20,132
PF00516,m1,m2,4
PF00516,m1,m3,4
PF00516,m1,m4,0
PF00516,m1,m5,10
PF00516,m1,poisson,8
PF00516,m1,GTR20,4
PF00516,m2,m3,8
PF00516,m2,m4,4
PF00516,m2,m5,12
PF00516,m2,poisson,12
PF00516,m2,GTR20,8
PF00516,m3,m4,4
PF00516,m3,m5,10
PF00516,m3,poisson,6
PF00516,m3,GTR20,0
PF00516,m4,m5,10
PF00516,m4,poisson,8
PF00516,m4,GTR20,4
PF00516,m5,poisson,12
PF00516,m5,GTR20,10
PF00516,poisson,GTR20,6
PF04290,m1,m2,18
PF04290,m1,m3,16
PF04290,m1,m4,16
PF04290,m1,m5,24
PF04290,m1,poisson,30
PF04290,m1,GTR20,20
PF04290,m2,m3,14
PF04290,m2,m4,18
PF04290,m2,m5,26
PF04290,m2,poisson,22
PF04290,m2,GTR20,22
PF04290,m3,m4,22
PF04290,m3,m5,18
PF04290,m3,poisson,28
PF04290,m3,GTR20,14
PF04290,m4,m5,28
PF04290,m4,poisson,28
PF04290,m4,GTR20,24
PF04290,m5,poisson,30
PF04290,m5,GTR20,18
PF04290,poisson,GTR20,34
PF07729,m1,m2,108
PF07729,m1,m3,110
PF07729,m1,m4,114
PF07729,m1,m5,134
PF07729,m1,poisson,128
PF07729,m1,GTR20,120
PF07729,m2,m3,108
PF07729,m2,m4,112
PF07729,m2,m5,124
PF07729,m2,poisson,120
PF07729,m2,GTR20,116
PF07729,m3,m4,90
PF07729,m3,m5,128
PF07729,m3,poisson,96
PF07729,m3,GTR20,106
PF07729,m4,m5,122
PF07729,m4,poisson,112
PF07729,m4,GTR20,104
PF07729,m5,poisson,132
PF07729,m5,GTR20,122
PF07729,poisson,GTR20,112
PF01551,m1,m2,226
PF01551,m1,m3,244
PF01551,m1,m4,298
PF01551,m1,m5,310
PF01551,m1,poisson,314
PF01551,m1,GTR20,272
PF01551,m2,m3,276
PF01551,m2,m4,272
PF01551,m2,m5,310
PF01551,m2,poisson,316
PF01551,m2,GTR20,276
PF01551,m3,m4,312
PF01551,m3,m5,312
PF01551,m3,poisson,340
PF01551,m3,GTR20,280
PF01551,m4,m5,320
PF01551,m4,poisson,334
PF01551,m4,GTR20,328
PF01551,m5,poisson,340
PF01551,m5,GTR20,302
PF01551,poisson,GTR20,316
PF02627,m1,m2,142
PF02627,m1,m3,180
PF02627,m1,m4,170
PF02627,m1,m5,226
PF02627,m1,poisson,242
PF02627,m1,GTR20,182
PF02627,m2,m3,168
PF02627,m2,m4,166
PF02627,m2,m5,212
PF02627,m2,poisson,212
PF02627,m2,GTR20,166
PF02627,m3,m4,182
PF02627,m3,m5,222
PF02627,m3,poisson,208
PF02627,m3,GTR20,174
PF02627,m4,m5,204
PF02627,m4,poisson,238
PF02627,m4,GTR20,200
PF02627,m5,poisson,250
PF02627,m5,GTR20,220
PF02627,poisson,GTR20,196
PF04542,m1,m2,250
PF04542,m1,m3,272
PF04542,m1,m4,296
PF04542,m1,m5,320
PF04542,m1,poisson,322
PF04542,m1,GTR20,266
PF04542,m2,m3,278
PF04542,m2,m4,302
PF04542,m2,m5,308
PF04542,m2,poisson,288
PF04542,m2,GTR20,240
PF04542,m3,m4,294
PF04542,m3,m5,324
PF04542,m3,poisson,328
PF04542,m3,GTR20,290
PF04542,m4,m5,352
PF04542,m4,poisson,326
PF04542,m4,GTR20,300
PF04542,m5,poisson,334
PF04542,m5,GTR20,320
PF04542,poisson,GTR20,298
PF05193,m1,m2,88
PF05193,m1,m3,106
PF05193,m1,m4,104
PF05193,m1,m5,160
PF05193,m1,poisson,134
PF05193,m1,GTR20,80
PF05193,m2,m3,126
PF05193,m2,m4,130
PF05193,m2,m5,158
PF05193,m2,poisson,162
PF05193,m2,GTR20,130
PF05193,m3,m4,94
PF05193,m3,m5,166
PF05193,m3,poisson,136
PF05193,m3,GTR20,82
PF05193,m4,m5,160
PF05193,m4,poisson,136
PF05193,m4,GTR20,102
PF05193,m5,poisson,162
PF05193,m5,GTR20,162
PF05193,poisson,GTR20,114
PF00690,m1,m2,104
PF00690,m1,m3,124
PF00690,m1,m4,168
PF00690,m1,m5,176
PF00690,m1,poisson,164
PF00690,m1,GTR20,132
PF00690,m2,m3,136
PF00690,m2,m4,156
PF00690,m2,m5,172
PF00690,m2,poisson,158
PF00690,m2,GTR20,142
PF00690,m3,m4,146
PF00690,m3,m5,166
PF00690,m3,poisson,142
PF00690,m3,GTR20,90
PF00690,m4,m5,158
PF00690,m4,poisson,174
PF00690,m4,GTR20,156
PF00690,m5,poisson,188
PF00690,m5,GTR20,164
PF00690,poisson,GTR20,144
PF07714,m1,m2,40
PF07714,m1,m3,42
PF07714,m1,m4,50
PF07714,m1,m5,68
PF07714,m1,poisson,72
PF07714,m1,GTR20,66
PF07714,m2,m3,62
PF07714,m2,m4,58
PF07714,m2,m5,70
PF07714,m2,poisson,60
PF07714,m2,GTR20,58
PF07714,m3,m4,58
PF07714,m3,m5,60
PF07714,m3,poisson,64
PF07714,m3,GTR20,50
PF07714,m4,m5,58
PF07714,m4,poisson,64
PF07714,m4,GTR20,72
PF07714,m5,poisson,74
PF07714,m5,GTR20,62
PF07714,poisson,GTR20,68
PF02931,m1,m2,40
PF02931,m1,m3,32
PF02931,m1,m4,28
PF02931,m1,m5,52
PF02931,m1,poisson,74
PF02931,m1,GTR20,32
PF02931,m2,m3,50
PF02931,m2,m4,42
PF02931,m2,m5,54
PF02931,m2,poisson,82
PF02931,m2,GTR20,50
PF02931,m3,m4,42
PF02931,m3,m5,46
PF02931,m3,poisson,70
PF02931,m3,GTR20,10
PF02931,m4,m5,44
PF02931,m4,poisson,76
PF02931,m4,GTR20,40
PF02931,m5,poisson,80
PF02931,m5,GTR20,46
PF02931,poisson,GTR20,72
PF00754,m1,m2,142
PF00754,m1,m3,130
PF00754,m1,m4,162
PF00754,m1,m5,172
PF00754,m1,poisson,218
PF00754,m1,GTR20,166
PF00754,m2,m3,146
PF00754,m2,m4,172
PF00754,m2,m5,182
PF00754,m2,poisson,212
PF00754,m2,GTR20,174
PF00754,m3,m4,146
PF00754,m3,m5,168
PF00754,m3,poisson,212
PF00754,m3,GTR20,156
PF00754,m4,m5,172
PF00754,m4,poisson,222
PF00754,m4,GTR20,176
PF00754,m5,poisson,226
PF00754,m5,GTR20,170
PF00754,poisson,GTR20,192
PF02950,m1,m2,72
PF02950,m1,m3,86
PF02950,m1,m4,132
PF02950,m1,m5,130
PF02950,m1,poisson,96
PF02950,m1,GTR20,116
PF02950,m2,m3,98
PF02950,m2,m4,128
PF02950,m2,m5,126
PF02950,m2,poisson,116
PF02950,m2,GTR20,116
PF02950,m3,m4,84
PF02950,m3,m5,106
PF02950,m3,poisson,82
PF02950,m3,GTR20,76
PF02950,m4,m5,96
PF02950,m4,poisson,138
PF02950,m4,GTR20,104
PF02950,m5,poisson,116
PF02950,m5,GTR20,92
PF02950,poisson,GTR20,94
PF06863,m1,m2,16
PF06863,m1,m3,14
PF06863,m1,m4,20
PF06863,m1,m5,22
PF06863,m1,poisson,22
PF06863,m1,GTR20,10
PF06863,m2,m3,18
PF06863,m2,m4,14
PF06863,m2,m5,16
PF06863,m2,poisson,28
PF06863,m2,GTR20,14
PF06863,m3,m4,12
PF06863,m3,m5,16
PF06863,m3,poisson,24
PF06863,m3,GTR20,12
PF06863,m4,m5,4
PF06863,m4,poisson,30
PF06863,m4,GTR20,16
PF06863,m5,poisson,32
PF06863,m5,GTR20,20
PF06863,poisson,GTR20,24
PF00588,m1,m2,68
PF00588,m1,m3,92
PF00588,m1,m4,112
PF00588,m1,m5,150
PF00588,m1,poisson,166
PF00588,m1,GTR20,118
PF00588,m2,m3,92
PF00588,m2,m4,102
PF00588,m2,m5,138
PF00588,m2,poisson,172
PF00588,m2,GTR20,116
PF00588,m3,m4,120
PF00588,m3,m5,122
PF00588,m3,poisson,158
PF00588,m3,GTR20,92
PF00588,m4,m5,146
PF00588,m4,poisson,182
PF00588,m4,GTR20,130
PF00588,m5,poisson,182
PF00588,m5,GTR20,114
PF00588,poisson,GTR20,146
PF04909,m1,m2,78
PF04909,m1,m3,70
PF04909,m1,m4,72
PF04909,m1,m5,92
PF04909,m1,poisson,84
PF04909,m1,GTR20,82
PF04909,m2,m3,32
PF04909,m2,m4,62
PF04909,m2,m5,92
PF04909,m2,poisson,80
PF04909,m2,GTR20,48
PF04909,m3,m4,48
PF04909,m3,m5,86
PF04909,m3,poisson,90
PF04909,m3,GTR20,48
PF04909,m4,m5,82
PF04909,m4,poisson,90
PF04909,m4,GTR20,54
PF04909,m5,poisson,94
PF04909,m5,GTR20,82
PF04909,poisson,GTR20,84
PF07983,m1,m2,40
PF07983,m1,m3,74
PF07983,m1,m4,52
PF07983,m1,m5,72
PF07983,m1,poisson,64
PF07983,m1,GTR20,66
PF07983,m2,m3,78
PF07983,m2,m4,66
PF07983,m2,m5,82
PF07983,m2,poisson,86
PF07983,m2,GTR20,60
PF07983,m3,m4,78
PF07983,m3,m5,80
PF07983,m3,poisson,80
PF07983,m3,GTR20,80
PF07983,m4,m5,44
PF07983,m4,poisson,84
PF07983,m4,GTR20,84
PF07983,m5,poisson,86
PF07983,m5,GTR20,82
PF07983,poisson,GTR20,80
PF01966,m1,m2,106
PF01966,m1,m3,138
PF01966,m1,m4,126
PF01966,m1,m5,170
PF01966,m1,poisson,150
PF01966,m1,GTR20,120
PF01966,m2,m3,122
PF01966,m2,m4,118
PF01966,m2,m5,192
PF01966,m2,poisson,172
PF01966,m2,GTR20,150
PF01966,m3,m4,124
PF01966,m3,m5,186
PF01966,m3,poisson,168
PF01966,m3,GTR20,154
PF01966,m4,m5,186
PF01966,m4,poisson,156
PF01966,m4,GTR20,136
PF01966,m5,poisson,196
PF01966,m5,GTR20,184
PF01966,poisson,GTR20,140
PF01750,m1,m2,10
PF01750,m1,m3,16
PF01750,m1,m4,18
PF01750,m1,m5,28
PF01750,m1,poisson,24
PF01750,m1,GTR20,6
PF01750,m2,m3,20
PF01750,m2,m4,20
PF01750,m2,m5,32
PF01750,m2,poisson,20
PF01750,m2,GTR20,14
PF01750,m3,m4,10
PF01750,m3,m5,26
PF01750,m3,poisson,14
PF01750,m3,GTR20,22
PF01750,m4,m5,22
PF01750,m4,poisson,14
PF01750,m4,GTR20,22
PF01750,m5,poisson,22
PF01750,m5,GTR20,28
PF01750,poisson,GTR20,30
PF05016,m1,m2,86
PF05016,m1,m3,102
PF05016,m1,m4,140
PF05016,m1,m5,170
PF05016,m1,poisson,176
PF05016,m1,GTR20,126
PF05016,m2,m3,100
PF05016,m2,m4,120
PF05016,m2,m5,172
PF05016,m2,poisson,170
PF05016,m2,GTR20,118
PF05016,m3,m4,144
PF05016,m3,m5,150
PF05016,m3,poisson,182
PF05016,m3,GTR20,148
PF05016,m4,m5,168
PF05016,m4,poisson,172
PF05016,m4,GTR20,144
PF05016,m5,poisson,194
PF05016,m5,GTR20,182
PF05016,poisson,GTR20,168
PF01118,m1,m2,134
PF01118,m1,m3,140
PF01118,m1,m4,140
PF01118,m1,m5,154
PF01118,m1,poisson,188
PF01118,m1,GTR20,140
PF01118,m2,m3,170
PF01118,m2,m4,170
PF01118,m2,m5,172
PF01118,m2,poisson,182
PF01118,m2,GTR20,154
PF01118,m3,m4,170
PF01118,m3,m5,186
PF01118,m3,poisson,192
PF01118,m3,GTR20,170
PF01118,m4,m5,160
PF01118,m4,poisson,170
PF01118,m4,GTR20,160
PF01118,m5,poisson,200
PF01118,m5,GTR20,162
PF01118,poisson,GTR20,172
PF00571,m1,m2,550
PF00571,m1,m3,584
PF00571,m1,m4,636
PF00571,m1,m5,704
PF00571,m1,poisson,710
PF00571,m1,GTR20,556
PF00571,m2,m3,634
PF00571,m2,m4,676
PF00571,m2,m5,708
PF00571,m2,poisson,664
PF00571,m2,GTR20,602
PF00571,m3,m4,630
PF00571,m3,m5,684
PF00571,m3,poisson,720
PF00571,m3,GTR20,650
PF00571,m4,m5,692
PF00571,m4,poisson,740
PF00571,m4,GTR20,640
PF00571,m5,poisson,758
PF00571,m5,GTR20,702
PF00571,poisson,GTR20,716
PF00534,m1,m2,76
PF00534,m1,m3,86
PF00534,m1,m4,110
PF00534,m1,m5,108
PF00534,m1,poisson,100
PF00534,m1,GTR20,92
PF00534,m2,m3,86
PF00534,m2,m4,106
PF00534,m2,m5,106
PF00534,m2,poisson,96
PF00534,m2,GTR20,92
PF00534,m3,m4,102
PF00534,m3,m5,108
PF00534,m3,poisson,100
PF00534,m3,GTR20,78
PF00534,m4,m5,106
PF00534,m4,poisson,104
PF00534,m4,GTR20,96
PF00534,m5,poisson,106
PF00534,m5,GTR20,106
PF00534,poisson,GTR20,102
PF01827,m1,m2,108
PF01827,m1,m3,106
PF01827,m1,m4,138
PF01827,m1,m5,144
PF01827,m1,poisson,130
PF01827,m1,GTR20,120
PF01827,m2,m3,128
PF01827,m2,m4,118
PF01827,m2,m5,146
PF01827,m2,poisson,126
PF01827,m2,GTR20,116
PF01827,m3,m4,140
PF01827,m3,m5,138
PF01827,m3,poisson,128
PF01827,m3,GTR20,138
PF01827,m4,m5,136
PF01827,m4,poisson,148
PF01827,m4,GTR20,134
PF01827,m5,poisson,142
PF01827,m5,GTR20,148
PF01827,poisson,GTR20,114
PF00555,m1,m2,22
PF00555,m1,m3,28
PF00555,m1,m4,26
PF00555,m1,m5,26
PF00555,m1,poisson,26
PF00555,m1,GTR20,26
PF00555,m2,m3,14
PF00555,m2,m4,14
PF00555,m2,m5,16
PF00555,m2,poisson,22
PF00555,m2,GTR20,12
PF00555,m3,m4,14
PF00555,m3,m5,16
PF00555,m3,poisson,26
PF00555,m3,GTR20,2
PF00555,m4,m5,14
PF00555,m4,poisson,26
PF00555,m4,GTR20,12
PF00555,m5,poisson,20
PF00555,m5,GTR20,14
PF00555,poisson,GTR20,24
PF00611,m1,m2,18
PF00611,m1,m3,12
PF00611,m1,m4,12
PF00611,m1,m5,22
PF00611,m1,poisson,30
PF00611,m1,GTR20,16
PF00611,m2,m3,14
PF00611,m2,m4,16
PF00611,m2,m5,24
PF00611,m2,poisson,30
PF00611,m2,GTR20,22
PF00611,m3,m4,12
PF00611,m3,m5,24
PF00611,m3,poisson,32
PF00611,m3,GTR20,24
PF00611,m4,m5,18
PF00611,m4,poisson,28
PF00611,m4,GTR20,22
PF00611,m5,poisson,26
PF00611,m5,GTR20,24
PF00611,poisson,GTR20,28
PF01595,m1,m2,30
PF01595,m1,m3,40
PF01595,m1,m4,52
PF01595,m1,m5,76
PF01595,m1,poisson,68
PF01595,m1,GTR20,40
PF01595,m2,m3,38
PF01595,m2,m4,50
PF01595,m2,m5,76
PF01595,m2,poisson,70
PF01595,m2,GTR20,40
PF01595,m3,m4,34
PF01595,m3,m5,72
PF01595,m3,poisson,74
PF01595,m3,GTR20,30
PF01595,m4,m5,72
PF01595,m4,poisson,78
PF01595,m4,GTR20,44
PF01595,m5,poisson,86
PF01595,m5,GTR20,66
PF01595,poisson,GTR20,66
PF05157,m1,m2,18
PF05157,m1,m3,22
PF05157,m1,m4,20
PF05157,m1,m5,28
PF05157,m1,poisson,22
PF05157,m1,GTR20,12
PF05157,m2,m3,24
PF05157,m2,m4,6
PF05157,m2,m5,22
PF05157,m2,poisson,22
PF05157,m2,GTR20,22
PF05157,m3,m4,26
PF05157,m3,m5,22
PF05157,m3,poisson,24
PF05157,m3,GTR20,26
PF05157,m4,m5,26
PF05157,m4,poisson,26
PF05157,m4,GTR20,20
PF05157,m5,poisson,24
PF05157,m5,GTR20,32
PF05157,poisson,GTR20,22
PF00733,m1,m2,70
PF00733,m1,m3,82
PF00733,m1,m4,88
PF00733,m1,m5,110
PF00733,m1,poisson,88
PF00733,m1,GTR20,82
PF00733,m2,m3,70
PF00733,m2,m4,88
PF00733,m2,m5,108
PF00733,m2,poisson,90
PF00733,m2,GTR20,84
PF00733,m3,m4,76
PF00733,m3,m5,92
PF00733,m3,poisson,82
PF00733,m3,GTR20,54
PF00733,m4,m5,108
PF00733,m4,poisson,94
PF00733,m4,GTR20,92
PF00733,m5,poisson,102
PF00733,m5,GTR20,90
PF00733,poisson,GTR20,74
PF05685,m1,m2,88
PF05685,m1,m3,112
PF05685,m1,m4,140
PF05685,m1,m5,160
PF05685,m1,poisson,156
PF05685,m1,GTR20,106
PF05685,m2,m3,122
PF05685,m2,m4,136
PF05685,m2,m5,168
PF05685,m2,poisson,158
PF05685,m2,GTR20,112
PF05685,m3,m4,116
PF05685,m3,m5,118
PF05685,m3,poisson,156
PF05685,m3,GTR20,92
PF05685,m4,m5,114
PF05685,m4,poisson,162
PF05685,m4,GTR20,146
PF05685,m5,poisson,170
PF05685,m5,GTR20,164
PF05685,poisson,GTR20,146
PF01432,m1,m2,2
PF01432,m1,m3,0
PF01432,m1,m4,12
PF01432,m1,m5,12
PF01432,m1,poisson,8
PF01432,m1,GTR20,4
PF01432,m2,m3,2
PF01432,m2,m4,10
PF01432,m2,m5,12
PF01432,m2,poisson,10
PF01432,m2,GTR20,6
PF01432,m3,m4,12
PF01432,m3,m5,12
PF01432,m3,poisson,8
PF01432,m3,GTR20,4
PF01432,m4,m5,14
PF01432,m4,poisson,8
PF01432,m4,GTR20,14
PF01432,m5,poisson,14
PF01432,m5,GTR20,12
PF01432,poisson,GTR20,8
PF02779,m1,m2,28
PF02779,m1,m3,50
PF02779,m1,m4,82
PF02779,m1,m5,82
PF02779,m1,poisson,102
PF02779,m1,GTR20,40
PF02779,m2,m3,52
PF02779,m2,m4,96
PF02779,m2,m5,90
PF02779,m2,poisson,102
PF02779,m2,GTR20,46
PF02779,m3,m4,84
PF02779,m3,m5,60
PF02779,m3,poisson,88
PF02779,m3,GTR20,32
PF02779,m4,m5,60
PF02779,m4,poisson,102
PF02779,m4,GTR20,82
PF02779,m5,poisson,96
PF02779,m5,GTR20,68
PF02779,poisson,GTR20,92
PF02852,m1,m2,68
PF02852,m1,m3,56
PF02852,m1,m4,62
PF02852,m1,m5,106
PF02852,m1,poisson,96
PF02852,m1,GTR20,52
PF02852,m2,m3,58
PF02852,m2,m4,72
PF02852,m2,m5,96
PF02852,m2,poisson,88
PF02852,m2,GTR20,76
PF02852,m3,m4,58
PF02852,m3,m5,90
PF02852,m3,poisson,82
PF02852,m3,GTR20,78
PF02852,m4,m5,106
PF02852,m4,poisson,102
PF02852,m4,GTR20,74
PF02852,m5,poisson,104
PF02852,m5,GTR20,102
PF02852,poisson,GTR20,92
PF03478,m1,m2,62
PF03478,m1,m3,82
PF03478,m1,m4,62
PF03478,m1,m5,108
PF03478,m1,poisson,98
PF03478,m1,GTR20,78
PF03478,m2,m3,82
PF03478,m2,m4,78
PF03478,m2,m5,112
PF03478,m2,poisson,100
PF03478,m2,GTR20,84
PF03478,m3,m4,78
PF03478,m3,m5,102
PF03478,m3,poisson,112
PF03478,m3,GTR20,96
PF03478,m4,m5,102
PF03478,m4,poisson,98
PF03478,m4,GTR20,78
PF03478,m5,poisson,120
PF03478,m5,GTR20,112
PF03478,poisson,GTR20,102
PF00656,m1,m2,50
PF00656,m1,m3,78
PF00656,m1,m4,74
PF00656,m1,m5,100
PF00656,m1,poisson,88
PF00656,m1,GTR20,78
PF00656,m2,m3,88
PF00656,m2,m4,82
PF00656,m2,m5,102
PF00656,m2,poisson,90
PF00656,m2,GTR20,88
PF00656,m3,m4,52
PF00656,m3,m5,76
PF00656,m3,poisson,82
PF00656,m3,GTR20,38
PF00656,m4,m5,84
PF00656,m4,poisson,86
PF00656,m4,GTR20,52
PF00656,m5,poisson,102
PF00656,m5,GTR20,84
PF00656,poisson,GTR20,76
PF04560,m1,m2,104
PF04560,m1,m3,100
PF04560,m1,m4,112
PF04560,m1,m5,122
PF04560,m1,poisson,114
PF04560,m1,GTR20,116
PF04560,m2,m3,86
PF04560,m2,m4,92
PF04560,m2,m5,96
PF04560,m2,poisson,100
PF04560,m2,GTR20,94
PF04560,m3,m4,88
PF04560,m3,m5,104
PF04560,m3,poisson,82
PF04560,m3,GTR20,90
PF04560,m4,m5,64
PF04560,m4,poisson,124
PF04560,m4,GTR20,74
PF04560,m5,poisson,108
PF04560,m5,GTR20,70
PF04560,poisson,GTR20,108
PF00306,m1,m2,82
PF00306,m1,m3,142
PF00306,m1,m4,148
PF00306,m1,m5,154
PF00306,m1,poisson,138
PF00306,m1,GTR20,120
PF00306,m2,m3,148
PF00306,m2,m4,146
PF00306,m2,m5,154
PF00306,m2,poisson,162
PF00306,m2,GTR20,136
PF00306,m3,m4,138
PF00306,m3,m5,152
PF00306,m3,poisson,164
PF00306,m3,GTR20,104
PF00306,m4,m5,130
PF00306,m4,poisson,176
PF00306,m4,GTR20,142
PF00306,m5,poisson,184
PF00306,m5,GTR20,146
PF00306,poisson,GTR20,152
PF07978,m1,m2,0
PF07978,m1,m3,2
PF07978,m1,m4,12
PF07978,m1,m5,18
PF07978,m1,poisson,22
PF07978,m1,GTR20,6
PF07978,m2,m3,2
PF07978,m2,m4,12
PF07978,m2,m5,18
PF07978,m2,poisson,22
PF07978,m2,GTR20,6
PF07978,m3,m4,12
PF07978,m3,m5,20
PF07978,m3,poisson,20
PF07978,m3,GTR20,4
PF07978,m4,m5,24
PF07978,m4,poisson,26
PF07978,m4,GTR20,14
PF07978,m5,poisson,26
PF07978,m5,GTR20,20
PF07978,poisson,GTR20,18
PF06026,m1,m2,10
PF06026,m1,m3,34
PF06026,m1,m4,26
PF06026,m1,m5,46
PF06026,m1,poisson,38
PF06026,m1,GTR20,42
PF06026,m2,m3,36
PF06026,m2,m4,34
PF06026,m2,m5,46
PF06026,m2,poisson,38
PF06026,m2,GTR20,44
PF06026,m3,m4,42
PF06026,m3,m5,42
PF06026,m3,poisson,36
PF06026,m3,GTR20,22
PF06026,m4,m5,48
PF06026,m4,poisson,50
PF06026,m4,GTR20,54
PF06026,m5,poisson,48
PF06026,m5,GTR20,44
PF06026,poisson,GTR20,36
PF00226,m1,m2,348
PF00226,m1,m3,342
PF00226,m1,m4,356
PF00226,m1,m5,370
PF00226,m1,poisson,382
PF00226,m1,GTR20,334
PF00226,m2,m3,344
PF00226,m2,m4,386
PF00226,m2,m5,386
PF00226,m2,poisson,376
PF00226,m2,GTR20,346
PF00226,m3,m4,362
PF00226,m3,m5,352
PF00226,m3,poisson,362
PF00226,m3,GTR20,314
PF00226,m4,m5,324
PF00226,m4,poisson,380
PF00226,m4,GTR20,366
PF00226,m5,poisson,388
PF00226,m5,GTR20,378
PF00226,poisson,GTR20,358
PF01263,m1,m2,16
PF01263,m1,m3,20
PF01263,m1,m4,20
PF01263,m1,m5,34
PF01263,m1,poisson,16
PF01263,m1,GTR20,32
PF01263,m2,m3,22
PF01263,m2,m4,14
PF01263,m2,m5,34
PF01263,m2,poisson,20
PF01263,m2,GTR20,18
PF01263,m3,m4,22
PF01263,m3,m5,44
PF01263,m3,poisson,32
PF01263,m3,GTR20,30
PF01263,m4,m5,38
PF01263,m4,poisson,22
PF01263,m4,GTR20,20
PF01263,m5,poisson,30
PF01263,m5,GTR20,40
PF01263,poisson,GTR20,26
PF00717,m1,m2,170
PF00717,m1,m3,188
PF00717,m1,m4,222
PF00717,m1,m5,272
PF00717,m1,poisson,256
PF00717,m1,GTR20,186
PF00717,m2,m3,224
PF00717,m2,m4,232
PF00717,m2,m5,262
PF00717,m2,poisson,282
PF00717,m2,GTR20,214
PF00717,m3,m4,206
PF00717,m3,m5,230
PF00717,m3,poisson,278
PF00717,m3,GTR20,224
PF00717,m4,m5,222
PF00717,m4,poisson,266
PF00717,m4,GTR20,222
PF00717,m5,poisson,308
PF00717,m5,GTR20,252
PF00717,poisson,GTR20,262
PF00104,m1,m2,66
PF00104,m1,m3,60
PF00104,m1,m4,82
PF00104,m1,m5,106
PF00104,m1,poisson,100
PF00104,m1,GTR20,72
PF00104,m2,m3,60
PF00104,m2,m4,58
PF00104,m2,m5,84
PF00104,m2,poisson,98
PF00104,m2,GTR20,70
PF00104,m3,m4,50
PF00104,m3,m5,98
PF00104,m3,poisson,100
PF00104,m3,GTR20,66
PF00104,m4,m5,76
PF00104,m4,poisson,94
PF00104,m4,GTR20,60
PF00104,m5,poisson,114
PF00104,m5,GTR20,78
PF00104,poisson,GTR20,90
PF00141,m1,m2,94
PF00141,m1,m3,118
PF00141,m1,m4,142
PF00141,m1,m5,170
PF00141,m1,poisson,170
PF00141,m1,GTR20,124
PF00141,m2,m3,122
PF00141,m2,m4,156
PF00141,m2,m5,154
PF00141,m2,poisson,204
PF00141,m2,GTR20,158
PF00141,m3,m4,142
PF00141,m3,m5,152
PF00141,m3,poisson,186
PF00141,m3,GTR20,128
PF00141,m4,m5,132
PF00141,m4,poisson,218
PF00141,m4,GTR20,176
PF00141,m5,poisson,220
PF00141,m5,GTR20,184
PF00141,poisson,GTR20,172
PF01590,m1,m2,390
PF01590,m1,m3,432
PF01590,m1,m4,496
PF01590,m1,m5,533
PF01590,m1,poisson,506
PF01590,m1,GTR20,400
PF01590,m2,m3,442
PF01590,m2,m4,486
PF01590,m2,m5,495
PF01590,m2,poisson,510
PF01590,m2,GTR20,402
PF01590,m3,m4,458
PF01590,m3,m5,481
PF01590,m3,poisson,532
PF01590,m3,GTR20,374
PF01590,m4,m5,451
PF01590,m4,poisson,578
PF01590,m4,GTR20,442
PF01590,m5,poisson,573
PF01590,m5,GTR20,509
PF01590,poisson,GTR20,506
PF03237,m1,m2,12
PF03237,m1,m3,14
PF03237,m1,m4,14
PF03237,m1,m5,22
PF03237,m1,poisson,18
PF03237,m1,GTR20,2
PF03237,m2,m3,16
PF03237,m2,m4,12
PF03237,m2,m5,16
PF03237,m2,poisson,18
PF03237,m2,GTR20,14
PF03237,m3,m4,8
PF03237,m3,m5,22
PF03237,m3,poisson,22
PF03237,m3,GTR20,16
PF03237,m4,m5,24
PF03237,m4,poisson,24
PF03237,m4,GTR20,16
PF03237,m5,poisson,26
PF03237,m5,GTR20,20
PF03237,poisson,GTR20,20
PF01734,m1,m2,22
PF01734,m1,m3,32
PF01734,m1,m4,30
PF01734,m1,m5,38
PF01734,m1,poisson,44
PF01734,m1,GTR20,24
PF01734,m2,m3,30
PF01734,m2,m4,34
PF01734,m2,m5,40
PF01734,m2,poisson,46
PF01734,m2,GTR20,32
PF01734,m3,m4,26
PF01734,m3,m5,30
PF01734,m3,poisson,42
PF01734,m3,GTR20,30
PF01734,m4,m5,36
PF01734,m4,poisson,36
PF01734,m4,GTR20,36
PF01734,m5,poisson,40
PF01734,m5,GTR20,36
PF01734,poisson,GTR20,40
PF04607,m1,m2,64
PF04607,m1,m3,76
PF04607,m1,m4,74
PF04607,m1,m5,94
PF04607,m1,poisson,110
PF04607,m1,GTR20,76
PF04607,m2,m3,66
PF04607,m2,m4,60
PF04607,m2,m5,90
PF04607,m2,poisson,118
PF04607,m2,GTR20,78
PF04607,m3,m4,48
PF04607,m3,m5,90
PF04607,m3,poisson,110
PF04607,m3,GTR20,78
PF04607,m4,m5,82
PF04607,m4,poisson,118
PF04607,m4,GTR20,88
PF04607,m5,poisson,112
PF04607,m5,GTR20,90
PF04607,poisson,GTR20,102
PF07654,m1,m2,32
PF07654,m1,m3,48
PF07654,m1,m4,60
PF07654,m1,m5,60
PF07654,m1,poisson,40
PF07654,m1,GTR20,36
PF07654,m2,m3,44
PF07654,m2,m4,50
PF07654,m2,m5,44
PF07654,m2,poisson,56
PF07654,m2,GTR20,32
PF07654,m3,m4,52
PF07654,m3,m5,58
PF07654,m3,poisson,68
PF07654,m3,GTR20,56
PF07654,m4,m5,72
PF07654,m4,poisson,70
PF07654,m4,GTR20,66
PF07654,m5,poisson,76
PF07654,m5,GTR20,44
PF07654,poisson,GTR20,52
PF00963,m1,m2,24
PF00963,m1,m3,26
PF00963,m1,m4,20
PF00963,m1,m5,30
PF00963,m1,poisson,38
PF00963,m1,GTR20,16
PF00963,m2,m3,16
PF00963,m2,m4,26
PF00963,m2,m5,26
PF00963,m2,poisson,26
PF00963,m2,GTR20,22
PF00963,m3,m4,30
PF00963,m3,m5,28
PF00963,m3,poisson,22
PF00963,m3,GTR20,26
PF00963,m4,m5,32
PF00963,m4,poisson,36
PF00963,m4,GTR20,22
PF00963,m5,poisson,40
PF00963,m5,GTR20,34
PF00963,poisson,GTR20,28
PF00120,m1,m2,28
PF00120,m1,m3,48
PF00120,m1,m4,48
PF00120,m1,m5,52
PF00120,m1,poisson,56
PF00120,m1,GTR20,50
PF00120,m2,m3,46
PF00120,m2,m4,38
PF00120,m2,m5,60
PF00120,m2,poisson,44
PF00120,m2,GTR20,42
PF00120,m3,m4,34
PF00120,m3,m5,40
PF00120,m3,poisson,28
PF00120,m3,GTR20,26
PF00120,m4,m5,48
PF00120,m4,poisson,48
PF00120,m4,GTR20,34
PF00120,m5,poisson,40
PF00120,m5,GTR20,52
PF00120,poisson,GTR20,38
PF04397,m1,m2,84
PF04397,m1,m3,82
PF04397,m1,m4,92
PF04397,m1,m5,124
PF04397,m1,poisson,110
PF04397,m1,GTR20,82
PF04397,m2,m3,108
PF04397,m2,m4,106
PF04397,m2,m5,128
PF04397,m2,poisson,122
PF04397,m2,GTR20,96
PF04397,m3,m4,80
PF04397,m3,m5,118
PF04397,m3,poisson,110
PF04397,m3,GTR20,68
PF04397,m4,m5,120
PF04397,m4,poisson,114
PF04397,m4,GTR20,92
PF04397,m5,poisson,128
PF04397,m5,GTR20,118
PF04397,poisson,GTR20,106
PF03767,m1,m2,4
PF03767,m1,m3,6
PF03767,m1,m4,4
PF03767,m1,m5,10
PF03767,m1,poisson,8
PF03767,m1,GTR20,4
PF03767,m2,m3,8
PF03767,m2,m4,4
PF03767,m2,m5,14
PF03767,m2,poisson,10
PF03767,m2,GTR20,4
PF03767,m3,m4,10
PF03767,m3,m5,12
PF03767,m3,poisson,12
PF03767,m3,GTR20,10
PF03767,m4,m5,10
PF03767,m4,poisson,12
PF03767,m4,GTR20,0
PF03767,m5,poisson,14
PF03767,m5,GTR20,10
PF03767,poisson,GTR20,12
PF03466,m1,m2,342
PF03466,m1,m3,412
PF03466,m1,m4,412
PF03466,m1,m5,528
PF03466,m1,poisson,500
PF03466,m1,GTR20,376
PF03466,m2,m3,404
PF03466,m2,m4,414
PF03466,m2,m5,522
PF03466,m2,poisson,464
PF03466,m2,GTR20,392
PF03466,m3,m4,400
PF03466,m3,m5,516
PF03466,m3,poisson,488
PF03466,m3,GTR20,426
PF03466,m4,m5,528
PF03466,m4,poisson,496
PF03466,m4,GTR20,432
PF03466,m5,poisson,560
PF03466,m5,GTR20,498
PF03466,poisson,GTR20,474
PF00122,m1,m2,28
PF00122,m1,m3,58
PF00122,m1,m4,58
PF00122,m1,m5,68
PF00122,m1,poisson,76
PF00122,m1,GTR20,52
PF00122,m2,m3,54
PF00122,m2,m4,70
PF00122,m2,m5,70
PF00122,m2,poisson,72
PF00122,m2,GTR20,52
PF00122,m3,m4,46
PF00122,m3,m5,56
PF00122,m3,poisson,66
PF00122,m3,GTR20,46
PF00122,m4,m5,66
PF00122,m4,poisson,74
PF00122,m4,GTR20,56
PF00122,m5,poisson,74
PF00122,m5,GTR20,64
PF00122,poisson,GTR20,70
PF02349,m1,m2,92
PF02349,m1,m3,126
PF02349,m1,m4,124
PF02349,m1,m5,160
PF02349,m1,poisson,146
PF02349,m1,GTR20,116
PF02349,m2,m3,110
PF02349,m2,m4,134
PF02349,m2,m5,140
PF02349,m2,poisson,148
PF02349,m2,GTR20,160
PF02349,m3,m4,106
PF02349,m3,m5,102
PF02349,m3,poisson,90
PF02349,m3,GTR20,154
PF02349,m4,m5,118
PF02349,m4,poisson,140
PF02349,m4,GTR20,164
PF02349,m5,poisson,134
PF02349,m5,GTR20,192
PF02349,poisson,GTR20,154
PF03195,m1,m2,14
PF03195,m1,m3,4
PF03195,m1,m4,14
PF03195,m1,m5,28
PF03195,m1,poisson,14
PF03195,m1,GTR20,16
PF03195,m2,m3,14
PF03195,m2,m4,14
PF03195,m2,m5,26
PF03195,m2,poisson,18
PF03195,m2,GTR20,8
PF03195,m3,m4,12
PF03195,m3,m5,28
PF03195,m3,poisson,12
PF03195,m3,GTR20,16
PF03195,m4,m5,28
PF03195,m4,poisson,16
PF03195,m4,GTR20,12
PF03195,m5,poisson,30
PF03195,m5,GTR20,26
PF03195,poisson,GTR20,18
PF01183,m1,m2,4
PF01183,m1,m3,6
PF01183,m1,m4,6
PF01183,m1,m5,10
PF01183,m1,poisson,6
PF01183,m1,GTR20,8
PF01183,m2,m3,8
PF01183,m2,m4,8
PF01183,m2,m5,12
PF01183,m2,poisson,8
PF01183,m2,GTR20,10
PF01183,m3,m4,2
PF01183,m3,m5,6
PF01183,m3,poisson,6
PF01183,m3,GTR20,4
PF01183,m4,m5,4
PF01183,m4,poisson,4
PF01183,m4,GTR20,2
PF01183,m5,poisson,6
PF01183,m5,GTR20,4
PF01183,poisson,GTR20,2
PF02525,m1,m2,12
PF02525,m1,m3,12
PF02525,m1,m4,14
PF02525,m1,m5,22
PF02525,m1,poisson,24
PF02525,m1,GTR20,10
PF02525,m2,m3,4
PF02525,m2,m4,18
PF02525,m2,m5,18
PF02525,m2,poisson,26
PF02525,m2,GTR20,10
PF02525,m3,m4,14
PF02525,m3,m5,18
PF02525,m3,poisson,26
PF02525,m3,GTR20,10
PF02525,m4,m5,14
PF02525,m4,poisson,28
PF02525,m4,GTR20,16
PF02525,m5,poisson,32
PF02525,m5,GTR20,20
PF02525,poisson,GTR20,24
PF00106,m1,m2,270
PF00106,m1,m3,268
PF00106,m1,m4,264
PF00106,m1,m5,298
PF00106,m1,poisson,316
PF00106,m1,GTR20,246
PF00106,m2,m3,290
PF00106,m2,m4,272
PF00106,m2,m5,322
PF00106,m2,poisson,332
PF00106,m2,GTR20,298
PF00106,m3,m4,250
PF00106,m3,m5,256
PF00106,m3,poisson,302
PF00106,m3,GTR20,248
PF00106,m4,m5,250
PF00106,m4,poisson,310
PF00106,m4,GTR20,262
PF00106,m5,poisson,322
PF00106,m5,GTR20,294
PF00106,poisson,GTR20,292
PF03171,m1,m2,86
PF03171,m1,m3,96
PF03171,m1,m4,96
PF03171,m1,m5,120
PF03171,m1,poisson,116
PF03171,m1,GTR20,84
PF03171,m2,m3,84
PF03171,m2,m4,100
PF03171,m2,m5,114
PF03171,m2,poisson,126
PF03171,m2,GTR20,104
PF03171,m3,m4,118
PF03171,m3,m5,136
PF03171,m3,poisson,146
PF03171,m3,GTR20,122
PF03171,m4,m5,86
PF03171,m4,poisson,126
PF03171,m4,GTR20,96
PF03171,m5,poisson,134
PF03171,m5,GTR20,90
PF03171,poisson,GTR20,106
PF08032,m1,m2,108
PF08032,m1,m3,112
PF08032,m1,m4,154
PF08032,m1,m5,150
PF08032,m1,poisson,164
PF08032,m1,GTR20,126
PF08032,m2,m3,126
PF08032,m2,m4,138
PF08032,m2,m5,146
PF08032,m2,poisson,160
PF08032,m2,GTR20,122
PF08032,m3,m4,154
PF08032,m3,m5,156
PF08032,m3,poisson,174
PF08032,m3,GTR20,140
PF08032,m4,m5,142
PF08032,m4,poisson,172
PF08032,m4,GTR20,128
PF08032,m5,poisson,176
PF08032,m5,GTR20,146
PF08032,poisson,GTR20,160
PF03328,m1,m2,2
PF03328,m1,m3,8
PF03328,m1,m4,6
PF03328,m1,m5,12
PF03328,m1,poisson,12
PF03328,m1,GTR20,12
PF03328,m2,m3,10
PF03328,m2,m4,8
PF03328,m2,m5,10
PF03328,m2,poisson,14
PF03328,m2,GTR20,14
PF03328,m3,m4,10
PF03328,m3,m5,10
PF03328,m3,poisson,20
PF03328,m3,GTR20,4
PF03328,m4,m5,14
PF03328,m4,poisson,14
PF03328,m4,GTR20,8
PF03328,m5,poisson,20
PF03328,m5,GTR20,14
PF03328,poisson,GTR20,18
PF02698,m1,m2,56
PF02698,m1,m3,86
PF02698,m1,m4,82
PF02698,m1,m5,100
PF02698,m1,poisson,84
PF02698,m1,GTR20,52
PF02698,m2,m3,78
PF02698,m2,m4,74
PF02698,m2,m5,100
PF02698,m2,poisson,86
PF02698,m2,GTR20,56
PF02698,m3,m4,56
PF02698,m3,m5,98
PF02698,m3,poisson,86
PF02698,m3,GTR20,78
PF02698,m4,m5,108
PF02698,m4,poisson,84
PF02698,m4,GTR20,74
PF02698,m5,poisson,98
PF02698,m5,GTR20,98
PF02698,poisson,GTR20,86
PF00433,m1,m2,208
PF00433,m1,m3,176
PF00433,m1,m4,178
PF00433,m1,m5,206
PF00433,m1,poisson,176
PF00433,m1,GTR20,186
PF00433,m2,m3,192
PF00433,m2,m4,202
PF00433,m2,m5,224
PF00433,m2,poisson,198
PF00433,m2,GTR20,206
PF00433,m3,m4,148
PF00433,m3,m5,188
PF00433,m3,poisson,166
PF00433,m3,GTR20,158
PF00433,m4,m5,206
PF00433,m4,poisson,188
PF00433,m4,GTR20,176
PF00433,m5,poisson,216
PF00433,m5,GTR20,204
PF00433,poisson,GTR20,192
PF00246,m1,m2,60
PF00246,m1,m3,50
PF00246,m1,m4,84
PF00246,m1,m5,90
PF00246,m1,poisson,102
PF00246,m1,GTR20,52
PF00246,m2,m3,64
PF00246,m2,m4,84
PF00246,m2,m5,90
PF00246,m2,poisson,94
PF00246,m2,GTR20,70
PF00246,m3,m4,104
PF00246,m3,m5,88
PF00246,m3,poisson,94
PF00246,m3,GTR20,64
PF00246,m4,m5,86
PF00246,m4,poisson,98
PF00246,m4,GTR20,98
PF00246,m5,poisson,106
PF00246,m5,GTR20,94
PF00246,poisson,GTR20,104
PF03936,m1,m2,42
PF03936,m1,m3,32
PF03936,m1,m4,40
PF03936,m1,m5,64
PF03936,m1,poisson,70
PF03936,m1,GTR20,58
PF03936,m2,m3,50
PF03936,m2,m4,22
PF03936,m2,m5,36
PF03936,m2,poisson,50
PF03936,m2,GTR20,40
PF03936,m3,m4,44
PF03936,m3,m5,56
PF03936,m3,poisson,68
PF03936,m3,GTR20,36
PF03936,m4,m5,40
PF03936,m4,poisson,60
PF03936,m4,GTR20,46
PF03936,m5,poisson,52
PF03936,m5,GTR20,42
PF03936,poisson,GTR20,50
PF01697,m1,m2,10
PF01697,m1,m3,18
PF01697,m1,m4,26
PF01697,m1,m5,26
PF01697,m1,poisson,20
PF01697,m1,GTR20,20
PF01697,m2,m3,18
PF01697,m2,m4,24
PF01697,m2,m5,30
PF01697,m2,poisson,28
PF01697,m2,GTR20,18
PF01697,m3,m4,16
PF01697,m3,m5,18
PF01697,m3,poisson,24
PF01697,m3,GTR20,18
PF01697,m4,m5,32
PF01697,m4,poisson,34
PF01697,m4,GTR20,22
PF01697,m5,poisson,24
PF01697,m5,GTR20,26
PF01697,poisson,GTR20,18
PF02274,m1,m2,2
PF02274,m1,m3,6
PF02274,m1,m4,2
PF02274,m1,m5,14
PF02274,m1,poisson,10
PF02274,m1,GTR20,6
PF02274,m2,m3,8
PF02274,m2,m4,4
PF02274,m2,m5,12
PF02274,m2,poisson,10
PF02274,m2,GTR20,6
PF02274,m3,m4,4
PF02274,m3,m5,8
PF02274,m3,poisson,12
PF02274,m3,GTR20,8
PF02274,m4,m5,12
PF02274,m4,poisson,12
PF02274,m4,GTR20,4
PF02274,m5,poisson,14
PF02274,m5,GTR20,12
PF02274,poisson,GTR20,10
PF00102,m1,m2,68
PF00102,m1,m3,68
PF00102,m1,m4,74
PF00102,m1,m5,82
PF00102,m1,poisson,90
PF00102,m1,GTR20,78
PF00102,m2,m3,82
PF00102,m2,m4,78
PF00102,m2,m5,84
PF00102,m2,poisson,94
PF00102,m2,GTR20,86
PF00102,m3,m4,82
PF00102,m3,m5,70
PF00102,m3,poisson,86
PF00102,m3,GTR20,72
PF00102,m4,m5,86
PF00102,m4,poisson,90
PF00102,m4,GTR20,84
PF00102,m5,poisson,100
PF00102,m5,GTR20,86
PF00102,poisson,GTR20,80
PF00227,m1,m2,62
PF00227,m1,m3,74
PF00227,m1,m4,94
PF00227,m1,m5,146
PF00227,m1,poisson,126
PF00227,m1,GTR20,80
PF00227,m2,m3,50
PF00227,m2,m4,82
PF00227,m2,m5,144
PF00227,m2,poisson,124
PF00227,m2,GTR20,78
PF00227,m3,m4,88
PF00227,m3,m5,156
PF00227,m3,poisson,124
PF00227,m3,GTR20,54
PF00227,m4,m5,132
PF00227,m4,poisson,136
PF00227,m4,GTR20,94
PF00227,m5,poisson,168
PF00227,m5,GTR20,152
PF00227,poisson,GTR20,132
PF07859,m1,m2,112
PF07859,m1,m3,104
PF07859,m1,m4,110
PF07859,m1,m5,110
PF07859,m1,poisson,124
PF07859,m1,GTR20,98
PF07859,m2,m3,116
PF07859,m2,m4,118
PF07859,m2,m5,118
PF07859,m2,poisson,128
PF07859,m2,GTR20,118
PF07859,m3,m4,110
PF07859,m3,m5,106
PF07859,m3,poisson,104
PF07859,m3,GTR20,106
PF07859,m4,m5,92
PF07859,m4,poisson,116
PF07859,m4,GTR20,102
PF07859,m5,poisson,116
PF07859,m5,GTR20,108
PF07859,poisson,GTR20,114
PF03129,m1,m2,74
PF03129,m1,m3,82
PF03129,m1,m4,72
PF03129,m1,m5,96
PF03129,m1,poisson,106
PF03129,m1,GTR20,70
PF03129,m2,m3,96
PF03129,m2,m4,90
PF03129,m2,m5,98
PF03129,m2,poisson,108
PF03129,m2,GTR20,64
PF03129,m3,m4,78
PF03129,m3,m5,86
PF03129,m3,poisson,120
PF03129,m3,GTR20,84
PF03129,m4,m5,100
PF03129,m4,poisson,116
PF03129,m4,GTR20,94
PF03129,m5,poisson,126
PF03129,m5,GTR20,88
PF03129,poisson,GTR20,104
PF05738,m1,m2,112
PF05738,m1,m3,156
PF05738,m1,m4,172
PF05738,m1,m5,172
PF05738,m1,poisson,182
PF05738,m1,GTR20,154
PF05738,m2,m3,130
PF05738,m2,m4,142
PF05738,m2,m5,162
PF05738,m2,poisson,166
PF05738,m2,GTR20,166
PF05738,m3,m4,160
PF05738,m3,m5,166
PF05738,m3,poisson,180
PF05738,m3,GTR20,166
PF05738,m4,m5,158
PF05738,m4,poisson,188
PF05738,m4,GTR20,186
PF05738,m5,poisson,180
PF05738,m5,GTR20,178
PF05738,poisson,GTR20,162
PF01636,m1,m2,160
PF01636,m1,m3,182
PF01636,m1,m4,184
PF01636,m1,m5,244
PF01636,m1,poisson,218
PF01636,m1,GTR20,192
PF01636,m2,m3,164
PF01636,m2,m4,202
PF01636,m2,m5,222
PF01636,m2,poisson,202
PF01636,m2,GTR20,176
PF01636,m3,m4,208
PF01636,m3,m5,190
PF01636,m3,poisson,254
PF01636,m3,GTR20,164
PF01636,m4,m5,218
PF01636,m4,poisson,224
PF01636,m4,GTR20,224
PF01636,m5,poisson,258
PF01636,m5,GTR20,214
PF01636,poisson,GTR20,224
PF00673,m1,m2,4
PF00673,m1,m3,2
PF00673,m1,m4,8
PF00673,m1,m5,10
PF00673,m1,poisson,14
PF00673,m1,GTR20,4
PF00673,m2,m3,6
PF00673,m2,m4,6
PF00673,m2,m5,8
PF00673,m2,poisson,16
PF00673,m2,GTR20,4
PF00673,m3,m4,6
PF00673,m3,m5,12
PF00673,m3,poisson,16
PF00673,m3,GTR20,2
PF00673,m4,m5,6
PF00673,m4,poisson,16
PF00673,m4,GTR20,6
PF00673,m5,poisson,12
PF00673,m5,GTR20,12
PF00673,poisson,GTR20,16
PF07025,m1,m2,0
PF07025,m1,m3,4
PF07025,m1,m4,12
PF07025,m1,m5,8
PF07025,m1,poisson,16
PF07025,m1,GTR20,10
PF07025,m2,m3,4
PF07025,m2,m4,12
PF07025,m2,m5,8
PF07025,m2,poisson,16
PF07025,m2,GTR20,10
PF07025,m3,m4,14
PF07025,m3,m5,10
PF07025,m3,poisson,18
PF07025,m3,GTR20,14
PF07025,m4,m5,16
PF07025,m4,poisson,16
PF07025,m4,GTR20,12
PF07025,m5,poisson,24
PF07025,m5,GTR20,18
PF07025,poisson,GTR20,10
PF01490,m1,m2,4
PF01490,m1,m3,0
PF01490,m1,m4,4
PF01490,m1,m5,6
PF01490,m1,poisson,4
PF01490,m1,GTR20,0
PF01490,m2,m3,4
PF01490,m2,m4,2
PF01490,m2,m5,10
PF01490,m2,poisson,4
PF01490,m2,GTR20,4
PF01490,m3,m4,4
PF01490,m3,m5,6
PF01490,m3,poisson,4
PF01490,m3,GTR20,0
PF01490,m4,m5,10
PF01490,m4,poisson,4
PF01490,m4,GTR20,4
PF01490,m5,poisson,8
PF01490,m5,GTR20,6
PF01490,poisson,GTR20,4
PF04172,m1,m2,8
PF04172,m1,m3,12
PF04172,m1,m4,10
PF04172,m1,m5,12
PF04172,m1,poisson,22
PF04172,m1,GTR20,14
PF04172,m2,m3,12
PF04172,m2,m4,10
PF04172,m2,m5,14
PF04172,m2,poisson,18
PF04172,m2,GTR20,10
PF04172,m3,m4,10
PF04172,m3,m5,6
PF04172,m3,poisson,20
PF04172,m3,GTR20,10
PF04172,m4,m5,12
PF04172,m4,poisson,18
PF04172,m4,GTR20,4
PF04172,m5,poisson,18
PF04172,m5,GTR20,12
PF04172,poisson,GTR20,16
PF01039,m1,m2,12
PF01039,m1,m3,6
PF01039,m1,m4,6
PF01039,m1,m5,22
PF01039,m1,poisson,14
PF01039,m1,GTR20,16
PF01039,m2,m3,10
PF01039,m2,m4,14
PF01039,m2,m5,24
PF01039,m2,poisson,16
PF01039,m2,GTR20,14
PF01039,m3,m4,8
PF01039,m3,m5,22
PF01039,m3,poisson,20
PF01039,m3,GTR20,18
PF01039,m4,m5,24
PF01039,m4,poisson,16
PF01039,m4,GTR20,18
PF01039,m5,poisson,18
PF01039,m5,GTR20,24
PF01039,poisson,GTR20,10
PF00225,m1,m2,34
PF00225,m1,m3,64
PF00225,m1,m4,58
PF00225,m1,m5,78
PF00225,m1,poisson,72
PF00225,m1,GTR20,60
PF00225,m2,m3,58
PF00225,m2,m4,64
PF00225,m2,m5,66
PF00225,m2,poisson,74
PF00225,m2,GTR20,62
PF00225,m3,m4,60
PF00225,m3,m5,58
PF00225,m3,poisson,50
PF00225,m3,GTR20,42
PF00225,m4,m5,72
PF00225,m4,poisson,70
PF00225,m4,GTR20,64
PF00225,m5,poisson,68
PF00225,m5,GTR20,64
PF00225,poisson,GTR20,50
PF01225,m1,m2,190
PF01225,m1,m3,182
PF01225,m1,m4,226
PF01225,m1,m5,262
PF01225,m1,poisson,256
PF01225,m1,GTR20,212
PF01225,m2,m3,226
PF01225,m2,m4,226
PF01225,m2,m5,252
PF01225,m2,poisson,258
PF01225,m2,GTR20,230
PF01225,m3,m4,234
PF01225,m3,m5,228
PF01225,m3,poisson,246
PF01225,m3,GTR20,184
PF01225,m4,m5,266
PF01225,m4,poisson,252
PF01225,m4,GTR20,230
PF01225,m5,poisson,272
PF01225,m5,GTR20,246
PF01225,poisson,GTR20,228
PF01554,m1,m2,20
PF01554,m1,m3,16
PF01554,m1,m4,14
PF01554,m1,m5,44
PF01554,m1,poisson,38
PF01554,m1,GTR20,18
PF01554,m2,m3,22
PF01554,m2,m4,16
PF01554,m2,m5,36
PF01554,m2,poisson,32
PF01554,m2,GTR20,16
PF01554,m3,m4,20
PF01554,m3,m5,38
PF01554,m3,poisson,44
PF01554,m3,GTR20,14
PF01554,m4,m5,40
PF01554,m4,poisson,42
PF01554,m4,GTR20,24
PF01554,m5,poisson,46
PF01554,m5,GTR20,34
PF01554,poisson,GTR20,36
PF00275,m1,m2,4
PF00275,m1,m3,2
PF00275,m1,m4,8
PF00275,m1,m5,20
PF00275,m1,poisson,10
PF00275,m1,GTR20,4
PF00275,m2,m3,6
PF00275,m2,m4,4
PF00275,m2,m5,20
PF00275,m2,poisson,14
PF00275,m2,GTR20,8
PF00275,m3,m4,10
PF00275,m3,m5,20
PF00275,m3,poisson,12
PF00275,m3,GTR20,2
PF00275,m4,m5,20
PF00275,m4,poisson,12
PF00275,m4,GTR20,12
PF00275,m5,poisson,20
PF00275,m5,GTR20,20
PF00275,poisson,GTR20,10
PF01478,m1,m2,120
PF01478,m1,m3,102
PF01478,m1,m4,114
PF01478,m1,m5,162
PF01478,m1,poisson,154
PF01478,m1,GTR20,120
PF01478,m2,m3,108
PF01478,m2,m4,128
PF01478,m2,m5,130
PF01478,m2,poisson,138
PF01478,m2,GTR20,120
PF01478,m3,m4,126
PF01478,m3,m5,150
PF01478,m3,poisson,164
PF01478,m3,GTR20,132
PF01478,m4,m5,138
PF01478,m4,poisson,144
PF01478,m4,GTR20,116
PF01478,m5,poisson,136
PF01478,m5,GTR20,136
PF01478,poisson,GTR20,134
PF00355,m1,m2,98
PF00355,m1,m3,98
PF00355,m1,m4,114
PF00355,m1,m5,136
PF00355,m1,poisson,124
PF00355,m1,GTR20,88
PF00355,m2,m3,84
PF00355,m2,m4,108
PF00355,m2,m5,122
PF00355,m2,poisson,134
PF00355,m2,GTR20,104
PF00355,m3,m4,112
PF00355,m3,m5,140
PF00355,m3,poisson,152
PF00355,m3,GTR20,98
PF00355,m4,m5,150
PF00355,m4,poisson,142
PF00355,m4,GTR20,116
PF00355,m5,poisson,170
PF00355,m5,GTR20,138
PF00355,poisson,GTR20,146
PF07993,m1,m2,62
PF07993,m1,m3,74
PF07993,m1,m4,80
PF07993,m1,m5,92
PF07993,m1,poisson,84
PF07993,m1,GTR20,64
PF07993,m2,m3,70
PF07993,m2,m4,84
PF07993,m2,m5,94
PF07993,m2,poisson,88
PF07993,m2,GTR20,74
PF07993,m3,m4,64
PF07993,m3,m5,80
PF07993,m3,poisson,74
PF07993,m3,GTR20,58
PF07993,m4,m5,74
PF07993,m4,poisson,90
PF07993,m4,GTR20,70
PF07993,m5,poisson,90
PF07993,m5,GTR20,82
PF07993,poisson,GTR20,70
PF00149,m1,m2,292
PF00149,m1,m3,280
PF00149,m1,m4,340
PF00149,m1,m5,332
PF00149,m1,poisson,306
PF00149,m1,GTR20,236
PF00149,m2,m3,328
PF00149,m2,m4,326
PF00149,m2,m5,348
PF00149,m2,poisson,344
PF00149,m2,GTR20,278
PF00149,m3,m4,304
PF00149,m3,m5,318
PF00149,m3,poisson,318
PF00149,m3,GTR20,240
PF00149,m4,m5,330
PF00149,m4,poisson,366
PF00149,m4,GTR20,338
PF00149,m5,poisson,334
PF00149,m5,GTR20,298
PF00149,poisson,GTR20,314
PF00520,m1,m2,106
PF00520,m1,m3,102
PF00520,m1,m4,116
PF00520,m1,m5,152
PF00520,m1,poisson,146
PF00520,m1,GTR20,112
PF00520,m2,m3,132
PF00520,m2,m4,96
PF00520,m2,m5,154
PF00520,m2,poisson,190
PF00520,m2,GTR20,138
PF00520,m3,m4,134
PF00520,m3,m5,144
PF00520,m3,poisson,146
PF00520,m3,GTR20,98
PF00520,m4,m5,154
PF00520,m4,poisson,188
PF00520,m4,GTR20,160
PF00520,m5,poisson,194
PF00520,m5,GTR20,140
PF00520,poisson,GTR20,132
PF01699,m1,m2,66
PF01699,m1,m3,68
PF01699,m1,m4,80
PF01699,m1,m5,92
PF01699,m1,poisson,100
PF01699,m1,GTR20,86
PF01699,m2,m3,58
PF01699,m2,m4,62
PF01699,m2,m5,84
PF01699,m2,poisson,90
PF01699,m2,GTR20,86
PF01699,m3,m4,80
PF01699,m3,m5,90
PF01699,m3,poisson,98
PF01699,m3,GTR20,90
PF01699,m4,m5,98
PF01699,m4,poisson,102
PF01699,m4,GTR20,100
PF01699,m5,poisson,110
PF01699,m5,GTR20,104
PF01699,poisson,GTR20,114
PF02801,m1,m2,120
PF02801,m1,m3,124
PF02801,m1,m4,144
PF02801,m1,m5,186
PF02801,m1,poisson,144
PF02801,m1,GTR20,138
PF02801,m2,m3,150
PF02801,m2,m4,138
PF02801,m2,m5,190
PF02801,m2,poisson,142
PF02801,m2,GTR20,132
PF02801,m3,m4,136
PF02801,m3,m5,154
PF02801,m3,poisson,172
PF02801,m3,GTR20,146
PF02801,m4,m5,176
PF02801,m4,poisson,182
PF02801,m4,GTR20,164
PF02801,m5,poisson,214
PF02801,m5,GTR20,182
PF02801,poisson,GTR20,144
PF01541,m1,m2,162
PF01541,m1,m3,184
PF01541,m1,m4,174
PF01541,m1,m5,194
PF01541,m1,poisson,196
PF01541,m1,GTR20,180
PF01541,m2,m3,176
PF01541,m2,m4,158
PF01541,m2,m5,172
PF01541,m2,poisson,194
PF01541,m2,GTR20,164
PF01541,m3,m4,176
PF01541,m3,m5,188
PF01541,m3,poisson,200
PF01541,m3,GTR20,204
PF01541,m4,m5,144
PF01541,m4,poisson,164
PF01541,m4,GTR20,160
PF01541,m5,poisson,180
PF01541,m5,GTR20,170
PF01541,poisson,GTR20,182
PF06480,m1,m2,74
PF06480,m1,m3,96
PF06480,m1,m4,76
PF06480,m1,m5,100
PF06480,m1,poisson,126
PF06480,m1,GTR20,94
PF06480,m2,m3,92
PF06480,m2,m4,80
PF06480,m2,m5,88
PF06480,m2,poisson,116
PF06480,m2,GTR20,100
PF06480,m3,m4,94
PF06480,m3,m5,104
PF06480,m3,poisson,116
PF06480,m3,GTR20,88
PF06480,m4,m5,80
PF06480,m4,poisson,108
PF06480,m4,GTR20,96
PF06480,m5,poisson,108
PF06480,m5,GTR20,106
PF06480,poisson,GTR20,100
PF00581,m1,m2,32
PF00581,m1,m3,26
PF00581,m1,m4,28
PF00581,m1,m5,34
PF00581,m1,poisson,32
PF00581,m1,GTR20,28
PF00581,m2,m3,42
PF00581,m2,m4,42
PF00581,m2,m5,42
PF00581,m2,poisson,44
PF00581,m2,GTR20,38
PF00581,m3,m4,32
PF00581,m3,m5,38
PF00581,m3,poisson,34
PF00581,m3,GTR20,34
PF00581,m4,m5,36
PF00581,m4,poisson,36
PF00581,m4,GTR20,28
PF00581,m5,poisson,42
PF00581,m5,GTR20,36
PF00581,poisson,GTR20,26
PF00680,m1,m2,8
PF00680,m1,m3,8
PF00680,m1,m4,14
PF00680,m1,m5,10
PF00680,m1,poisson,14
PF00680,m1,GTR20,6
PF00680,m2,m3,6
PF00680,m2,m4,12
PF00680,m2,m5,6
PF00680,m2,poisson,16
PF00680,m2,GTR20,4
PF00680,m3,m4,10
PF00680,m3,m5,4
PF00680,m3,poisson,16
PF00680,m3,GTR20,6
PF00680,m4,m5,12
PF00680,m4,poisson,16
PF00680,m4,GTR20,12
PF00680,m5,poisson,14
PF00680,m5,GTR20,6
PF00680,poisson,GTR20,16
PF01583,m1,m2,2
PF01583,m1,m3,2
PF01583,m1,m4,12
PF01583,m1,m5,12
PF01583,m1,poisson,10
PF01583,m1,GTR20,12
PF01583,m2,m3,4
PF01583,m2,m4,12
PF01583,m2,m5,12
PF01583,m2,poisson,8
PF01583,m2,GTR20,12
PF01583,m3,m4,12
PF01583,m3,m5,14
PF01583,m3,poisson,12
PF01583,m3,GTR20,14
PF01583,m4,m5,6
PF01583,m4,poisson,12
PF01583,m4,GTR20,12
PF01583,m5,poisson,12
PF01583,m5,GTR20,8
PF01583,poisson,GTR20,10
PF00152,m1,m2,36
PF00152,m1,m3,56
PF00152,m1,m4,72
PF00152,m1,m5,78
PF00152,m1,poisson,72
PF00152,m1,GTR20,64
PF00152,m2,m3,58
PF00152,m2,m4,54
PF00152,m2,m5,84
PF00152,m2,poisson,78
PF00152,m2,GTR20,74
PF00152,m3,m4,78
PF00152,m3,m5,72
PF00152,m3,poisson,74
PF00152,m3,GTR20,64
PF00152,m4,m5,92
PF00152,m4,poisson,88
PF00152,m4,GTR20,86
PF00152,m5,poisson,88
PF00152,m5,GTR20,72
PF00152,poisson,GTR20,70
PF00117,m1,m2,104
PF00117,m1,m3,104
PF00117,m1,m4,92
PF00117,m1,m5,124
PF00117,m1,poisson,122
PF00117,m1,GTR20,82
PF00117,m2,m3,126
PF00117,m2,m4,86
PF00117,m2,m5,126
PF00117,m2,poisson,120
PF00117,m2,GTR20,84
PF00117,m3,m4,98
PF00117,m3,m5,118
PF00117,m3,poisson,134
PF00117,m3,GTR20,112
PF00117,m4,m5,110
PF00117,m4,poisson,128
PF00117,m4,GTR20,72
PF00117,m5,poisson,136
PF00117,m5,GTR20,120
PF00117,poisson,GTR20,106
PF00874,m1,m2,198
PF00874,m1,m3,226
PF00874,m1,m4,270
PF00874,m1,m5,300
PF00874,m1,poisson,314
PF00874,m1,GTR20,190
PF00874,m2,m3,234
PF00874,m2,m4,264
PF00874,m2,m5,272
PF00874,m2,poisson,312
PF00874,m2,GTR20,218
PF00874,m3,m4,278
PF00874,m3,m5,312
PF00874,m3,poisson,294
PF00874,m3,GTR20,234
PF00874,m4,m5,280
PF00874,m4,poisson,312
PF00874,m4,GTR20,248
PF00874,m5,poisson,330
PF00874,m5,GTR20,278
PF00874,poisson,GTR20,304
PF04408,m1,m2,156
PF04408,m1,m3,150
PF04408,m1,m4,154
PF04408,m1,m5,166
PF04408,m1,poisson,154
PF04408,m1,GTR20,146
PF04408,m2,m3,144
PF04408,m2,m4,158
PF04408,m2,m5,162
PF04408,m2,poisson,178
PF04408,m2,GTR20,162
PF04408,m3,m4,138
PF04408,m3,m5,142
PF04408,m3,poisson,158
PF04408,m3,GTR20,126
PF04408,m4,m5,156
PF04408,m4,poisson,148
PF04408,m4,GTR20,148
PF04408,m5,poisson,172
PF04408,m5,GTR20,150
PF04408,poisson,GTR20,156
PF00487,m1,m2,40
PF00487,m1,m3,50
PF00487,m1,m4,36
PF00487,m1,m5,66
PF00487,m1,poisson,80
PF00487,m1,GTR20,52
PF00487,m2,m3,50
PF00487,m2,m4,56
PF00487,m2,m5,56
PF00487,m2,poisson,66
PF00487,m2,GTR20,56
PF00487,m3,m4,50
PF00487,m3,m5,62
PF00487,m3,poisson,68
PF00487,m3,GTR20,70
PF00487,m4,m5,40
PF00487,m4,poisson,68
PF00487,m4,GTR20,64
PF00487,m5,poisson,58
PF00487,m5,GTR20,56
PF00487,poisson,GTR20,72
PF01850,m1,m2,108
PF01850,m1,m3,134
PF01850,m1,m4,134
PF01850,m1,m5,156
PF01850,m1,poisson,134
PF01850,m1,GTR20,114
PF01850,m2,m3,120
PF01850,m2,m4,116
PF01850,m2,m5,158
PF01850,m2,poisson,150
PF01850,m2,GTR20,136
PF01850,m3,m4,122
PF01850,m3,m5,144
PF01850,m3,poisson,146
PF01850,m3,GTR20,126
PF01850,m4,m5,152
PF01850,m4,poisson,150
PF01850,m4,GTR20,138
PF01850,m5,poisson,168
PF01850,m5,GTR20,148
PF01850,poisson,GTR20,130
PF05000,m1,m2,70
PF05000,m1,m3,96
PF05000,m1,m4,88
PF05000,m1,m5,116
PF05000,m1,poisson,110
PF05000,m1,GTR20,88
PF05000,m2,m3,80
PF05000,m2,m4,64
PF05000,m2,m5,110
PF05000,m2,poisson,104
PF05000,m2,GTR20,70
PF05000,m3,m4,64
PF05000,m3,m5,106
PF05000,m3,poisson,100
PF05000,m3,GTR20,82
PF05000,m4,m5,100
PF05000,m4,poisson,92
PF05000,m4,GTR20,66
PF05000,m5,poisson,124
PF05000,m5,GTR20,110
PF05000,poisson,GTR20,86
PF03144,m1,m2,220
PF03144,m1,m3,276
PF03144,m1,m4,322
PF03144,m1,m5,342
PF03144,m1,poisson,342
PF03144,m1,GTR20,284
PF03144,m2,m3,260
PF03144,m2,m4,342
PF03144,m2,m5,360
PF03144,m2,poisson,330
PF03144,m2,GTR20,254
PF03144,m3,m4,362
PF03144,m3,m5,368
PF03144,m3,poisson,332
PF03144,m3,GTR20,328
PF03144,m4,m5,342
PF03144,m4,poisson,410
PF03144,m4,GTR20,366
PF03144,m5,poisson,414
PF03144,m5,GTR20,386
PF03144,poisson,GTR20,334
PF02789,m1,m2,58
PF02789,m1,m3,78
PF02789,m1,m4,80
PF02789,m1,m5,102
PF02789,m1,poisson,108
PF02789,m1,GTR20,66
PF02789,m2,m3,64
PF02789,m2,m4,74
PF02789,m2,m5,90
PF02789,m2,poisson,98
PF02789,m2,GTR20,60
PF02789,m3,m4,94
PF02789,m3,m5,106
PF02789,m3,poisson,106
PF02789,m3,GTR20,78
PF02789,m4,m5,86
PF02789,m4,poisson,108
PF02789,m4,GTR20,76
PF02789,m5,poisson,114
PF02789,m5,GTR20,88
PF02789,poisson,GTR20,106
PF03358,m1,m2,0
PF03358,m1,m3,2
PF03358,m1,m4,4
PF03358,m1,m5,10
PF03358,m1,poisson,4
PF03358,m1,GTR20,4
PF03358,m2,m3,2
PF03358,m2,m4,4
PF03358,m2,m5,10
PF03358,m2,poisson,4
PF03358,m2,GTR20,4
PF03358,m3,m4,2
PF03358,m3,m5,8
PF03358,m3,poisson,4
PF03358,m3,GTR20,2
PF03358,m4,m5,8
PF03358,m4,poisson,4
PF03358,m4,GTR20,0
PF03358,m5,poisson,10
PF03358,m5,GTR20,8
PF03358,poisson,GTR20,4
PF01397,m1,m2,24
PF01397,m1,m3,22
PF01397,m1,m4,28
PF01397,m1,m5,30
PF01397,m1,poisson,52
PF01397,m1,GTR20,14
PF01397,m2,m3,22
PF01397,m2,m4,28
PF01397,m2,m5,32
PF01397,m2,poisson,48
PF01397,m2,GTR20,22
PF01397,m3,m4,24
PF01397,m3,m5,24
PF01397,m3,poisson,52
PF01397,m3,GTR20,8
PF01397,m4,m5,18
PF01397,m4,poisson,48
PF01397,m4,GTR20,28
PF01397,m5,poisson,48
PF01397,m5,GTR20,28
PF01397,poisson,GTR20,54
PF01627,m1,m2,224
PF01627,m1,m3,262
PF01627,m1,m4,274
PF01627,m1,m5,290
PF01627,m1,poisson,270
PF01627,m1,GTR20,250
PF01627,m2,m3,266
PF01627,m2,m4,246
PF01627,m2,m5,290
PF01627,m2,poisson,286
PF01627,m2,GTR20,268
PF01627,m3,m4,264
PF01627,m3,m5,294
PF01627,m3,poisson,290
PF01627,m3,GTR20,208
PF01627,m4,m5,288
PF01627,m4,poisson,292
PF01627,m4,GTR20,282
PF01627,m5,poisson,288
PF01627,m5,GTR20,296
PF01627,poisson,GTR20,286
PF02866,m1,m2,0
PF02866,m1,m3,16
PF02866,m1,m4,10
PF02866,m1,m5,16
PF02866,m1,poisson,16
PF02866,m1,GTR20,8
PF02866,m2,m3,16
PF02866,m2,m4,10
PF02866,m2,m5,16
PF02866,m2,poisson,16
PF02866,m2,GTR20,8
PF02866,m3,m4,16
PF02866,m3,m5,16
PF02866,m3,poisson,24
PF02866,m3,GTR20,18
PF02866,m4,m5,10
PF02866,m4,poisson,20
PF02866,m4,GTR20,16
PF02866,m5,poisson,26
PF02866,m5,GTR20,12
PF02866,poisson,GTR20,18
PF06968,m1,m2,20
PF06968,m1,m3,12
PF06968,m1,m4,24
PF06968,m1,m5,40
PF06968,m1,poisson,30
PF06968,m1,GTR20,32
PF06968,m2,m3,22
PF06968,m2,m4,24
PF06968,m2,m5,40
PF06968,m2,poisson,26
PF06968,m2,GTR20,22
PF06968,m3,m4,30
PF06968,m3,m5,34
PF06968,m3,poisson,28
PF06968,m3,GTR20,38
PF06968,m4,m5,48
PF06968,m4,poisson,40
PF06968,m4,GTR20,34
PF06968,m5,poisson,38
PF06968,m5,GTR20,50
PF06968,poisson,GTR20,34
PF03140,m1,m2,8
PF03140,m1,m3,8
PF03140,m1,m4,8
PF03140,m1,m5,12
PF03140,m1,poisson,6
PF03140,m1,GTR20,8
PF03140,m2,m3,10
PF03140,m2,m4,10
PF03140,m2,m5,10
PF03140,m2,poisson,8
PF03140,m2,GTR20,10
PF03140,m3,m4,4
PF03140,m3,m5,8
PF03140,m3,poisson,10
PF03140,m3,GTR20,0
PF03140,m4,m5,4
PF03140,m4,poisson,10
PF03140,m4,GTR20,4
PF03140,m5,poisson,14
PF03140,m5,GTR20,8
PF03140,poisson,GTR20,10
PF00156,m1,m2,38
PF00156,m1,m3,50
PF00156,m1,m4,80
PF00156,m1,m5,106
PF00156,m1,poisson,98
PF00156,m1,GTR20,26
PF00156,m2,m3,64
PF00156,m2,m4,86
PF00156,m2,m5,114
PF00156,m2,poisson,90
PF00156,m2,GTR20,36
PF00156,m3,m4,82
PF00156,m3,m5,106
PF00156,m3,poisson,86
PF00156,m3,GTR20,58
PF00156,m4,m5,82
PF00156,m4,poisson,96
PF00156,m4,GTR20,84
PF00156,m5,poisson,112
PF00156,m5,GTR20,108
PF00156,poisson,GTR20,94
PF07702,m1,m2,98
PF07702,m1,m3,108
PF07702,m1,m4,118
PF07702,m1,m5,150
PF07702,m1,poisson,156
PF07702,m1,GTR20,98
PF07702,m2,m3,100
PF07702,m2,m4,128
PF07702,m2,m5,148
PF07702,m2,poisson,162
PF07702,m2,GTR20,114
PF07702,m3,m4,134
PF07702,m3,m5,158
PF07702,m3,poisson,160
PF07702,m3,GTR20,100
PF07702,m4,m5,148
PF07702,m4,poisson,174
PF07702,m4,GTR20,134
PF07702,m5,poisson,188
PF07702,m5,GTR20,158
PF07702,poisson,GTR20,148
PF00990,m1,m2,50
PF00990,m1,m3,36
PF00990,m1,m4,46
PF00990,m1,m5,54
PF00990,m1,poisson,60
PF00990,m1,GTR20,42
PF00990,m2,m3,64
PF00990,m2,m4,58
PF00990,m2,m5,56
PF00990,m2,poisson,54
PF00990,m2,GTR20,54
PF00990,m3,m4,42
PF00990,m3,m5,60
PF00990,m3,poisson,62
PF00990,m3,GTR20,48
PF00990,m4,m5,58
PF00990,m4,poisson,66
PF00990,m4,GTR20,54
PF00990,m5,poisson,64
PF00990,m5,GTR20,58
PF00990,poisson,GTR20,58
PF02674,m1,m2,10
PF02674,m1,m3,8
PF02674,m1,m4,12
PF02674,m1,m5,8
PF02674,m1,poisson,12
PF02674,m1,GTR20,12
PF02674,m2,m3,14
PF02674,m2,m4,18
PF02674,m2,m5,12
PF02674,m2,poisson,8
PF02674,m2,GTR20,8
PF02674,m3,m4,10
PF02674,m3,m5,4
PF02674,m3,poisson,12
PF02674,m3,GTR20,14
PF02674,m4,m5,14
PF02674,m4,poisson,18
PF02674,m4,GTR20,20
PF02674,m5,poisson,10
PF02674,m5,GTR20,12
PF02674,poisson,GTR20,10
PF01547,m1,m2,124
PF01547,m1,m3,124
PF01547,m1,m4,138
PF01547,m1,m5,154
PF01547,m1,poisson,170
PF01547,m1,GTR20,130
PF01547,m2,m3,144
PF01547,m2,m4,140
PF01547,m2,m5,150
PF01547,m2,poisson,166
PF01547,m2,GTR20,130
PF01547,m3,m4,138
PF01547,m3,m5,146
PF01547,m3,poisson,170
PF01547,m3,GTR20,146
PF01547,m4,m5,158
PF01547,m4,poisson,168
PF01547,m4,GTR20,150
PF01547,m5,poisson,168
PF01547,m5,GTR20,160
PF01547,poisson,GTR20,172
PF02588,m1,m2,100
PF02588,m1,m3,74
PF02588,m1,m4,88
PF02588,m1,m5,108
PF02588,m1,poisson,136
PF02588,m1,GTR20,92
PF02588,m2,m3,78
PF02588,m2,m4,90
PF02588,m2,m5,94
PF02588,m2,poisson,106
PF02588,m2,GTR20,90
PF02588,m3,m4,72
PF02588,m3,m5,96
PF02588,m3,poisson,120
PF02588,m3,GTR20,90
PF02588,m4,m5,94
PF02588,m4,poisson,116
PF02588,m4,GTR20,68
PF02588,m5,poisson,102
PF02588,m5,GTR20,102
PF02588,poisson,GTR20,116
PF02769,m1,m2,66
PF02769,m1,m3,100
PF02769,m1,m4,102
PF02769,m1,m5,142
PF02769,m1,poisson,96
PF02769,m1,GTR20,82
PF02769,m2,m3,118
PF02769,m2,m4,124
PF02769,m2,m5,144
PF02769,m2,poisson,124
PF02769,m2,GTR20,94
PF02769,m3,m4,104
PF02769,m3,m5,150
PF02769,m3,poisson,128
PF02769,m3,GTR20,108
PF02769,m4,m5,158
PF02769,m4,poisson,128
PF02769,m4,GTR20,110
PF02769,m5,poisson,154
PF02769,m5,GTR20,132
PF02769,poisson,GTR20,98
PF00169,m1,m2,172
PF00169,m1,m3,164
PF00169,m1,m4,182
PF00169,m1,m5,186
PF00169,m1,poisson,202
PF00169,m1,GTR20,174
PF00169,m2,m3,150
PF00169,m2,m4,186
PF00169,m2,m5,186
PF00169,m2,poisson,210
PF00169,m2,GTR20,170
PF00169,m3,m4,182
PF00169,m3,m5,186
PF00169,m3,poisson,206
PF00169,m3,GTR20,170
PF00169,m4,m5,188
PF00169,m4,poisson,200
PF00169,m4,GTR20,180
PF00169,m5,poisson,200
PF00169,m5,GTR20,196
PF00169,poisson,GTR20,204
PF02086,m1,m2,0
PF02086,m1,m3,8
PF02086,m1,m4,8
PF02086,m1,m5,22
PF02086,m1,poisson,16
PF02086,m1,GTR20,8
PF02086,m2,m3,8
PF02086,m2,m4,8
PF02086,m2,m5,22
PF02086,m2,poisson,16
PF02086,m2,GTR20,8
PF02086,m3,m4,6
PF02086,m3,m5,20
PF02086,m3,poisson,16
PF02086,m3,GTR20,6
PF02086,m4,m5,16
PF02086,m4,poisson,14
PF02086,m4,GTR20,4
PF02086,m5,poisson,24
PF02086,m5,GTR20,18
PF02086,poisson,GTR20,10
PF04203,m1,m2,12
PF04203,m1,m3,10
PF04203,m1,m4,18
PF04203,m1,m5,18
PF04203,m1,poisson,18
PF04203,m1,GTR20,16
PF04203,m2,m3,20
PF04203,m2,m4,18
PF04203,m2,m5,20
PF04203,m2,poisson,14
PF04203,m2,GTR20,18
PF04203,m3,m4,10
PF04203,m3,m5,10
PF04203,m3,poisson,26
PF04203,m3,GTR20,16
PF04203,m4,m5,12
PF04203,m4,poisson,26
PF04203,m4,GTR20,18
PF04203,m5,poisson,26
PF04203,m5,GTR20,22
PF04203,poisson,GTR20,22
PF00111,m1,m2,154
PF00111,m1,m3,138
PF00111,m1,m4,172
PF00111,m1,m5,172
PF00111,m1,poisson,162
PF00111,m1,GTR20,142
PF00111,m2,m3,132
PF00111,m2,m4,172
PF00111,m2,m5,180
PF00111,m2,poisson,160
PF00111,m2,GTR20,114
PF00111,m3,m4,158
PF00111,m3,m5,158
PF00111,m3,poisson,186
PF00111,m3,GTR20,156
PF00111,m4,m5,164
PF00111,m4,poisson,198
PF00111,m4,GTR20,178
PF00111,m5,poisson,196
PF00111,m5,GTR20,178
PF00111,poisson,GTR20,160
PF06114,m1,m2,54
PF06114,m1,m3,80
PF06114,m1,m4,84
PF06114,m1,m5,88
PF06114,m1,poisson,72
PF06114,m1,GTR20,66
PF06114,m2,m3,76
PF06114,m2,m4,72
PF06114,m2,m5,76
PF06114,m2,poisson,78
PF06114,m2,GTR20,78
PF06114,m3,m4,58
PF06114,m3,m5,74
PF06114,m3,poisson,78
PF06114,m3,GTR20,56
PF06114,m4,m5,66
PF06114,m4,poisson,86
PF06114,m4,GTR20,64
PF06114,m5,poisson,94
PF06114,m5,GTR20,84
PF06114,poisson,GTR20,66
PF04965,m1,m2,6
PF04965,m1,m3,8
PF04965,m1,m4,10
PF04965,m1,m5,12
PF04965,m1,poisson,4
PF04965,m1,GTR20,6
PF04965,m2,m3,8
PF04965,m2,m4,12
PF04965,m2,m5,14
PF04965,m2,poisson,10
PF04965,m2,GTR20,8
PF04965,m3,m4,4
PF04965,m3,m5,8
PF04965,m3,poisson,4
PF04965,m3,GTR20,2
PF04965,m4,m5,6
PF04965,m4,poisson,6
PF04965,m4,GTR20,6
PF04965,m5,poisson,10
PF04965,m5,GTR20,10
PF04965,poisson,GTR20,2
PF07681,m1,m2,38
PF07681,m1,m3,50
PF07681,m1,m4,62
PF07681,m1,m5,82
PF07681,m1,poisson,86
PF07681,m1,GTR20,62
PF07681,m2,m3,60
PF07681,m2,m4,56
PF07681,m2,m5,76
PF07681,m2,poisson,90
PF07681,m2,GTR20,52
PF07681,m3,m4,68
PF07681,m3,m5,88
PF07681,m3,poisson,90
PF07681,m3,GTR20,64
PF07681,m4,m5,82
PF07681,m4,poisson,88
PF07681,m4,GTR20,68
PF07681,m5,poisson,92
PF07681,m5,GTR20,76
PF07681,poisson,GTR20,86
PF00135,m1,m2,32
PF00135,m1,m3,36
PF00135,m1,m4,56
PF00135,m1,m5,74
PF00135,m1,poisson,46
PF00135,m1,GTR20,46
PF00135,m2,m3,46
PF00135,m2,m4,54
PF00135,m2,m5,76
PF00135,m2,poisson,56
PF00135,m2,GTR20,50
PF00135,m3,m4,60
PF00135,m3,m5,66
PF00135,m3,poisson,50
PF00135,m3,GTR20,40
PF00135,m4,m5,66
PF00135,m4,poisson,72
PF00135,m4,GTR20,64
PF00135,m5,poisson,80
PF00135,m5,GTR20,68
PF00135,poisson,GTR20,52
PF04452,m1,m2,54
PF04452,m1,m3,76
PF04452,m1,m4,56
PF04452,m1,m5,90
PF04452,m1,poisson,68
PF04452,m1,GTR20,60
PF04452,m2,m3,82
PF04452,m2,m4,60
PF04452,m2,m5,92
PF04452,m2,poisson,78
PF04452,m2,GTR20,70
PF04452,m3,m4,78
PF04452,m3,m5,84
PF04452,m3,poisson,78
PF04452,m3,GTR20,44
PF04452,m4,m5,76
PF04452,m4,poisson,84
PF04452,m4,GTR20,72
PF04452,m5,poisson,94
PF04452,m5,GTR20,76
PF04452,poisson,GTR20,70
PF02142,m1,m2,88
PF02142,m1,m3,88
PF02142,m1,m4,84
PF02142,m1,m5,138
PF02142,m1,poisson,118
PF02142,m1,GTR20,104
PF02142,m2,m3,88
PF02142,m2,m4,112
PF02142,m2,m5,136
PF02142,m2,poisson,118
PF02142,m2,GTR20,92
PF02142,m3,m4,100
PF02142,m3,m5,134
PF02142,m3,poisson,128
PF02142,m3,GTR20,102
PF02142,m4,m5,136
PF02142,m4,poisson,124
PF02142,m4,GTR20,120
PF02142,m5,poisson,126
PF02142,m5,GTR20,126
PF02142,poisson,GTR20,106
PF07724,m1,m2,122
PF07724,m1,m3,134
PF07724,m1,m4,144
PF07724,m1,m5,156
PF07724,m1,poisson,140
PF07724,m1,GTR20,118
PF07724,m2,m3,116
PF07724,m2,m4,130
PF07724,m2,m5,164
PF07724,m2,poisson,140
PF07724,m2,GTR20,112
PF07724,m3,m4,148
PF07724,m3,m5,160
PF07724,m3,poisson,134
PF07724,m3,GTR20,114
PF07724,m4,m5,160
PF07724,m4,poisson,148
PF07724,m4,GTR20,146
PF07724,m5,poisson,168
PF07724,m5,GTR20,158
PF07724,poisson,GTR20,124
PF04307,m1,m2,12
PF04307,m1,m3,18
PF04307,m1,m4,16
PF04307,m1,m5,18
PF04307,m1,poisson,24
PF04307,m1,GTR20,12
PF04307,m2,m3,24
PF04307,m2,m4,20
PF04307,m2,m5,14
PF04307,m2,poisson,26
PF04307,m2,GTR20,18
PF04307,m3,m4,4
PF04307,m3,m5,26
PF04307,m3,poisson,24
PF04307,m3,GTR20,20
PF04307,m4,m5,24
PF04307,m4,poisson,26
PF04307,m4,GTR20,18
PF04307,m5,poisson,26
PF04307,m5,GTR20,24
PF04307,poisson,GTR20,22
PF02984,m1,m2,112
PF02984,m1,m3,116
PF02984,m1,m4,120
PF02984,m1,m5,126
PF02984,m1,poisson,108
PF02984,m1,GTR20,96
PF02984,m2,m3,112
PF02984,m2,m4,106
PF02984,m2,m5,114
PF02984,m2,poisson,112
PF02984,m2,GTR20,110
PF02984,m3,m4,100
PF02984,m3,m5,116
PF02984,m3,poisson,116
PF02984,m3,GTR20,126
PF02984,m4,m5,98
PF02984,m4,poisson,116
PF02984,m4,GTR20,104
PF02984,m5,poisson,128
PF02984,m5,GTR20,106
PF02984,poisson,GTR20,68
PF04043,m1,m2,56
PF04043,m1,m3,50
PF04043,m1,m4,58
PF04043,m1,m5,80
PF04043,m1,poisson,90
PF04043,m1,GTR20,50
PF04043,m2,m3,70
PF04043,m2,m4,68
PF04043,m2,m5,94
PF04043,m2,poisson,100
PF04043,m2,GTR20,66
PF04043,m3,m4,70
PF04043,m3,m5,94
PF04043,m3,poisson,88
PF04043,m3,GTR20,44
PF04043,m4,m5,80
PF04043,m4,poisson,106
PF04043,m4,GTR20,68
PF04043,m5,poisson,96
PF04043,m5,GTR20,86
PF04043,poisson,GTR20,78
PF07228,m1,m2,106
PF07228,m1,m3,142
PF07228,m1,m4,148
PF07228,m1,m5,152
PF07228,m1,poisson,172
PF07228,m1,GTR20,142
PF07228,m2,m3,124
PF07228,m2,m4,120
PF07228,m2,m5,154
PF07228,m2,poisson,184
PF07228,m2,GTR20,158
PF07228,m3,m4,126
PF07228,m3,m5,170
PF07228,m3,poisson,194
PF07228,m3,GTR20,172
PF07228,m4,m5,146
PF07228,m4,poisson,188
PF07228,m4,GTR20,156
PF07228,m5,poisson,176
PF07228,m5,GTR20,160
PF07228,poisson,GTR20,160
PF00856,m1,m2,90
PF00856,m1,m3,72
PF00856,m1,m4,98
PF00856,m1,m5,106
PF00856,m1,poisson,88
PF00856,m1,GTR20,82
PF00856,m2,m3,80
PF00856,m2,m4,54
PF00856,m2,m5,102
PF00856,m2,poisson,104
PF00856,m2,GTR20,72
PF00856,m3,m4,74
PF00856,m3,m5,100
PF00856,m3,poisson,108
PF00856,m3,GTR20,86
PF00856,m4,m5,100
PF00856,m4,poisson,108
PF00856,m4,GTR20,74
PF00856,m5,poisson,110
PF00856,m5,GTR20,104
PF00856,poisson,GTR20,90
PF05239,m1,m2,84
PF05239,m1,m3,96
PF05239,m1,m4,104
PF05239,m1,m5,128
PF05239,m1,poisson,146
PF05239,m1,GTR20,78
PF05239,m2,m3,82
PF05239,m2,m4,86
PF05239,m2,m5,108
PF05239,m2,poisson,132
PF05239,m2,GTR20,74
PF05239,m3,m4,90
PF05239,m3,m5,118
PF05239,m3,poisson,146
PF05239,m3,GTR20,96
PF05239,m4,m5,98
PF05239,m4,poisson,148
PF05239,m4,GTR20,104
PF05239,m5,poisson,140
PF05239,m5,GTR20,118
PF05239,poisson,GTR20,126
PF07662,m1,m2,18
PF07662,m1,m3,22
PF07662,m1,m4,22
PF07662,m1,m5,30
PF07662,m1,poisson,32
PF07662,m1,GTR20,30
PF07662,m2,m3,24
PF07662,m2,m4,22
PF07662,m2,m5,26
PF07662,m2,poisson,34
PF07662,m2,GTR20,30
PF07662,m3,m4,16
PF07662,m3,m5,30
PF07662,m3,poisson,28
PF07662,m3,GTR20,26
PF07662,m4,m5,24
PF07662,m4,poisson,32
PF07662,m4,GTR20,22
PF07662,m5,poisson,34
PF07662,m5,GTR20,34
PF07662,poisson,GTR20,42
PF02225,m1,m2,82
PF02225,m1,m3,108
PF02225,m1,m4,108
PF02225,m1,m5,128
PF02225,m1,poisson,118
PF02225,m1,GTR20,72
PF02225,m2,m3,82
PF02225,m2,m4,98
PF02225,m2,m5,122
PF02225,m2,poisson,128
PF02225,m2,GTR20,74
PF02225,m3,m4,92
PF02225,m3,m5,130
PF02225,m3,poisson,142
PF02225,m3,GTR20,92
PF02225,m4,m5,132
PF02225,m4,poisson,140
PF02225,m4,GTR20,106
PF02225,m5,poisson,152
PF02225,m5,GTR20,124
PF02225,poisson,GTR20,130
PF07686,m1,m2,92
PF07686,m1,m3,86
PF07686,m1,m4,118
PF07686,m1,m5,118
PF07686,m1,poisson,98
PF07686,m1,GTR20,82
PF07686,m2,m3,82
PF07686,m2,m4,112
PF07686,m2,m5,120
PF07686,m2,poisson,104
PF07686,m2,GTR20,90
PF07686,m3,m4,114
PF07686,m3,m5,124
PF07686,m3,poisson,108
PF07686,m3,GTR20,86
PF07686,m4,m5,138
PF07686,m4,poisson,130
PF07686,m4,GTR20,106
PF07686,m5,poisson,120
PF07686,m5,GTR20,120
PF07686,poisson,GTR20,106
PF04385,m1,m2,48
PF04385,m1,m3,60
PF04385,m1,m4,56
PF04385,m1,m5,84
PF04385,m1,poisson,60
PF04385,m1,GTR20,90
PF04385,m2,m3,48
PF04385,m2,m4,40
PF04385,m2,m5,80
PF04385,m2,poisson,72
PF04385,m2,GTR20,78
PF04385,m3,m4,44
PF04385,m3,m5,82
PF04385,m3,poisson,80
PF04385,m3,GTR20,80
PF04385,m4,m5,62
PF04385,m4,poisson,80
PF04385,m4,GTR20,74
PF04385,m5,poisson,92
PF04385,m5,GTR20,86
PF04385,poisson,GTR20,92
PF01523,m1,m2,14
PF01523,m1,m3,20
PF01523,m1,m4,10
PF01523,m1,m5,20
PF01523,m1,poisson,14
PF01523,m1,GTR20,14
PF01523,m2,m3,24
PF01523,m2,m4,14
PF01523,m2,m5,16
PF01523,m2,poisson,16
PF01523,m2,GTR20,12
PF01523,m3,m4,14
PF01523,m3,m5,24
PF01523,m3,poisson,28
PF01523,m3,GTR20,20
PF01523,m4,m5,18
PF01523,m4,poisson,20
PF01523,m4,GTR20,14
PF01523,m5,poisson,22
PF01523,m5,GTR20,18
PF01523,poisson,GTR20,20
PF03610,m1,m2,6
PF03610,m1,m3,8
PF03610,m1,m4,12
PF03610,m1,m5,16
PF03610,m1,poisson,30
PF03610,m1,GTR20,4
PF03610,m2,m3,6
PF03610,m2,m4,18
PF03610,m2,m5,18
PF03610,m2,poisson,30
PF03610,m2,GTR20,6
PF03610,m3,m4,20
PF03610,m3,m5,20
PF03610,m3,poisson,32
PF03610,m3,GTR20,8
PF03610,m4,m5,20
PF03610,m4,poisson,32
PF03610,m4,GTR20,14
PF03610,m5,poisson,36
PF03610,m5,GTR20,20
PF03610,poisson,GTR20,30
PF01909,m1,m2,136
PF01909,m1,m3,130
PF01909,m1,m4,142
PF01909,m1,m5,160
PF01909,m1,poisson,156
PF01909,m1,GTR20,128
PF01909,m2,m3,132
PF01909,m2,m4,142
PF01909,m2,m5,152
PF01909,m2,poisson,148
PF01909,m2,GTR20,136
PF01909,m3,m4,116
PF01909,m3,m5,152
PF01909,m3,poisson,140
PF01909,m3,GTR20,116
PF01909,m4,m5,170
PF01909,m4,poisson,154
PF01909,m4,GTR20,136
PF01909,m5,poisson,156
PF01909,m5,GTR20,152
PF01909,poisson,GTR20,132
PF00622,m1,m2,42
PF00622,m1,m3,44
PF00622,m1,m4,54
PF00622,m1,m5,64
PF00622,m1,poisson,52
PF00622,m1,GTR20,36
PF00622,m2,m3,16
PF00622,m2,m4,40
PF00622,m2,m5,56
PF00622,m2,poisson,58
PF00622,m2,GTR20,24
PF00622,m3,m4,44
PF00622,m3,m5,54
PF00622,m3,poisson,56
PF00622,m3,GTR20,28
PF00622,m4,m5,50
PF00622,m4,poisson,64
PF00622,m4,GTR20,44
PF00622,m5,poisson,68
PF00622,m5,GTR20,48
PF00622,poisson,GTR20,54
PF01486,m1,m2,22
PF01486,m1,m3,20
PF01486,m1,m4,36
PF01486,m1,m5,26
PF01486,m1,poisson,38
PF01486,m1,GTR20,24
PF01486,m2,m3,22
PF01486,m2,m4,38
PF01486,m2,m5,34
PF01486,m2,poisson,46
PF01486,m2,GTR20,26
PF01486,m3,m4,32
PF01486,m3,m5,38
PF01486,m3,poisson,48
PF01486,m3,GTR20,26
PF01486,m4,m5,44
PF01486,m4,poisson,36
PF01486,m4,GTR20,38
PF01486,m5,poisson,38
PF01486,m5,GTR20,30
PF01486,poisson,GTR20,40
PF01814,m1,m2,258
PF01814,m1,m3,254
PF01814,m1,m4,326
PF01814,m1,m5,352
PF01814,m1,poisson,336
PF01814,m1,GTR20,292
PF01814,m2,m3,310
PF01814,m2,m4,332
PF01814,m2,m5,352
PF01814,m2,poisson,356
PF01814,m2,GTR20,300
PF01814,m3,m4,338
PF01814,m3,m5,346
PF01814,m3,poisson,340
PF01814,m3,GTR20,320
PF01814,m4,m5,344
PF01814,m4,poisson,372
PF01814,m4,GTR20,316
PF01814,m5,poisson,374
PF01814,m5,GTR20,356
PF01814,poisson,GTR20,344
PF03364,m1,m2,72
PF03364,m1,m3,52
PF03364,m1,m4,68
PF03364,m1,m5,88
PF03364,m1,poisson,76
PF03364,m1,GTR20,44
PF03364,m2,m3,70
PF03364,m2,m4,82
PF03364,m2,m5,98
PF03364,m2,poisson,92
PF03364,m2,GTR20,64
PF03364,m3,m4,70
PF03364,m3,m5,80
PF03364,m3,poisson,62
PF03364,m3,GTR20,38
PF03364,m4,m5,94
PF03364,m4,poisson,96
PF03364,m4,GTR20,72
PF03364,m5,poisson,88
PF03364,m5,GTR20,84
PF03364,poisson,GTR20,60
PF00787,m1,m2,48
PF00787,m1,m3,54
PF00787,m1,m4,58
PF00787,m1,m5,68
PF00787,m1,poisson,62
PF00787,m1,GTR20,50
PF00787,m2,m3,58
PF00787,m2,m4,70
PF00787,m2,m5,68
PF00787,m2,poisson,74
PF00787,m2,GTR20,60
PF00787,m3,m4,56
PF00787,m3,m5,70
PF00787,m3,poisson,62
PF00787,m3,GTR20,64
PF00787,m4,m5,68
PF00787,m4,poisson,62
PF00787,m4,GTR20,58
PF00787,m5,poisson,70
PF00787,m5,GTR20,60
PF00787,poisson,GTR20,64
PF02826,m1,m2,196
PF02826,m1,m3,216
PF02826,m1,m4,178
PF02826,m1,m5,222
PF02826,m1,poisson,218
PF02826,m1,GTR20,198
PF02826,m2,m3,222
PF02826,m2,m4,222
PF02826,m2,m5,238
PF02826,m2,poisson,222
PF02826,m2,GTR20,198
PF02826,m3,m4,214
PF02826,m3,m5,246
PF02826,m3,poisson,246
PF02826,m3,GTR20,226
PF02826,m4,m5,234
PF02826,m4,poisson,220
PF02826,m4,GTR20,218
PF02826,m5,poisson,258
PF02826,m5,GTR20,236
PF02826,poisson,GTR20,200
PF03065,m1,m2,6
PF03065,m1,m3,0
PF03065,m1,m4,4
PF03065,m1,m5,8
PF03065,m1,poisson,6
PF03065,m1,GTR20,10
PF03065,m2,m3,6
PF03065,m2,m4,10
PF03065,m2,m5,8
PF03065,m2,poisson,8
PF03065,m2,GTR20,4
PF03065,m3,m4,4
PF03065,m3,m5,8
PF03065,m3,poisson,6
PF03065,m3,GTR20,10
PF03065,m4,m5,10
PF03065,m4,poisson,8
PF03065,m4,GTR20,12
PF03065,m5,poisson,6
PF03065,m5,GTR20,4
PF03065,poisson,GTR20,4
PF00665,m1,m2,110
PF00665,m1,m3,146
PF00665,m1,m4,188
PF00665,m1,m5,212
PF00665,m1,poisson,180
PF00665,m1,GTR20,150
PF00665,m2,m3,132
PF00665,m2,m4,184
PF00665,m2,m5,186
PF00665,m2,poisson,188
PF00665,m2,GTR20,100
PF00665,m3,m4,148
PF00665,m3,m5,200
PF00665,m3,poisson,212
PF00665,m3,GTR20,132
PF00665,m4,m5,210
PF00665,m4,poisson,228
PF00665,m4,GTR20,194
PF00665,m5,poisson,218
PF00665,m5,GTR20,198
PF00665,poisson,GTR20,188
PF06458,m1,m2,122
PF06458,m1,m3,154
PF06458,m1,m4,126
PF06458,m1,m5,166
PF06458,m1,poisson,164
PF06458,m1,GTR20,130
PF06458,m2,m3,150
PF06458,m2,m4,152
PF06458,m2,m5,166
PF06458,m2,poisson,172
PF06458,m2,GTR20,134
PF06458,m3,m4,156
PF06458,m3,m5,172
PF06458,m3,poisson,176
PF06458,m3,GTR20,142
PF06458,m4,m5,146
PF06458,m4,poisson,172
PF06458,m4,GTR20,144
PF06458,m5,poisson,188
PF06458,m5,GTR20,170
PF06458,poisson,GTR20,164
PF01521,m1,m2,14
PF01521,m1,m3,18
PF01521,m1,m4,20
PF01521,m1,m5,20
PF01521,m1,poisson,24
PF01521,m1,GTR20,24
PF01521,m2,m3,18
PF01521,m2,m4,16
PF01521,m2,m5,24
PF01521,m2,poisson,26
PF01521,m2,GTR20,28
PF01521,m3,m4,22
PF01521,m3,m5,22
PF01521,m3,poisson,28
PF01521,m3,GTR20,22
PF01521,m4,m5,24
PF01521,m4,poisson,26
PF01521,m4,GTR20,28
PF01521,m5,poisson,26
PF01521,m5,GTR20,26
PF01521,poisson,GTR20,26
PF00479,m1,m2,52
PF00479,m1,m3,58
PF00479,m1,m4,70
PF00479,m1,m5,78
PF00479,m1,poisson,88
PF00479,m1,GTR20,66
PF00479,m2,m3,68
PF00479,m2,m4,64
PF00479,m2,m5,92
PF00479,m2,poisson,88
PF00479,m2,GTR20,76
PF00479,m3,m4,62
PF00479,m3,m5,84
PF00479,m3,poisson,84
PF00479,m3,GTR20,76
PF00479,m4,m5,86
PF00479,m4,poisson,96
PF00479,m4,GTR20,68
PF00479,m5,poisson,92
PF00479,m5,GTR20,82
PF00479,poisson,GTR20,82
PF07992,m1,m2,100
PF07992,m1,m3,102
PF07992,m1,m4,144
PF07992,m1,m5,170
PF07992,m1,poisson,136
PF07992,m1,GTR20,110
PF07992,m2,m3,102
PF07992,m2,m4,128
PF07992,m2,m5,166
PF07992,m2,poisson,140
PF07992,m2,GTR20,102
PF07992,m3,m4,98
PF07992,m3,m5,168
PF07992,m3,poisson,148
PF07992,m3,GTR20,116
PF07992,m4,m5,176
PF07992,m4,poisson,152
PF07992,m4,GTR20,122
PF07992,m5,poisson,186
PF07992,m5,GTR20,170
PF07992,poisson,GTR20,150
PF00188,m1,m2,262
PF00188,m1,m3,236
PF00188,m1,m4,266
PF00188,m1,m5,286
PF00188,m1,poisson,316
PF00188,m1,GTR20,260
PF00188,m2,m3,298
PF00188,m2,m4,296
PF00188,m2,m5,318
PF00188,m2,poisson,346
PF00188,m2,GTR20,302
PF00188,m3,m4,284
PF00188,m3,m5,284
PF00188,m3,poisson,336
PF00188,m3,GTR20,288
PF00188,m4,m5,320
PF00188,m4,poisson,346
PF00188,m4,GTR20,298
PF00188,m5,poisson,368
PF00188,m5,GTR20,282
PF00188,poisson,GTR20,344
PF00912,m1,m2,44
PF00912,m1,m3,56
PF00912,m1,m4,72
PF00912,m1,m5,86
PF00912,m1,poisson,88
PF00912,m1,GTR20,44
PF00912,m2,m3,68
PF00912,m2,m4,62
PF00912,m2,m5,90
PF00912,m2,poisson,78
PF00912,m2,GTR20,52
PF00912,m3,m4,82
PF00912,m3,m5,88
PF00912,m3,poisson,94
PF00912,m3,GTR20,68
PF00912,m4,m5,88
PF00912,m4,poisson,74
PF00912,m4,GTR20,66
PF00912,m5,poisson,106
PF00912,m5,GTR20,86
PF00912,poisson,GTR20,80
PF03958,m1,m2,262
PF03958,m1,m3,256
PF03958,m1,m4,258
PF03958,m1,m5,318
PF03958,m1,poisson,284
PF03958,m1,GTR20,258
PF03958,m2,m3,234
PF03958,m2,m4,252
PF03958,m2,m5,318
PF03958,m2,poisson,282
PF03958,m2,GTR20,252
PF03958,m3,m4,246
PF03958,m3,m5,292
PF03958,m3,poisson,272
PF03958,m3,GTR20,250
PF03958,m4,m5,278
PF03958,m4,poisson,286
PF03958,m4,GTR20,240
PF03958,m5,poisson,312
PF03958,m5,GTR20,280
PF03958,poisson,GTR20,270
PF07738,m1,m2,20
PF07738,m1,m3,16
PF07738,m1,m4,24
PF07738,m1,m5,32
PF07738,m1,poisson,32
PF07738,m1,GTR20,28
PF07738,m2,m3,24
PF07738,m2,m4,30
PF07738,m2,m5,34
PF07738,m2,poisson,34
PF07738,m2,GTR20,28
PF07738,m3,m4,12
PF07738,m3,m5,24
PF07738,m3,poisson,30
PF07738,m3,GTR20,14
PF07738,m4,m5,22
PF07738,m4,poisson,32
PF07738,m4,GTR20,20
PF07738,m5,poisson,30
PF07738,m5,GTR20,22
PF07738,poisson,GTR20,28
PF03793,m1,m2,226
PF03793,m1,m3,266
PF03793,m1,m4,308
PF03793,m1,m5,316
PF03793,m1,poisson,300
PF03793,m1,GTR20,284
PF03793,m2,m3,280
PF03793,m2,m4,312
PF03793,m2,m5,322
PF03793,m2,poisson,312
PF03793,m2,GTR20,274
PF03793,m3,m4,288
PF03793,m3,m5,306
PF03793,m3,poisson,314
PF03793,m3,GTR20,290
PF03793,m4,m5,280
PF03793,m4,poisson,338
PF03793,m4,GTR20,314
PF03793,m5,poisson,334
PF03793,m5,GTR20,318
PF03793,poisson,GTR20,312
PF00254,m1,m2,172
PF00254,m1,m3,190
PF00254,m1,m4,172
PF00254,m1,m5,182
PF00254,m1,poisson,190
PF00254,m1,GTR20,174
PF00254,m2,m3,170
PF00254,m2,m4,182
PF00254,m2,m5,214
PF00254,m2,poisson,182
PF00254,m2,GTR20,160
PF00254,m3,m4,200
PF00254,m3,m5,194
PF00254,m3,poisson,196
PF00254,m3,GTR20,170
PF00254,m4,m5,184
PF00254,m4,poisson,184
PF00254,m4,GTR20,190
PF00254,m5,poisson,202
PF00254,m5,GTR20,186
PF00254,poisson,GTR20,178
PF00579,m1,m2,0
PF00579,m1,m3,4
PF00579,m1,m4,10
PF00579,m1,m5,12
PF00579,m1,poisson,6
PF00579,m1,GTR20,6
PF00579,m2,m3,4
PF00579,m2,m4,10
PF00579,m2,m5,12
PF00579,m2,poisson,6
PF00579,m2,GTR20,6
PF00579,m3,m4,14
PF00579,m3,m5,14
PF00579,m3,poisson,8
PF00579,m3,GTR20,10
PF00579,m4,m5,10
PF00579,m4,poisson,8
PF00579,m4,GTR20,8
PF00579,m5,poisson,8
PF00579,m5,GTR20,12
PF00579,poisson,GTR20,4
PF04776,m1,m2,14
PF04776,m1,m3,8
PF04776,m1,m4,22
PF04776,m1,m5,18
PF04776,m1,poisson,10
PF04776,m1,GTR20,20
PF04776,m2,m3,20
PF04776,m2,m4,16
PF04776,m2,m5,10
PF04776,m2,poisson,20
PF04776,m2,GTR20,14
PF04776,m3,m4,24
PF04776,m3,m5,16
PF04776,m3,poisson,14
PF04776,m3,GTR20,24
PF04776,m4,m5,18
PF04776,m4,poisson,24
PF04776,m4,GTR20,6
PF04776,m5,poisson,16
PF04776,m5,GTR20,18
PF04776,poisson,GTR20,24
PF01155,m1,m2,8
PF01155,m1,m3,8
PF01155,m1,m4,16
PF01155,m1,m5,18
PF01155,m1,poisson,8
PF01155,m1,GTR20,10
PF01155,m2,m3,12
PF01155,m2,m4,22
PF01155,m2,m5,24
PF01155,m2,poisson,16
PF01155,m2,GTR20,18
PF01155,m3,m4,20
PF01155,m3,m5,22
PF01155,m3,poisson,16
PF01155,m3,GTR20,16
PF01155,m4,m5,14
PF01155,m4,poisson,16
PF01155,m4,GTR20,18
PF01155,m5,poisson,16
PF01155,m5,GTR20,18
PF01155,poisson,GTR20,6
PF00953,m1,m2,10
PF00953,m1,m3,14
PF00953,m1,m4,8
PF00953,m1,m5,18
PF00953,m1,poisson,14
PF00953,m1,GTR20,10
PF00953,m2,m3,12
PF00953,m2,m4,6
PF00953,m2,m5,12
PF00953,m2,poisson,8
PF00953,m2,GTR20,8
PF00953,m3,m4,6
PF00953,m3,m5,4
PF00953,m3,poisson,12
PF00953,m3,GTR20,18
PF00953,m4,m5,10
PF00953,m4,poisson,8
PF00953,m4,GTR20,12
PF00953,m5,poisson,14
PF00953,m5,GTR20,18
PF00953,poisson,GTR20,10
PF00916,m1,m2,4
PF00916,m1,m3,14
PF00916,m1,m4,12
PF00916,m1,m5,14
PF00916,m1,poisson,18
PF00916,m1,GTR20,14
PF00916,m2,m3,16
PF00916,m2,m4,14
PF00916,m2,m5,12
PF00916,m2,poisson,18
PF00916,m2,GTR20,16
PF00916,m3,m4,10
PF00916,m3,m5,10
PF00916,m3,poisson,10
PF00916,m3,GTR20,2
PF00916,m4,m5,12
PF00916,m4,poisson,10
PF00916,m4,GTR20,10
PF00916,m5,poisson,16
PF00916,m5,GTR20,10
PF00916,poisson,GTR20,12
PF01678,m1,m2,14
PF01678,m1,m3,14
PF01678,m1,m4,8
PF01678,m1,m5,18
PF01678,m1,poisson,18
PF01678,m1,GTR20,20
PF01678,m2,m3,2
PF01678,m2,m4,14
PF01678,m2,m5,8
PF01678,m2,poisson,14
PF01678,m2,GTR20,10
PF01678,m3,m4,14
PF01678,m3,m5,10
PF01678,m3,poisson,14
PF01678,m3,GTR20,12
PF01678,m4,m5,14
PF01678,m4,poisson,18
PF01678,m4,GTR20,16
PF01678,m5,poisson,20
PF01678,m5,GTR20,14
PF01678,poisson,GTR20,10
PF01464,m1,m2,6
PF01464,m1,m3,32
PF01464,m1,m4,34
PF01464,m1,m5,26
PF01464,m1,poisson,32
PF01464,m1,GTR20,20
PF01464,m2,m3,28
PF01464,m2,m4,30
PF01464,m2,m5,26
PF01464,m2,poisson,34
PF01464,m2,GTR20,16
PF01464,m3,m4,8
PF01464,m3,m5,32
PF01464,m3,poisson,36
PF01464,m3,GTR20,22
PF01464,m4,m5,30
PF01464,m4,poisson,38
PF01464,m4,GTR20,28
PF01464,m5,poisson,38
PF01464,m5,GTR20,34
PF01464,poisson,GTR20,26
PF03797,m1,m2,102
PF03797,m1,m3,132
PF03797,m1,m4,128
PF03797,m1,m5,138
PF03797,m1,poisson,176
PF03797,m1,GTR20,118
PF03797,m2,m3,122
PF03797,m2,m4,124
PF03797,m2,m5,124
PF03797,m2,poisson,162
PF03797,m2,GTR20,94
PF03797,m3,m4,138
PF03797,m3,m5,146
PF03797,m3,poisson,178
PF03797,m3,GTR20,128
PF03797,m4,m5,118
PF03797,m4,poisson,174
PF03797,m4,GTR20,128
PF03797,m5,poisson,170
PF03797,m5,GTR20,130
PF03797,poisson,GTR20,164
PF00389,m1,m2,138
PF00389,m1,m3,134
PF00389,m1,m4,182
PF00389,m1,m5,170
PF00389,m1,poisson,164
PF00389,m1,GTR20,146
PF00389,m2,m3,144
PF00389,m2,m4,188
PF00389,m2,m5,172
PF00389,m2,poisson,172
PF00389,m2,GTR20,160
PF00389,m3,m4,156
PF00389,m3,m5,166
PF00389,m3,poisson,144
PF00389,m3,GTR20,148
PF00389,m4,m5,174
PF00389,m4,poisson,164
PF00389,m4,GTR20,168
PF00389,m5,poisson,166
PF00389,m5,GTR20,154
PF00389,poisson,GTR20,136
PF00168,m1,m2,374
PF00168,m1,m3,346
PF00168,m1,m4,362
PF00168,m1,m5,440
PF00168,m1,poisson,446
PF00168,m1,GTR20,348
PF00168,m2,m3,384
PF00168,m2,m4,388
PF00168,m2,m5,456
PF00168,m2,poisson,442
PF00168,m2,GTR20,394
PF00168,m3,m4,352
PF00168,m3,m5,418
PF00168,m3,poisson,446
PF00168,m3,GTR20,338
PF00168,m4,m5,424
PF00168,m4,poisson,444
PF00168,m4,GTR20,378
PF00168,m5,poisson,450
PF00168,m5,GTR20,424
PF00168,poisson,GTR20,422
PF00501,m1,m2,260
PF00501,m1,m3,304
PF00501,m1,m4,308
PF00501,m1,m5,346
PF00501,m1,poisson,322
PF00501,m1,GTR20,264
PF00501,m2,m3,304
PF00501,m2,m4,314
PF00501,m2,m5,342
PF00501,m2,poisson,354
PF00501,m2,GTR20,288
PF00501,m3,m4,324
PF00501,m3,m5,322
PF00501,m3,poisson,366
PF00501,m3,GTR20,258
PF00501,m4,m5,344
PF00501,m4,poisson,366
PF00501,m4,GTR20,306
PF00501,m5,poisson,368
PF00501,m5,GTR20,326
PF00501,poisson,GTR20,364
PF00208,m1,m2,60
PF00208,m1,m3,76
PF00208,m1,m4,82
PF00208,m1,m5,96
PF00208,m1,poisson,100
PF00208,m1,GTR20,72
PF00208,m2,m3,76
PF00208,m2,m4,88
PF00208,m2,m5,96
PF00208,m2,poisson,104
PF00208,m2,GTR20,64
PF00208,m3,m4,74
PF00208,m3,m5,82
PF00208,m3,poisson,86
PF00208,m3,GTR20,66
PF00208,m4,m5,70
PF00208,m4,poisson,104
PF00208,m4,GTR20,80
PF00208,m5,poisson,104
PF00208,m5,GTR20,80
PF00208,poisson,GTR20,86
PF00109,m1,m2,106
PF00109,m1,m3,124
PF00109,m1,m4,128
PF00109,m1,m5,114
PF00109,m1,poisson,126
PF00109,m1,GTR20,104
PF00109,m2,m3,136
PF00109,m2,m4,126
PF00109,m2,m5,138
PF00109,m2,poisson,152
PF00109,m2,GTR20,122
PF00109,m3,m4,92
PF00109,m3,m5,158
PF00109,m3,poisson,154
PF00109,m3,GTR20,132
PF00109,m4,m5,142
PF00109,m4,poisson,162
PF00109,m4,GTR20,124
PF00109,m5,poisson,136
PF00109,m5,GTR20,132
PF00109,poisson,GTR20,128
PF00977,m1,m2,116
PF00977,m1,m3,116
PF00977,m1,m4,142
PF00977,m1,m5,138
PF00977,m1,poisson,138
PF00977,m1,GTR20,96
PF00977,m2,m3,144
PF00977,m2,m4,118
PF00977,m2,m5,148
PF00977,m2,poisson,146
PF00977,m2,GTR20,104
PF00977,m3,m4,122
PF00977,m3,m5,134
PF00977,m3,poisson,134
PF00977,m3,GTR20,92
PF00977,m4,m5,118
PF00977,m4,poisson,150
PF00977,m4,GTR20,128
PF00977,m5,poisson,146
PF00977,m5,GTR20,134
PF00977,poisson,GTR20,128
PF00270,m1,m2,66
PF00270,m1,m3,136
PF00270,m1,m4,108
PF00270,m1,m5,200
PF00270,m1,poisson,170
PF00270,m1,GTR20,124
PF00270,m2,m3,138
PF00270,m2,m4,116
PF00270,m2,m5,196
PF00270,m2,poisson,166
PF00270,m2,GTR20,126
PF00270,m3,m4,142
PF00270,m3,m5,182
PF00270,m3,poisson,168
PF00270,m3,GTR20,102
PF00270,m4,m5,186
PF00270,m4,poisson,156
PF00270,m4,GTR20,130
PF00270,m5,poisson,198
PF00270,m5,GTR20,180
PF00270,poisson,GTR20,150
PF00328,m1,m2,30
PF00328,m1,m3,30
PF00328,m1,m4,48
PF00328,m1,m5,66
PF00328,m1,poisson,24
PF00328,m1,GTR20,20
PF00328,m2,m3,30
PF00328,m2,m4,46
PF00328,m2,m5,66
PF00328,m2,poisson,38
PF00328,m2,GTR20,30
PF00328,m3,m4,56
PF00328,m3,m5,64
PF00328,m3,poisson,38
PF00328,m3,GTR20,32
PF00328,m4,m5,44
PF00328,m4,poisson,56
PF00328,m4,GTR20,50
PF00328,m5,poisson,74
PF00328,m5,GTR20,58
PF00328,poisson,GTR20,30
PF03947,m1,m2,52
PF03947,m1,m3,66
PF03947,m1,m4,56
PF03947,m1,m5,64
PF03947,m1,poisson,68
PF03947,m1,GTR20,64
PF03947,m2,m3,60
PF03947,m2,m4,42
PF03947,m2,m5,56
PF03947,m2,poisson,78
PF03947,m2,GTR20,58
PF03947,m3,m4,56
PF03947,m3,m5,68
PF03947,m3,poisson,78
PF03947,m3,GTR20,54
PF03947,m4,m5,50
PF03947,m4,poisson,76
PF03947,m4,GTR20,64
PF03947,m5,poisson,78
PF03947,m5,GTR20,68
PF03947,poisson,GTR20,78
PF00237,m1,m2,6
PF00237,m1,m3,2
PF00237,m1,m4,10
PF00237,m1,m5,12
PF00237,m1,poisson,10
PF00237,m1,GTR20,6
PF00237,m2,m3,8
PF00237,m2,m4,4
PF00237,m2,m5,10
PF00237,m2,poisson,6
PF00237,m2,GTR20,8
PF00237,m3,m4,10
PF00237,m3,m5,10
PF00237,m3,poisson,8
PF00237,m3,GTR20,4
PF00237,m4,m5,8
PF00237,m4,poisson,4
PF00237,m4,GTR20,6
PF00237,m5,poisson,6
PF00237,m5,GTR20,6
PF00237,poisson,GTR20,4
PF06426,m1,m2,6
PF06426,m1,m3,4
PF06426,m1,m4,4
PF06426,m1,m5,18
PF06426,m1,poisson,20
PF06426,m1,GTR20,8
PF06426,m2,m3,8
PF06426,m2,m4,8
PF06426,m2,m5,14
PF06426,m2,poisson,22
PF06426,m2,GTR20,12
PF06426,m3,m4,0
PF06426,m3,m5,16
PF06426,m3,poisson,22
PF06426,m3,GTR20,10
PF06426,m4,m5,16
PF06426,m4,poisson,22
PF06426,m4,GTR20,10
PF06426,m5,poisson,22
PF06426,m5,GTR20,18
PF06426,poisson,GTR20,20
PF00173,m1,m2,122
PF00173,m1,m3,140
PF00173,m1,m4,142
PF00173,m1,m5,184
PF00173,m1,poisson,158
PF00173,m1,GTR20,124
PF00173,m2,m3,156
PF00173,m2,m4,158
PF00173,m2,m5,176
PF00173,m2,poisson,160
PF00173,m2,GTR20,152
PF00173,m3,m4,128
PF00173,m3,m5,164
PF00173,m3,poisson,186
PF00173,m3,GTR20,156
PF00173,m4,m5,170
PF00173,m4,poisson,172
PF00173,m4,GTR20,136
PF00173,m5,poisson,208
PF00173,m5,GTR20,172
PF00173,poisson,GTR20,152
PF02470,m1,m2,88
PF02470,m1,m3,112
PF02470,m1,m4,116
PF02470,m1,m5,134
PF02470,m1,poisson,140
PF02470,m1,GTR20,118
PF02470,m2,m3,106
PF02470,m2,m4,110
PF02470,m2,m5,126
PF02470,m2,poisson,148
PF02470,m2,GTR20,100
PF02470,m3,m4,88
PF02470,m3,m5,132
PF02470,m3,poisson,158
PF02470,m3,GTR20,110
PF02470,m4,m5,122
PF02470,m4,poisson,164
PF02470,m4,GTR20,122
PF02470,m5,poisson,154
PF02470,m5,GTR20,116
PF02470,poisson,GTR20,148
PF03734,m1,m2,24
PF03734,m1,m3,10
PF03734,m1,m4,12
PF03734,m1,m5,22
PF03734,m1,poisson,26
PF03734,m1,GTR20,20
PF03734,m2,m3,20
PF03734,m2,m4,20
PF03734,m2,m5,20
PF03734,m2,poisson,24
PF03734,m2,GTR20,14
PF03734,m3,m4,22
PF03734,m3,m5,18
PF03734,m3,poisson,24
PF03734,m3,GTR20,24
PF03734,m4,m5,20
PF03734,m4,poisson,24
PF03734,m4,GTR20,20
PF03734,m5,poisson,30
PF03734,m5,GTR20,26
PF03734,poisson,GTR20,22
PF02734,m1,m2,26
PF02734,m1,m3,40
PF02734,m1,m4,50
PF02734,m1,m5,56
PF02734,m1,poisson,30
PF02734,m1,GTR20,34
PF02734,m2,m3,40
PF02734,m2,m4,48
PF02734,m2,m5,56
PF02734,m2,poisson,42
PF02734,m2,GTR20,38
PF02734,m3,m4,36
PF02734,m3,m5,54
PF02734,m3,poisson,42
PF02734,m3,GTR20,28
PF02734,m4,m5,54
PF02734,m4,poisson,60
PF02734,m4,GTR20,48
PF02734,m5,poisson,68
PF02734,m5,GTR20,46
PF02734,poisson,GTR20,38
PF03061,m1,m2,88
PF03061,m1,m3,96
PF03061,m1,m4,138
PF03061,m1,m5,150
PF03061,m1,poisson,146
PF03061,m1,GTR20,116
PF03061,m2,m3,134
PF03061,m2,m4,148
PF03061,m2,m5,130
PF03061,m2,poisson,134
PF03061,m2,GTR20,98
PF03061,m3,m4,156
PF03061,m3,m5,164
PF03061,m3,poisson,162
PF03061,m3,GTR20,152
PF03061,m4,m5,150
PF03061,m4,poisson,184
PF03061,m4,GTR20,166
PF03061,m5,poisson,174
PF03061,m5,GTR20,160
PF03061,poisson,GTR20,144
PF06969,m1,m2,46
PF06969,m1,m3,68
PF06969,m1,m4,98
PF06969,m1,m5,94
PF06969,m1,poisson,98
PF06969,m1,GTR20,82
PF06969,m2,m3,78
PF06969,m2,m4,96
PF06969,m2,m5,90
PF06969,m2,poisson,100
PF06969,m2,GTR20,92
PF06969,m3,m4,88
PF06969,m3,m5,100
PF06969,m3,poisson,96
PF06969,m3,GTR20,80
PF06969,m4,m5,96
PF06969,m4,poisson,106
PF06969,m4,GTR20,74
PF06969,m5,poisson,114
PF06969,m5,GTR20,100
PF06969,poisson,GTR20,96
PF00482,m1,m2,230
PF00482,m1,m3,252
PF00482,m1,m4,280
PF00482,m1,m5,362
PF00482,m1,poisson,380
PF00482,m1,GTR20,252
PF00482,m2,m3,256
PF00482,m2,m4,268
PF00482,m2,m5,374
PF00482,m2,poisson,378
PF00482,m2,GTR20,264
PF00482,m3,m4,252
PF00482,m3,m5,330
PF00482,m3,poisson,356
PF00482,m3,GTR20,252
PF00482,m4,m5,346
PF00482,m4,poisson,346
PF00482,m4,GTR20,276
PF00482,m5,poisson,396
PF00482,m5,GTR20,362
PF00482,poisson,GTR20,350
PF01546,m1,m2,204
PF01546,m1,m3,226
PF01546,m1,m4,244
PF01546,m1,m5,302
PF01546,m1,poisson,314
PF01546,m1,GTR20,228
PF01546,m2,m3,232
PF01546,m2,m4,280
PF01546,m2,m5,290
PF01546,m2,poisson,326
PF01546,m2,GTR20,268
PF01546,m3,m4,244
PF01546,m3,m5,316
PF01546,m3,poisson,322
PF01546,m3,GTR20,276
PF01546,m4,m5,310
PF01546,m4,poisson,324
PF01546,m4,GTR20,232
PF01546,m5,poisson,346
PF01546,m5,GTR20,302
PF01546,poisson,GTR20,290
PF01602,m1,m2,4
PF01602,m1,m3,4
PF01602,m1,m4,4
PF01602,m1,m5,8
PF01602,m1,poisson,8
PF01602,m1,GTR20,4
PF01602,m2,m3,0
PF01602,m2,m4,0
PF01602,m2,m5,4
PF01602,m2,poisson,4
PF01602,m2,GTR20,4
PF01602,m3,m4,0
PF01602,m3,m5,4
PF01602,m3,poisson,4
PF01602,m3,GTR20,4
PF01602,m4,m5,4
PF01602,m4,poisson,4
PF01602,m4,GTR20,4
PF01602,m5,poisson,8
PF01602,m5,GTR20,4
PF01602,poisson,GTR20,8
PF00112,m1,m2,48
PF00112,m1,m3,72
PF00112,m1,m4,66
PF00112,m1,m5,106
PF00112,m1,poisson,94
PF00112,m1,GTR20,72
PF00112,m2,m3,56
PF00112,m2,m4,62
PF00112,m2,m5,94
PF00112,m2,poisson,96
PF00112,m2,GTR20,70
PF00112,m3,m4,82
PF00112,m3,m5,106
PF00112,m3,poisson,102
PF00112,m3,GTR20,100
PF00112,m4,m5,72
PF00112,m4,poisson,108
PF00112,m4,GTR20,56
PF00112,m5,poisson,114
PF00112,m5,GTR20,86
PF00112,poisson,GTR20,110
PF07703,m1,m2,30
PF07703,m1,m3,16
PF07703,m1,m4,24
PF07703,m1,m5,36
PF07703,m1,poisson,34
PF07703,m1,GTR20,12
PF07703,m2,m3,32
PF07703,m2,m4,34
PF07703,m2,m5,46
PF07703,m2,poisson,36
PF07703,m2,GTR20,36
PF07703,m3,m4,16
PF07703,m3,m5,30
PF07703,m3,poisson,32
PF07703,m3,GTR20,18
PF07703,m4,m5,20
PF07703,m4,poisson,34
PF07703,m4,GTR20,20
PF07703,m5,poisson,36
PF07703,m5,GTR20,30
PF07703,poisson,GTR20,34
PF03710,m1,m2,2
PF03710,m1,m3,4
PF03710,m1,m4,2
PF03710,m1,m5,10
PF03710,m1,poisson,4
PF03710,m1,GTR20,0
PF03710,m2,m3,2
PF03710,m2,m4,0
PF03710,m2,m5,8
PF03710,m2,poisson,2
PF03710,m2,GTR20,2
PF03710,m3,m4,2
PF03710,m3,m5,6
PF03710,m3,poisson,4
PF03710,m3,GTR20,4
PF03710,m4,m5,8
PF03710,m4,poisson,2
PF03710,m4,GTR20,2
PF03710,m5,poisson,8
PF03710,m5,GTR20,10
PF03710,poisson,GTR20,4